0 FILE bl_2514.dat
0 MINI HAT, NO. 184
0 Name:  bl_2514.dat
0 Author:  
0 BFC CERTIFY CCW
3 16 5.413 -19.252 4.774 3.125 -19.252 7.061 5.413 -13.502 4.774 0.061476 0.847811 0.061476 0.820069 0.110781 0.847810
3 16 3.125 -19.252 7.061 3.125 -13.502 7.061 5.413 -13.502 4.774 0.061476 0.820069 0.110781 0.820068 0.110781 0.847810
3 16 0.000 -19.252 7.899 0.000 -13.502 7.899 3.125 -19.252 7.061 0.061475 0.792327 0.110781 0.792326 0.061476 0.820069
3 16 0.000 -13.502 7.899 3.125 -13.502 7.061 3.125 -19.252 7.061 0.110781 0.792326 0.110781 0.820068 0.061476 0.820069
3 16 -3.125 -19.252 7.061 -3.125 -13.502 7.061 0.000 -19.252 7.899 0.222155 0.844316 0.222158 0.794345 0.250271 0.844318
3 16 -3.125 -13.502 7.061 0.000 -13.502 7.899 0.000 -19.252 7.899 0.222158 0.794345 0.250274 0.794347 0.250271 0.844318
3 16 -5.413 -19.252 4.774 -5.413 -13.502 4.774 -3.125 -19.252 7.061 0.194039 0.844314 0.194042 0.794344 0.222155 0.844316
3 16 -5.413 -13.502 4.774 -3.125 -13.502 7.061 -3.125 -19.252 7.061 0.194042 0.794344 0.222158 0.794345 0.222155 0.844316
3 16 -6.250 -19.252 1.649 -6.250 -13.502 1.649 -5.413 -19.252 4.774 0.518878 0.981035 0.518872 0.930896 0.547089 0.981031
3 16 -6.250 -13.502 1.649 -5.413 -13.502 4.774 -5.413 -19.252 4.774 0.518872 0.930896 0.547082 0.930892 0.547089 0.981031
3 16 -5.413 -19.252 -1.476 -5.413 -13.502 -1.476 -6.250 -19.252 1.649 0.490668 0.981038 0.490661 0.930900 0.518878 0.981035
3 16 -5.413 -13.502 -1.476 -6.250 -13.502 1.649 -6.250 -19.252 1.649 0.490661 0.930900 0.518872 0.930896 0.518878 0.981035
3 16 -3.125 -19.252 -3.764 -3.125 -13.502 -3.764 -5.413 -19.252 -1.476 0.462457 0.981042 0.462450 0.930903 0.490668 0.981038
3 16 -3.125 -13.502 -3.764 -5.413 -13.502 -1.476 -5.413 -19.252 -1.476 0.462450 0.930903 0.490661 0.930900 0.490668 0.981038
3 16 0.000 -19.252 -4.601 0.000 -13.502 -4.601 -3.125 -19.252 -3.764 0.434246 0.981046 0.434240 0.930907 0.462457 0.981042
3 16 0.000 -13.502 -4.601 -3.125 -13.502 -3.764 -3.125 -19.252 -3.764 0.434240 0.930907 0.462450 0.930903 0.462457 0.981042
3 16 3.125 -19.252 -3.764 3.125 -13.502 -3.764 0.000 -19.252 -4.601 0.406036 0.981050 0.406029 0.930911 0.434246 0.981046
3 16 3.125 -13.502 -3.764 0.000 -13.502 -4.601 0.000 -19.252 -4.601 0.406029 0.930911 0.434240 0.930907 0.434246 0.981046
3 16 5.413 -19.252 -1.476 5.413 -13.502 -1.476 3.125 -19.252 -3.764 0.377825 0.981054 0.377819 0.930915 0.406036 0.981050
3 16 5.413 -13.502 -1.476 3.125 -13.502 -3.764 3.125 -19.252 -3.764 0.377819 0.930915 0.406029 0.930911 0.406036 0.981050
3 16 6.250 -19.252 1.649 6.250 -13.502 1.649 5.413 -19.252 -1.476 0.349615 0.981057 0.349608 0.930918 0.377825 0.981054
3 16 6.250 -13.502 1.649 5.413 -13.502 -1.476 5.413 -19.252 -1.476 0.349608 0.930918 0.377819 0.930915 0.377825 0.981054
3 16 5.413 -19.252 4.774 5.413 -13.502 4.774 6.250 -19.252 1.649 0.321404 0.981061 0.321397 0.930922 0.349615 0.981057
3 16 5.413 -13.502 4.774 6.250 -13.502 1.649 6.250 -19.252 1.649 0.321397 0.930922 0.349608 0.930918 0.349615 0.981057
3 16 0.000 -19.252 1.649 3.125 -19.252 7.061 5.413 -19.252 4.774 0.789098 0.754495 0.841563 0.768563 0.827500 0.792911
3 16 0.000 -19.252 1.649 0.000 -19.252 7.899 3.125 -19.252 7.061 0.789098 0.754495 0.841568 0.740445 0.841563 0.768563
3 16 0.000 -19.252 1.649 -3.125 -19.252 7.061 0.000 -19.252 7.899 0.789098 0.754495 0.827513 0.716093 0.841568 0.740445
3 16 0.000 -19.252 1.649 -5.413 -19.252 4.774 -3.125 -19.252 7.061 0.789098 0.754495 0.803165 0.702030 0.827513 0.716093
3 16 0.000 -19.252 1.649 -6.250 -19.252 1.649 -5.413 -19.252 4.774 0.789098 0.754495 0.775048 0.702025 0.803165 0.702030
3 16 0.000 -19.252 1.649 -5.413 -19.252 -1.476 -6.250 -19.252 1.649 0.789098 0.754495 0.750696 0.716080 0.775048 0.702025
3 16 0.000 -19.252 1.649 -3.125 -19.252 -3.764 -5.413 -19.252 -1.476 0.789098 0.754495 0.736633 0.740428 0.750696 0.716080
3 16 0.000 -19.252 1.649 0.000 -19.252 -4.601 -3.125 -19.252 -3.764 0.789098 0.754495 0.736628 0.768545 0.736633 0.740428
3 16 0.000 -19.252 1.649 3.125 -19.252 -3.764 0.000 -19.252 -4.601 0.789098 0.754495 0.750683 0.792898 0.736628 0.768545
3 16 0.000 -19.252 1.649 5.413 -19.252 -1.476 3.125 -19.252 -3.764 0.789098 0.754495 0.775031 0.806960 0.750683 0.792898
3 16 0.000 -19.252 1.649 6.250 -19.252 1.649 5.413 -19.252 -1.476 0.789098 0.754495 0.803148 0.806965 0.775031 0.806960
3 16 0.000 -19.252 1.649 5.413 -19.252 4.774 6.250 -19.252 1.649 0.789098 0.754495 0.827500 0.792911 0.803148 0.806965
3 16 7.373 -13.054 5.905 5.413 -13.502 4.774 4.257 -13.052 9.021 0.952251 0.160158 0.938027 0.145947 0.971505 0.126802
3 16 5.413 -13.502 4.774 3.125 -13.502 7.061 4.257 -13.052 9.021 0.938027 0.145947 0.952077 0.121607 0.971505 0.126802
3 16 4.257 -13.052 9.021 3.125 -13.502 7.061 0.000 -13.051 10.162 0.971505 0.126802 0.952077 0.121607 0.971499 0.088289
3 16 3.125 -13.502 7.061 0.000 -13.502 7.899 0.000 -13.051 10.162 0.952077 0.121607 0.952075 0.093502 0.971499 0.088289
3 16 0.000 -13.051 10.162 0.000 -13.502 7.899 -4.257 -13.052 9.021 0.971499 0.088289 0.952075 0.093502 0.952236 0.054938
3 16 0.000 -13.502 7.899 -3.125 -13.502 7.061 -4.257 -13.052 9.021 0.952075 0.093502 0.938022 0.069164 0.952236 0.054938
3 16 -4.257 -13.052 9.021 -3.125 -13.502 7.061 -7.373 -13.052 5.905 0.952236 0.054938 0.938022 0.069164 0.918879 0.035686
3 16 -3.125 -13.502 7.061 -5.413 -13.502 4.774 -7.373 -13.052 5.905 0.938022 0.069164 0.913682 0.055113 0.918879 0.035686
3 16 -7.373 -13.052 5.905 -5.413 -13.502 4.774 -8.513 -13.054 1.649 0.918879 0.035686 0.913682 0.055113 0.880365 0.035695
3 16 -5.413 -13.502 4.774 -6.250 -13.502 1.649 -8.513 -13.054 1.649 0.913682 0.055113 0.885577 0.055114 0.880365 0.035695
3 16 -8.513 -13.054 1.649 -6.250 -13.502 1.649 -7.373 -13.054 -2.608 0.880365 0.035695 0.885577 0.055114 0.847014 0.054956
3 16 -6.250 -13.502 1.649 -5.413 -13.502 -1.476 -7.373 -13.054 -2.608 0.885577 0.055114 0.861238 0.069168 0.847014 0.054956
3 16 -7.373 -13.054 -2.608 -5.413 -13.502 -1.476 -4.257 -13.054 -5.724 0.847014 0.054956 0.861238 0.069168 0.827763 0.088312
3 16 -5.413 -13.502 -1.476 -3.125 -13.502 -3.764 -4.257 -13.054 -5.724 0.861238 0.069168 0.847187 0.093508 0.827763 0.088312
3 16 -4.257 -13.054 -5.724 -3.125 -13.502 -3.764 0.000 -13.054 -6.865 0.827763 0.088312 0.847187 0.093508 0.827770 0.126826
3 16 -3.125 -13.502 -3.764 0.000 -13.502 -4.601 0.000 -13.054 -6.865 0.847187 0.093508 0.847189 0.121613 0.827770 0.126826
3 16 0.000 -13.054 -6.865 0.000 -13.502 -4.601 4.257 -13.054 -5.724 0.827770 0.126826 0.847189 0.121613 0.847031 0.160176
3 16 0.000 -13.502 -4.601 3.125 -13.502 -3.764 4.257 -13.054 -5.724 0.847189 0.121613 0.861243 0.145952 0.847031 0.160176
3 16 4.257 -13.054 -5.724 3.125 -13.502 -3.764 7.373 -13.054 -2.608 0.847031 0.160176 0.861243 0.145952 0.880388 0.179427
3 16 3.125 -13.502 -3.764 5.413 -13.502 -1.476 7.373 -13.054 -2.608 0.861243 0.145952 0.885583 0.160003 0.880388 0.179427
3 16 7.373 -13.054 -2.608 5.413 -13.502 -1.476 8.513 -13.054 1.649 0.880388 0.179427 0.885583 0.160003 0.918901 0.179420
3 16 5.413 -13.502 -1.476 6.250 -13.502 1.649 8.513 -13.054 1.649 0.885583 0.160003 0.913688 0.160001 0.918901 0.179420
3 16 7.373 -13.054 5.905 8.513 -13.054 1.649 5.413 -13.502 4.774 0.952251 0.160158 0.918901 0.179420 0.938027 0.145947
3 16 8.513 -13.054 1.649 6.250 -13.502 1.649 5.413 -13.502 4.774 0.918901 0.179420 0.913688 0.160001 0.938027 0.145947
3 16 9.276 -1.884 10.848 9.229 -10.227 10.793 6.516 -0.983 12.984 0.094424 0.616786 0.133992 0.556936 0.117396 0.640132
3 16 9.229 -10.227 10.793 6.489 -10.159 12.886 6.516 -0.983 12.984 0.133992 0.556936 0.158357 0.572555 0.117396 0.640132
3 16 3.346 -0.607 14.253 3.376 -10.220 14.154 0.000 -0.454 14.688 0.142291 0.658026 0.183935 0.585499 0.167533 0.673498
3 16 3.376 -10.220 14.154 0.000 -10.158 14.649 0.000 -0.454 14.688 0.183935 0.585499 0.210192 0.598588 0.167533 0.673498
3 16 -3.346 -0.607 14.253 -3.376 -10.220 14.154 -6.516 -0.983 12.984 0.142271 0.015444 0.183918 0.087969 0.117376 0.033340
3 16 -3.376 -10.220 14.154 -6.488 -10.159 12.887 -6.516 -0.983 12.984 0.183918 0.087969 0.158344 0.100912 0.117376 0.033340
3 16 -9.276 -1.884 10.848 -9.229 -10.227 10.793 -11.296 -3.067 8.223 0.094405 0.056687 0.133976 0.116534 0.074919 0.082725
3 16 -9.229 -10.227 10.793 -11.221 -10.166 8.130 -11.296 -3.067 8.223 0.133976 0.116534 0.111128 0.132365 0.074919 0.082725
3 16 -3.329 -9.896 -11.385 -3.138 -13.071 -10.405 0.000 -10.080 -11.972 0.001159 0.305928 0.030193 0.309686 -0.000008 0.336740
3 16 -3.138 -13.071 -10.405 0.000 -12.999 -10.919 0.000 -10.080 -11.972 0.030193 0.309686 0.027307 0.336739 -0.000008 0.336740
3 16 3.329 -9.896 -11.385 3.138 -13.071 -10.405 6.802 -9.190 -9.978 0.001161 0.367552 0.030195 0.363792 0.002483 0.402512
3 16 3.138 -13.071 -10.405 6.365 -12.897 -9.160 6.802 -9.190 -9.978 0.030195 0.363792 0.034656 0.392935 0.002483 0.402512
3 16 -9.512 -8.303 -7.505 -9.122 -12.864 -7.029 -6.802 -9.190 -9.978 0.007626 0.236351 0.044272 0.252781 0.002477 0.270968
3 16 -9.122 -12.864 -7.029 -6.365 -12.897 -9.160 -6.802 -9.190 -9.978 0.044272 0.252781 0.034652 0.280542 0.002477 0.270968
3 16 9.512 -8.303 -7.505 9.122 -12.864 -7.029 11.256 -7.591 -4.858 0.007634 0.437129 0.044279 0.420696 0.015890 0.466624
3 16 9.122 -12.864 -7.029 11.024 -12.591 -4.635 11.256 -7.591 -4.858 0.044279 0.420696 0.053509 0.444590 0.015890 0.466624
3 16 -12.536 -4.408 5.595 -12.467 -11.031 4.970 -13.060 -6.057 2.133 0.060579 0.109181 0.094376 0.156211 0.046275 0.143176
3 16 -12.467 -11.031 4.970 -12.816 -11.835 1.452 -13.060 -6.057 2.133 0.094376 0.156211 0.078925 0.181925 0.046275 0.143176
3 16 11.296 -3.067 8.223 12.536 -4.408 5.595 11.221 -10.157 8.130 0.074937 0.590749 0.060596 0.564294 0.111096 0.541166
3 16 12.536 -4.408 5.595 12.467 -11.031 4.970 11.221 -10.157 8.130 0.060596 0.564294 0.094390 0.517262 0.111096 0.541166
3 16 -10.684 -1.841 12.013 -11.039 -4.111 13.150 -7.896 -0.966 14.197 0.143180 0.968766 0.142917 0.946405 0.174878 0.970131
3 16 -11.039 -4.111 13.150 -8.237 -3.802 15.584 -7.896 -0.966 14.197 0.142917 0.946405 0.175251 0.942453 0.174878 0.970131
3 16 10.684 -1.841 12.013 11.039 -4.111 13.150 12.615 -2.850 9.667 0.146820 0.888192 0.146565 0.910538 0.118995 0.888797
3 16 11.039 -4.111 13.150 13.122 -4.572 10.375 12.615 -2.850 9.667 0.146565 0.910538 0.116464 0.905405 0.118995 0.888797
3 16 -4.157 -0.517 15.833 -4.154 -3.561 17.280 0.000 -0.355 16.383 0.210562 0.971433 0.213935 0.942307 0.246873 0.974940
3 16 -4.154 -3.561 17.280 0.000 -3.564 17.852 0.000 -0.355 16.383 0.213935 0.942307 0.250389 0.944388 0.246873 0.974940
3 16 4.157 -0.517 15.833 4.154 -3.561 17.280 7.896 -0.966 14.197 0.214203 0.885503 0.217581 0.914629 0.178519 0.886812
3 16 4.154 -3.561 17.280 8.237 -3.802 15.584 7.896 -0.966 14.197 0.217581 0.914629 0.178897 0.914489 0.178519 0.886812
3 16 12.660 -6.661 -1.296 12.255 -12.277 -1.837 13.060 -6.057 2.133 0.029205 0.501487 0.064882 0.467433 0.046290 0.530300
3 16 12.255 -12.277 -1.837 12.816 -11.835 1.452 13.060 -6.057 2.133 0.064882 0.467433 0.078938 0.491549 0.046290 0.530300
3 16 0.000 -13.799 -18.364 4.081 -13.454 -17.653 0.000 -15.956 -17.732 0.676632 0.499998 0.677368 0.535391 0.657393 0.499998
3 16 4.081 -13.454 -17.653 4.202 -15.550 -17.131 0.000 -15.956 -17.732 0.677368 0.535391 0.658883 0.535876 0.657393 0.499998
3 16 0.000 -13.799 -18.364 0.000 -15.956 -17.732 -4.081 -13.454 -17.653 0.676632 0.499998 0.657393 0.499998 0.677370 0.464606
3 16 0.000 -15.956 -17.732 -4.202 -15.550 -17.131 -4.081 -13.454 -17.653 0.657393 0.499998 0.658884 0.464120 0.677370 0.464606
3 16 13.346 -9.737 -10.115 13.927 -12.612 -10.008 10.656 -11.572 -13.995 0.690628 0.643857 0.665809 0.642498 0.683184 0.601600
3 16 13.927 -12.612 -10.008 10.899 -13.883 -13.612 10.656 -11.572 -13.995 0.665809 0.642498 0.663264 0.601503 0.683184 0.601600
3 16 -4.081 -13.454 -17.653 -4.202 -15.550 -17.131 -7.470 -12.799 -16.315 0.677370 0.464606 0.658884 0.464120 0.678953 0.433159
3 16 -4.202 -15.550 -17.131 -7.646 -14.944 -15.835 -7.470 -12.799 -16.315 0.658884 0.464120 0.660220 0.432734 0.678953 0.433159
3 16 -13.346 -9.737 -10.115 -13.927 -12.612 -10.008 -14.683 -8.262 -6.212 0.690633 0.356140 0.665814 0.357498 0.697677 0.319716
3 16 -13.927 -12.612 -10.008 -16.074 -11.401 -5.759 -14.683 -8.262 -6.212 0.665814 0.357498 0.668569 0.316224 0.697677 0.319716
3 16 0.000 -13.799 -18.364 0.000 -12.560 -20.122 4.081 -13.454 -17.653 0.958429 0.774134 0.977337 0.774132 0.955145 0.810369
3 16 0.000 -12.560 -20.122 4.628 -12.257 -19.589 4.081 -13.454 -17.653 0.977337 0.774132 0.975237 0.814696 0.955145 0.810369
3 16 -4.081 -13.454 -17.653 -4.628 -12.257 -19.589 0.000 -13.799 -18.364 0.955138 0.737900 0.975228 0.733568 0.958429 0.774134
3 16 -4.628 -12.257 -19.589 0.000 -12.560 -20.122 0.000 -13.799 -18.364 0.975228 0.733568 0.977337 0.774132 0.958429 0.774134
3 16 -7.470 -12.799 -16.315 -8.823 -11.331 -18.001 -4.081 -13.454 -17.653 0.948668 0.706169 0.968193 0.694365 0.955138 0.737900
3 16 -8.823 -11.331 -18.001 -4.628 -12.257 -19.589 -4.081 -13.454 -17.653 0.968193 0.694365 0.975228 0.733568 0.955138 0.737900
3 16 -4.482 -9.585 -18.830 -4.628 -12.257 -19.589 -7.886 -8.853 -17.588 0.603960 0.586196 0.630084 0.590584 0.591138 0.615250
3 16 -4.628 -12.257 -19.589 -8.823 -11.331 -18.001 -7.886 -8.853 -17.588 0.630084 0.590584 0.612122 0.629904 0.591138 0.615250
3 16 11.039 -4.111 13.150 11.595 -4.739 13.864 13.122 -4.572 10.375 0.325366 0.443321 0.318545 0.436545 0.350305 0.425855
3 16 11.595 -4.739 13.864 13.739 -5.052 10.504 13.122 -4.572 10.375 0.318545 0.436545 0.349199 0.419043 0.350305 0.425855
3 16 -11.039 -4.111 13.150 -11.595 -4.739 13.864 -8.237 -3.802 15.584 0.319753 0.635341 0.312534 0.641689 0.299210 0.610395
3 16 -11.595 -4.739 13.864 -8.438 -4.360 16.259 -8.237 -3.802 15.584 0.312534 0.641689 0.291880 0.613172 0.299210 0.610395
3 16 4.154 -3.561 17.280 4.040 -4.000 18.165 8.237 -3.802 15.584 0.287596 0.502172 0.278942 0.502545 0.303427 0.467084
3 16 4.040 -4.000 18.165 8.438 -4.360 16.259 8.237 -3.802 15.584 0.278942 0.502545 0.296259 0.463909 0.303427 0.467084
3 16 -4.154 -3.561 17.280 -4.040 -4.000 18.165 0.000 -3.564 17.852 0.285411 0.574497 0.276794 0.573623 0.281521 0.538188
3 16 -4.040 -4.000 18.165 0.000 -3.931 18.782 0.000 -3.564 17.852 0.276794 0.573623 0.272730 0.537920 0.281521 0.538188
3 16 11.595 -4.739 13.864 11.769 -5.274 14.027 13.739 -5.052 10.504 0.737423 0.856899 0.732717 0.858402 0.726785 0.824710
3 16 11.769 -5.274 14.027 13.963 -5.479 10.669 13.739 -5.052 10.504 0.732717 0.858402 0.722697 0.825993 0.726785 0.824710
3 16 -11.595 -4.739 13.864 -11.769 -5.274 14.027 -8.438 -4.360 16.259 0.737440 0.143098 0.732736 0.141601 0.752066 0.112671
3 16 -11.769 -5.274 14.027 -8.582 -4.986 16.478 -8.438 -4.360 16.259 0.732736 0.141601 0.746739 0.110606 0.752066 0.112671
3 16 4.040 -4.000 18.165 4.299 -4.713 18.381 8.438 -4.360 16.259 0.771245 0.923191 0.764759 0.924583 0.752046 0.887330
3 16 4.299 -4.713 18.381 8.582 -4.986 16.478 8.438 -4.360 16.259 0.764759 0.924583 0.746719 0.889395 0.752046 0.887330
3 16 -4.040 -4.000 18.165 -4.299 -4.713 18.381 0.000 -3.931 18.782 0.771268 0.076813 0.764782 0.075420 0.787550 0.046433
3 16 -4.299 -4.713 18.381 0.000 -4.624 19.006 0.000 -3.931 18.782 0.764782 0.075420 0.782237 0.043340 0.787550 0.046433
3 16 -12.660 -6.661 -1.296 -12.255 -12.277 -1.837 -11.256 -7.591 -4.858 0.029192 0.171990 0.064871 0.206042 0.015880 0.206855
3 16 -12.255 -12.277 -1.837 -11.024 -12.591 -4.635 -11.256 -7.591 -4.858 0.064871 0.206042 0.053501 0.228886 0.015880 0.206855
3 16 -10.656 -11.572 -13.995 -10.899 -13.883 -13.612 -13.346 -9.737 -10.115 0.683187 0.398396 0.663267 0.398493 0.690633 0.356140
3 16 -10.899 -13.883 -13.612 -13.927 -12.612 -10.008 -13.346 -9.737 -10.115 0.663267 0.398493 0.665814 0.357498 0.690633 0.356140
3 16 10.656 -11.572 -13.995 10.899 -13.883 -13.612 7.470 -12.799 -16.315 0.683184 0.601600 0.663264 0.601503 0.678951 0.566837
3 16 10.899 -13.883 -13.612 7.646 -14.944 -15.835 7.470 -12.799 -16.315 0.663264 0.601503 0.660217 0.567262 0.678951 0.566837
3 16 7.470 -12.799 -16.315 8.823 -11.331 -18.001 10.656 -11.572 -13.995 0.948683 0.842101 0.968210 0.853901 0.936876 0.876167
3 16 8.823 -11.331 -18.001 12.181 -9.784 -14.790 10.656 -11.572 -13.995 0.968210 0.853901 0.950757 0.892773 0.936876 0.876167
3 16 11.223 -7.472 -14.624 12.181 -9.784 -14.790 7.886 -8.853 -17.588 0.568515 0.447740 0.584396 0.430909 0.594441 0.478191
3 16 12.181 -9.784 -14.790 8.823 -11.331 -18.001 7.886 -8.853 -17.588 0.584396 0.430909 0.616483 0.465149 0.594441 0.478191
3 16 15.503 -5.870 3.723 15.783 -6.170 3.581 15.233 -6.603 -1.526 0.713392 0.766019 0.709911 0.764886 0.708604 0.721294
3 16 15.783 -6.170 3.581 15.314 -6.769 -1.532 15.233 -6.603 -1.526 0.709911 0.764886 0.707045 0.721232 0.708604 0.721294
3 16 -15.233 -6.603 -1.526 -15.314 -6.769 -1.532 -15.503 -5.870 3.723 0.708612 0.278703 0.707053 0.278765 0.713402 0.233979
3 16 -15.314 -6.769 -1.532 -15.783 -6.170 3.581 -15.503 -5.870 3.723 0.707053 0.278765 0.709921 0.235111 0.713402 0.233979
3 16 14.961 -5.401 7.530 15.181 -5.717 7.576 15.503 -5.870 3.723 0.719252 0.798319 0.716001 0.798654 0.713392 0.766019
3 16 15.181 -5.717 7.576 15.783 -6.170 3.581 15.503 -5.870 3.723 0.716001 0.798654 0.709911 0.764886 0.713392 0.766019
3 16 -14.961 -5.401 7.530 -15.181 -5.717 7.576 -13.739 -5.052 10.504 0.719263 0.201679 0.716012 0.201344 0.726800 0.175287
3 16 -15.181 -5.717 7.576 -13.963 -5.479 10.669 -13.739 -5.052 10.504 0.716012 0.201344 0.722706 0.174006 0.726800 0.175287
3 16 7.373 -17.939 5.905 7.373 -13.054 5.905 4.257 -17.938 9.021 0.446854 0.763851 0.446848 0.721389 0.485153 0.763829
3 16 7.373 -13.054 5.905 4.257 -13.052 9.021 4.257 -17.938 9.021 0.446848 0.721389 0.485146 0.721368 0.485153 0.763829
3 16 9.229 -10.227 10.793 8.003 -15.500 9.596 6.489 -10.159 12.886 0.133992 0.556936 0.160785 0.517661 0.158357 0.572555
3 16 8.003 -15.500 9.596 5.656 -15.397 11.470 6.489 -10.159 12.886 0.160785 0.517661 0.181650 0.531665 0.158357 0.572555
3 16 4.257 -17.938 9.021 4.257 -13.052 9.021 0.000 -17.937 10.162 0.485153 0.763829 0.485146 0.721368 0.523452 0.763820
3 16 4.257 -13.052 9.021 0.000 -13.051 10.162 0.000 -17.937 10.162 0.485146 0.721368 0.523445 0.721358 0.523452 0.763820
3 16 3.376 -10.220 14.154 2.925 -15.494 12.521 0.000 -10.158 14.649 0.183935 0.585499 0.204266 0.541404 0.210192 0.598588
3 16 2.925 -15.494 12.521 0.000 -15.420 13.031 0.000 -10.158 14.649 0.204266 0.541404 0.228065 0.551155 0.210192 0.598588
3 16 0.000 -17.937 10.162 0.000 -13.051 10.162 -4.257 -17.938 9.021 0.063867 0.763890 0.063860 0.721429 0.102165 0.763888
3 16 0.000 -13.051 10.162 -4.257 -13.052 9.021 -4.257 -17.938 9.021 0.063860 0.721429 0.102159 0.721426 0.102165 0.763888
3 16 -3.376 -10.220 14.154 -2.925 -15.494 12.521 -6.488 -10.159 12.887 0.183918 0.087969 0.204250 0.132063 0.158344 0.100912
3 16 -2.925 -15.494 12.521 -5.655 -15.397 11.471 -6.488 -10.159 12.887 0.204250 0.132063 0.181638 0.141802 0.158344 0.100912
3 16 -4.257 -17.938 9.021 -4.257 -13.052 9.021 -7.373 -17.938 5.905 0.102165 0.763888 0.102159 0.721426 0.140464 0.763882
3 16 -4.257 -13.052 9.021 -7.373 -13.052 5.905 -7.373 -17.938 5.905 0.102159 0.721426 0.140458 0.721420 0.140464 0.763882
3 16 -9.229 -10.227 10.793 -8.003 -15.500 9.596 -11.221 -10.166 8.130 0.133976 0.116534 0.160771 0.155808 0.111128 0.132365
3 16 -8.003 -15.500 9.596 -9.814 -15.417 7.341 -11.221 -10.166 8.130 0.160771 0.155808 0.140796 0.169010 0.111128 0.132365
3 16 -7.373 -17.938 5.905 -7.373 -13.052 5.905 -8.513 -17.940 1.649 0.140464 0.763882 0.140458 0.721420 0.178763 0.763895
3 16 -7.373 -13.052 5.905 -8.513 -13.054 1.649 -8.513 -17.940 1.649 0.140458 0.721420 0.178756 0.721433 0.178763 0.763895
3 16 -12.467 -11.031 4.970 -10.973 -15.437 4.563 -12.816 -11.835 1.452 0.094376 0.156211 0.122279 0.185476 0.078925 0.181925
3 16 -10.973 -15.437 4.563 -11.495 -15.256 1.656 -12.816 -11.835 1.452 0.122279 0.185476 0.103920 0.201501 0.078925 0.181925
3 16 -8.513 -17.940 1.649 -8.513 -13.054 1.649 -7.373 -17.939 -2.608 0.178763 0.763895 0.178756 0.721433 0.217062 0.763886
3 16 -8.513 -13.054 1.649 -7.373 -13.054 -2.608 -7.373 -17.939 -2.608 0.178756 0.721433 0.217055 0.721425 0.217062 0.763886
3 16 -12.255 -12.277 -1.837 -10.774 -15.659 -1.354 -11.024 -12.591 -4.635 0.064871 0.206042 0.091776 0.224176 0.053501 0.228886
3 16 -10.774 -15.659 -1.354 -9.653 -15.790 -3.826 -11.024 -12.591 -4.635 0.091776 0.224176 0.080647 0.243846 0.053501 0.228886
3 16 -7.373 -17.939 -2.608 -7.373 -13.054 -2.608 -4.257 -17.939 -5.724 0.217062 0.763886 0.217055 0.721425 0.255360 0.763881
3 16 -7.373 -13.054 -2.608 -4.257 -13.054 -5.724 -4.257 -17.939 -5.724 0.217055 0.721425 0.255354 0.721419 0.255360 0.763881
3 16 -9.122 -12.864 -7.029 -7.924 -16.070 -5.849 -6.365 -12.897 -9.160 0.044272 0.252781 0.073460 0.264875 0.034652 0.280542
3 16 -7.924 -16.070 -5.849 -5.528 -16.084 -7.708 -6.365 -12.897 -9.160 0.073460 0.264875 0.065029 0.288866 0.034652 0.280542
3 16 -4.257 -17.939 -5.724 -4.257 -13.054 -5.724 0.000 -17.940 -6.865 0.255360 0.763881 0.255354 0.721419 0.293659 0.763877
3 16 -4.257 -13.054 -5.724 0.000 -13.054 -6.865 0.000 -17.940 -6.865 0.255354 0.721419 0.293653 0.721415 0.293659 0.763877
3 16 -3.138 -13.071 -10.405 -2.722 -16.294 -8.771 0.000 -12.999 -10.919 0.030193 0.309686 0.061862 0.313822 0.027307 0.336739
3 16 -2.722 -16.294 -8.771 0.000 -16.196 -9.201 0.000 -12.999 -10.919 0.061862 0.313822 0.059053 0.336738 0.027307 0.336739
3 16 0.000 -17.940 -6.865 0.000 -13.054 -6.865 4.257 -17.939 -5.724 0.293659 0.763877 0.293653 0.721415 0.331958 0.763869
3 16 0.000 -13.054 -6.865 4.257 -13.054 -5.724 4.257 -17.939 -5.724 0.293653 0.721415 0.331951 0.721407 0.331958 0.763869
3 16 3.138 -13.071 -10.405 2.722 -16.294 -8.771 6.365 -12.897 -9.160 0.030195 0.363792 0.061864 0.359654 0.034656 0.392935
3 16 2.722 -16.294 -8.771 5.528 -16.084 -7.708 6.365 -12.897 -9.160 0.061864 0.359654 0.065033 0.384609 0.034656 0.392935
3 16 4.257 -17.939 -5.724 4.257 -13.054 -5.724 7.373 -17.939 -2.608 0.331958 0.763869 0.331951 0.721407 0.370257 0.763863
3 16 4.257 -13.054 -5.724 7.373 -13.054 -2.608 7.373 -17.939 -2.608 0.331951 0.721407 0.370250 0.721401 0.370257 0.763863
3 16 9.122 -12.864 -7.029 7.924 -16.070 -5.849 11.024 -12.591 -4.635 0.044279 0.420696 0.073466 0.408600 0.053509 0.444590
3 16 7.924 -16.070 -5.849 9.653 -15.790 -3.826 11.024 -12.591 -4.635 0.073466 0.408600 0.080654 0.429628 0.053509 0.444590
3 16 7.373 -17.939 -2.608 7.373 -13.054 -2.608 8.513 -17.940 1.649 0.370257 0.763863 0.370250 0.721401 0.408555 0.763860
3 16 7.373 -13.054 -2.608 8.513 -13.054 1.649 8.513 -17.940 1.649 0.370250 0.721401 0.408549 0.721398 0.408555 0.763860
3 16 12.255 -12.277 -1.837 10.774 -15.659 -1.354 12.816 -11.835 1.452 0.064882 0.467433 0.091785 0.449297 0.078938 0.491549
3 16 10.774 -15.659 -1.354 11.495 -15.256 1.656 12.816 -11.835 1.452 0.091785 0.449297 0.103931 0.471972 0.078938 0.491549
3 16 7.373 -17.939 5.905 8.513 -17.940 1.649 7.373 -13.054 5.905 0.446854 0.763851 0.408555 0.763860 0.446848 0.721389
3 16 8.513 -17.940 1.649 8.513 -13.054 1.649 7.373 -13.054 5.905 0.408555 0.763860 0.408549 0.721398 0.446848 0.721389
3 16 12.467 -11.031 4.970 10.973 -15.437 4.563 11.221 -10.157 8.130 0.094390 0.517262 0.122291 0.487994 0.111096 0.541166
3 16 10.973 -15.437 4.563 9.817 -15.411 7.343 11.221 -10.157 8.130 0.122291 0.487994 0.140773 0.504505 0.111096 0.541166
3 16 14.379 -5.029 7.313 14.961 -5.401 7.530 14.839 -5.556 3.668 0.377570 0.415578 0.376006 0.409471 0.409931 0.411198
3 16 14.961 -5.401 7.530 15.503 -5.870 3.723 14.839 -5.556 3.668 0.376006 0.409471 0.409822 0.404736 0.409931 0.411198
3 16 -14.379 -5.029 7.313 -14.961 -5.401 7.530 -13.122 -4.572 10.375 0.369989 0.666356 0.368018 0.672340 0.343473 0.654360
3 16 -14.961 -5.401 7.530 -13.739 -5.052 10.504 -13.122 -4.572 10.375 0.368018 0.672340 0.341919 0.661077 0.343473 0.654360
3 16 10.656 -11.572 -13.995 12.181 -9.784 -14.790 13.346 -9.737 -10.115 0.936876 0.876167 0.950757 0.892773 0.914796 0.914383
3 16 12.181 -9.784 -14.790 13.912 -8.457 -11.000 13.346 -9.737 -10.115 0.950757 0.892773 0.926794 0.922363 0.914796 0.914383
3 16 -13.346 -9.737 -10.115 -13.912 -8.457 -11.000 -10.656 -11.572 -13.995 0.914766 0.633894 0.926762 0.625912 0.936854 0.672106
3 16 -13.912 -8.457 -11.000 -12.181 -9.784 -14.790 -10.656 -11.572 -13.995 0.926762 0.625912 0.950731 0.655497 0.936854 0.672106
3 16 14.683 -8.262 -6.212 16.074 -11.401 -5.759 13.346 -9.737 -10.115 0.697671 0.680281 0.668563 0.683772 0.690628 0.643857
3 16 16.074 -11.401 -5.759 13.927 -12.612 -10.008 13.346 -9.737 -10.115 0.668563 0.683772 0.665809 0.642498 0.690628 0.643857
3 16 7.470 -12.799 -16.315 7.646 -14.944 -15.835 4.081 -13.454 -17.653 0.678951 0.566837 0.660217 0.567262 0.677368 0.535391
3 16 7.646 -14.944 -15.835 4.202 -15.550 -17.131 4.081 -13.454 -17.653 0.660217 0.567262 0.658883 0.535876 0.677368 0.535391
3 16 4.081 -13.454 -17.653 4.628 -12.257 -19.589 7.470 -12.799 -16.315 0.955145 0.810369 0.975237 0.814696 0.948683 0.842101
3 16 4.628 -12.257 -19.589 8.823 -11.331 -18.001 7.470 -12.799 -16.315 0.975237 0.814696 0.968210 0.853901 0.948683 0.842101
3 16 7.886 -8.853 -17.588 8.823 -11.331 -18.001 4.482 -9.585 -18.830 0.594441 0.478191 0.616483 0.465149 0.604878 0.508524
3 16 8.823 -11.331 -18.001 4.628 -12.257 -19.589 4.482 -9.585 -18.830 0.616483 0.465149 0.631386 0.505576 0.604878 0.508524
3 16 -7.470 -12.799 -16.315 -7.646 -14.944 -15.835 -10.656 -11.572 -13.995 0.678953 0.433159 0.660220 0.432734 0.683187 0.398396
3 16 -7.646 -14.944 -15.835 -10.899 -13.883 -13.612 -10.656 -11.572 -13.995 0.660220 0.432734 0.663267 0.398493 0.683187 0.398396
3 16 -10.656 -11.572 -13.995 -12.181 -9.784 -14.790 -7.470 -12.799 -16.315 0.936854 0.672106 0.950731 0.655497 0.948668 0.706169
3 16 -12.181 -9.784 -14.790 -8.823 -11.331 -18.001 -7.470 -12.799 -16.315 0.950731 0.655497 0.968193 0.694365 0.948668 0.706169
3 16 -7.886 -8.853 -17.588 -8.823 -11.331 -18.001 -11.223 -7.472 -14.624 0.591138 0.615250 0.612122 0.629904 0.562724 0.643312
3 16 -8.823 -11.331 -18.001 -12.181 -9.784 -14.790 -11.223 -7.472 -14.624 0.612122 0.629904 0.577680 0.661085 0.562724 0.643312
3 16 13.162 -6.341 -10.583 13.912 -8.457 -11.000 11.223 -7.472 -14.624 0.533777 0.429018 0.546021 0.412195 0.568515 0.447740
3 16 13.912 -8.457 -11.000 12.181 -9.784 -14.790 11.223 -7.472 -14.624 0.546021 0.412195 0.584396 0.430909 0.568515 0.447740
3 16 -11.223 -7.472 -14.624 -12.181 -9.784 -14.790 -13.162 -6.341 -10.583 0.562724 0.643312 0.577680 0.661085 0.527006 0.660739
3 16 -12.181 -9.784 -14.790 -13.912 -8.457 -11.000 -13.162 -6.341 -10.583 0.577680 0.661085 0.538850 0.677911 0.527006 0.660739
3 16 0.000 -0.355 16.383 0.000 -3.564 17.852 4.157 -0.517 15.833 0.250514 0.881990 0.254035 0.912542 0.214203 0.885503
3 16 0.000 -3.564 17.852 4.154 -3.561 17.280 4.157 -0.517 15.833 0.254035 0.912542 0.217581 0.914629 0.214203 0.885503
3 16 0.000 -3.564 17.852 0.000 -3.931 18.782 4.154 -3.561 17.280 0.281521 0.538188 0.272730 0.537920 0.287596 0.502172
3 16 0.000 -3.931 18.782 4.040 -4.000 18.165 4.154 -3.561 17.280 0.272730 0.537920 0.278942 0.502545 0.287596 0.502172
3 16 0.000 -3.931 18.782 0.000 -4.624 19.006 4.040 -4.000 18.165 0.787523 0.953573 0.782210 0.956665 0.771245 0.923191
3 16 0.000 -4.624 19.006 4.299 -4.713 18.381 4.040 -4.000 18.165 0.782210 0.956665 0.764759 0.924583 0.771245 0.923191
3 16 -7.896 -0.966 14.197 -8.237 -3.802 15.584 -4.157 -0.517 15.833 0.174878 0.970131 0.175251 0.942453 0.210562 0.971433
3 16 -8.237 -3.802 15.584 -4.154 -3.561 17.280 -4.157 -0.517 15.833 0.175251 0.942453 0.213935 0.942307 0.210562 0.971433
3 16 -8.237 -3.802 15.584 -8.438 -4.360 16.259 -4.154 -3.561 17.280 0.299210 0.610395 0.291880 0.613172 0.285411 0.574497
3 16 -8.438 -4.360 16.259 -4.040 -4.000 18.165 -4.154 -3.561 17.280 0.291880 0.613172 0.276794 0.573623 0.285411 0.574497
3 16 -8.438 -4.360 16.259 -8.582 -4.986 16.478 -4.040 -4.000 18.165 0.752066 0.112671 0.746739 0.110606 0.771268 0.076813
3 16 -8.582 -4.986 16.478 -4.299 -4.713 18.381 -4.040 -4.000 18.165 0.746739 0.110606 0.764782 0.075420 0.771268 0.076813
3 16 7.896 -0.966 14.197 8.237 -3.802 15.584 10.684 -1.841 12.013 0.178519 0.886812 0.178897 0.914489 0.146820 0.888192
3 16 8.237 -3.802 15.584 11.039 -4.111 13.150 10.684 -1.841 12.013 0.178897 0.914489 0.146565 0.910538 0.146820 0.888192
3 16 8.237 -3.802 15.584 8.438 -4.360 16.259 11.039 -4.111 13.150 0.303427 0.467084 0.296259 0.463909 0.325366 0.443321
3 16 8.438 -4.360 16.259 11.595 -4.739 13.864 11.039 -4.111 13.150 0.296259 0.463909 0.318545 0.436545 0.325366 0.443321
3 16 8.438 -4.360 16.259 8.582 -4.986 16.478 11.595 -4.739 13.864 0.752046 0.887330 0.746719 0.889395 0.737423 0.856899
3 16 8.582 -4.986 16.478 11.769 -5.274 14.027 11.595 -4.739 13.864 0.746719 0.889395 0.732717 0.858402 0.737423 0.856899
3 16 -12.615 -2.850 9.667 -13.122 -4.572 10.375 -10.684 -1.841 12.013 0.115355 0.968144 0.112815 0.951553 0.143180 0.968766
3 16 -13.122 -4.572 10.375 -11.039 -4.111 13.150 -10.684 -1.841 12.013 0.112815 0.951553 0.142917 0.946405 0.143180 0.968766
3 16 -13.122 -4.572 10.375 -13.739 -5.052 10.504 -11.039 -4.111 13.150 0.343473 0.654360 0.341919 0.661077 0.319753 0.635341
3 16 -13.739 -5.052 10.504 -11.595 -4.739 13.864 -11.039 -4.111 13.150 0.341919 0.661077 0.312534 0.641689 0.319753 0.635341
3 16 -13.739 -5.052 10.504 -13.963 -5.479 10.669 -11.595 -4.739 13.864 0.726800 0.175287 0.722706 0.174006 0.737440 0.143098
3 16 -13.963 -5.479 10.669 -11.769 -5.274 14.027 -11.595 -4.739 13.864 0.722706 0.174006 0.732736 0.141601 0.737440 0.143098
3 16 13.122 -4.572 10.375 13.739 -5.052 10.504 14.379 -5.029 7.313 0.350305 0.425855 0.349199 0.419043 0.377570 0.415578
3 16 13.739 -5.052 10.504 14.961 -5.401 7.530 14.379 -5.029 7.313 0.349199 0.419043 0.376006 0.409471 0.377570 0.415578
3 16 13.739 -5.052 10.504 13.963 -5.479 10.669 14.961 -5.401 7.530 0.726785 0.824710 0.722697 0.825993 0.719252 0.798319
3 16 13.963 -5.479 10.669 15.181 -5.717 7.576 14.961 -5.401 7.530 0.722697 0.825993 0.716001 0.798654 0.719252 0.798319
3 16 -14.839 -5.556 3.668 -15.503 -5.870 3.723 -14.379 -5.029 7.313 0.401863 0.672142 0.401322 0.678582 0.369989 0.666356
3 16 -15.503 -5.870 3.723 -14.961 -5.401 7.530 -14.379 -5.029 7.313 0.401322 0.678582 0.368018 0.672340 0.369989 0.666356
3 16 -15.503 -5.870 3.723 -15.783 -6.170 3.581 -14.961 -5.401 7.530 0.713402 0.233979 0.709921 0.235111 0.719263 0.201679
3 16 -15.783 -6.170 3.581 -15.181 -5.717 7.576 -14.961 -5.401 7.530 0.709921 0.235111 0.716012 0.201344 0.719263 0.201679
3 16 12.615 -2.850 9.667 13.122 -4.572 10.375 14.009 -4.169 6.895 0.118995 0.888797 0.116464 0.905405 0.089681 0.888861
3 16 13.122 -4.572 10.375 14.379 -5.029 7.313 14.009 -4.169 6.895 0.116464 0.905405 0.088425 0.897689 0.089681 0.888861
3 16 -14.009 -4.169 6.895 -14.379 -5.029 7.313 -12.615 -2.850 9.667 0.086042 0.968097 0.084783 0.959270 0.115355 0.968144
3 16 -14.379 -5.029 7.313 -13.122 -4.572 10.375 -12.615 -2.850 9.667 0.084783 0.959270 0.112815 0.951553 0.115355 0.968144
3 16 13.346 -9.737 -10.115 13.912 -8.457 -11.000 14.683 -8.262 -6.212 0.914796 0.914383 0.926794 0.922363 0.890209 0.943473
3 16 13.912 -8.457 -11.000 14.860 -7.315 -6.350 14.683 -8.262 -6.212 0.926794 0.922363 0.895002 0.950464 0.890209 0.943473
3 16 -14.683 -8.262 -6.212 -14.860 -7.315 -6.350 -13.346 -9.737 -10.115 0.890172 0.604809 0.894964 0.597818 0.914766 0.633894
3 16 -14.860 -7.315 -6.350 -13.912 -8.457 -11.000 -13.346 -9.737 -10.115 0.894964 0.597818 0.926762 0.625912 0.914766 0.633894
3 16 14.022 -5.735 -6.280 14.860 -7.315 -6.350 13.162 -6.341 -10.583 0.496618 0.420508 0.500580 0.404546 0.533777 0.429018
3 16 14.860 -7.315 -6.350 13.912 -8.457 -11.000 13.162 -6.341 -10.583 0.500580 0.404546 0.546021 0.412195 0.533777 0.429018
3 16 -13.162 -6.341 -10.583 -13.912 -8.457 -11.000 -14.022 -5.735 -6.280 0.527006 0.660739 0.538850 0.677911 0.489310 0.667868
3 16 -13.912 -8.457 -11.000 -14.860 -7.315 -6.350 -14.022 -5.735 -6.280 0.538850 0.677911 0.492662 0.683976 0.489310 0.667868
3 16 14.860 -7.315 -6.350 15.233 -6.603 -1.526 14.683 -8.262 -6.212 0.895002 0.950464 0.860505 0.975310 0.890209 0.943473
3 16 15.233 -6.603 -1.526 15.314 -6.769 -1.532 14.683 -8.262 -6.212 0.860505 0.975310 0.859748 0.973894 0.890209 0.943473
3 16 -15.233 -6.603 -1.526 -14.860 -7.315 -6.350 -15.314 -6.769 -1.532 0.860462 0.572979 0.894964 0.597818 0.859705 0.574396
3 16 -14.860 -7.315 -6.350 -14.683 -8.262 -6.212 -15.314 -6.769 -1.532 0.894964 0.597818 0.890172 0.604809 0.859705 0.574396
3 16 14.515 -5.615 -1.442 15.233 -6.603 -1.526 14.022 -5.735 -6.280 0.454590 0.415366 0.456449 0.404544 0.496618 0.420508
3 16 15.233 -6.603 -1.526 14.860 -7.315 -6.350 14.022 -5.735 -6.280 0.456449 0.404544 0.500580 0.404546 0.496618 0.420508
3 16 -14.022 -5.735 -6.280 -14.860 -7.315 -6.350 -14.515 -5.615 -1.442 0.489310 0.667868 0.492662 0.683976 0.446503 0.669932
3 16 -14.860 -7.315 -6.350 -15.233 -6.603 -1.526 -14.515 -5.615 -1.442 0.492662 0.683976 0.447741 0.680893 0.446503 0.669932
3 16 14.839 -5.556 3.668 15.503 -5.870 3.723 14.515 -5.615 -1.442 0.409931 0.411198 0.409822 0.404736 0.454590 0.415366
3 16 15.503 -5.870 3.723 15.233 -6.603 -1.526 14.515 -5.615 -1.442 0.409822 0.404736 0.456449 0.404544 0.454590 0.415366
3 16 -14.515 -5.615 -1.442 -15.233 -6.603 -1.526 -14.839 -5.556 3.668 0.446503 0.669932 0.447741 0.680893 0.401863 0.672142
3 16 -15.233 -6.603 -1.526 -15.503 -5.870 3.723 -14.839 -5.556 3.668 0.447741 0.680893 0.401322 0.678582 0.401863 0.672142
3 16 13.060 -6.057 2.133 12.816 -11.835 1.452 12.536 -4.408 5.595 0.046290 0.530300 0.078938 0.491549 0.060596 0.564294
3 16 12.816 -11.835 1.452 12.467 -11.031 4.970 12.536 -4.408 5.595 0.078938 0.491549 0.094390 0.517262 0.060596 0.564294
3 16 12.467 -11.031 4.970 12.816 -11.835 1.452 10.973 -15.437 4.563 0.094390 0.517262 0.078938 0.491549 0.122291 0.487994
3 16 12.816 -11.835 1.452 11.495 -15.256 1.656 10.973 -15.437 4.563 0.078938 0.491549 0.103931 0.471972 0.122291 0.487994
3 16 -11.296 -3.067 8.223 -11.221 -10.166 8.130 -12.536 -4.408 5.595 0.074919 0.082725 0.111128 0.132365 0.060579 0.109181
3 16 -11.221 -10.166 8.130 -12.467 -11.031 4.970 -12.536 -4.408 5.595 0.111128 0.132365 0.094376 0.156211 0.060579 0.109181
3 16 -12.467 -11.031 4.970 -11.221 -10.166 8.130 -10.973 -15.437 4.563 0.094376 0.156211 0.111128 0.132365 0.122279 0.185476
3 16 -11.221 -10.166 8.130 -9.814 -15.417 7.341 -10.973 -15.437 4.563 0.111128 0.132365 0.140796 0.169010 0.122279 0.185476
3 16 11.296 -3.067 8.223 11.221 -10.157 8.130 9.276 -1.884 10.848 0.074937 0.590749 0.111096 0.541166 0.094424 0.616786
3 16 11.221 -10.157 8.130 9.229 -10.227 10.793 9.276 -1.884 10.848 0.111096 0.541166 0.133992 0.556936 0.094424 0.616786
3 16 9.229 -10.227 10.793 11.221 -10.157 8.130 8.003 -15.500 9.596 0.133992 0.556936 0.111096 0.541166 0.160785 0.517661
3 16 11.221 -10.157 8.130 9.817 -15.411 7.343 8.003 -15.500 9.596 0.111096 0.541166 0.140773 0.504505 0.160785 0.517661
3 16 -6.516 -0.983 12.984 -6.488 -10.159 12.887 -9.276 -1.884 10.848 0.117376 0.033340 0.158344 0.100912 0.094405 0.056687
3 16 -6.488 -10.159 12.887 -9.229 -10.227 10.793 -9.276 -1.884 10.848 0.158344 0.100912 0.133976 0.116534 0.094405 0.056687
3 16 -9.229 -10.227 10.793 -6.488 -10.159 12.887 -8.003 -15.500 9.596 0.133976 0.116534 0.158344 0.100912 0.160771 0.155808
3 16 -6.488 -10.159 12.887 -5.655 -15.397 11.471 -8.003 -15.500 9.596 0.158344 0.100912 0.181638 0.141802 0.160771 0.155808
3 16 6.516 -0.983 12.984 6.489 -10.159 12.886 3.346 -0.607 14.253 0.117396 0.640132 0.158357 0.572555 0.142291 0.658026
3 16 6.489 -10.159 12.886 3.376 -10.220 14.154 3.346 -0.607 14.253 0.158357 0.572555 0.183935 0.585499 0.142291 0.658026
3 16 3.376 -10.220 14.154 6.489 -10.159 12.886 2.925 -15.494 12.521 0.183935 0.585499 0.158357 0.572555 0.204266 0.541404
3 16 6.489 -10.159 12.886 5.656 -15.397 11.470 2.925 -15.494 12.521 0.158357 0.572555 0.181650 0.531665 0.204266 0.541404
3 16 0.000 -0.454 14.688 0.000 -10.158 14.649 -3.346 -0.607 14.253 0.167512 -0.000029 0.210175 0.074880 0.142271 0.015444
3 16 0.000 -10.158 14.649 -3.376 -10.220 14.154 -3.346 -0.607 14.253 0.210175 0.074880 0.183918 0.087969 0.142271 0.015444
3 16 -3.376 -10.220 14.154 0.000 -10.158 14.649 -2.925 -15.494 12.521 0.183918 0.087969 0.210175 0.074880 0.204250 0.132063
3 16 0.000 -10.158 14.649 0.000 -15.420 13.031 -2.925 -15.494 12.521 0.210175 0.074880 0.228049 0.122311 0.204250 0.132063
3 16 14.009 -4.169 6.895 13.441 -4.048 6.246 12.615 -2.850 9.667 0.978532 0.313646 0.972968 0.318781 0.965437 0.287235
3 16 13.441 -4.048 6.246 12.078 -2.689 8.928 12.615 -2.850 9.667 0.972968 0.318781 0.960001 0.293218 0.965437 0.287235
3 16 -12.615 -2.850 9.667 -12.078 -2.689 8.928 -14.009 -4.169 6.895 0.744408 0.291786 0.750107 0.297523 0.732824 0.319002
3 16 -12.078 -2.689 8.928 -13.441 -4.048 6.246 -14.009 -4.169 6.895 0.750107 0.297523 0.738686 0.323847 0.732824 0.319002
3 16 12.615 -2.850 9.667 12.078 -2.689 8.928 10.684 -1.841 12.013 0.965437 0.287235 0.960001 0.293218 0.948050 0.265183
3 16 12.078 -2.689 8.928 10.077 -1.599 11.414 10.684 -1.841 12.013 0.960001 0.293218 0.942111 0.270066 0.948050 0.265183
3 16 -10.684 -1.841 12.013 -10.077 -1.599 11.414 -12.615 -2.850 9.667 0.760931 0.269003 0.767060 0.273645 0.744408 0.291786
3 16 -10.077 -1.599 11.414 -12.078 -2.689 8.928 -12.615 -2.850 9.667 0.767060 0.273645 0.750107 0.297523 0.744408 0.291786
3 16 7.334 -0.744 13.630 7.896 -0.966 14.197 10.077 -1.599 11.414 0.917817 0.249988 0.923102 0.245083 0.942111 0.270066
3 16 7.896 -0.966 14.197 10.684 -1.841 12.013 10.077 -1.599 11.414 0.923102 0.245083 0.948050 0.265183 0.942111 0.270066
3 16 -10.077 -1.599 11.414 -10.684 -1.841 12.013 -7.334 -0.744 13.630 0.767060 0.273645 0.760931 0.269003 0.790516 0.252578
3 16 -10.684 -1.841 12.013 -7.896 -0.966 14.197 -7.334 -0.744 13.630 0.760931 0.269003 0.785040 0.247892 0.790516 0.252578
3 16 3.845 -0.223 15.089 4.157 -0.517 15.833 7.334 -0.744 13.630 0.887179 0.237330 0.890168 0.230479 0.917817 0.249988
3 16 4.157 -0.517 15.833 7.896 -0.966 14.197 7.334 -0.744 13.630 0.890168 0.230479 0.923102 0.245083 0.917817 0.249988
3 16 -7.334 -0.744 13.630 -7.896 -0.966 14.197 -3.845 -0.223 15.089 0.790516 0.252578 0.785040 0.247892 0.820606 0.238669
3 16 -7.896 -0.966 14.197 -4.157 -0.517 15.833 -3.845 -0.223 15.089 0.785040 0.247892 0.817347 0.231944 0.820606 0.238669
3 16 0.000 0.000 15.594 0.000 -0.355 16.383 3.845 -0.223 15.089 0.853794 0.233378 0.853646 0.225832 0.887179 0.237330
3 16 0.000 -0.355 16.383 4.157 -0.517 15.833 3.845 -0.223 15.089 0.853646 0.225832 0.890168 0.230479 0.887179 0.237330
3 16 -3.845 -0.223 15.089 -4.157 -0.517 15.833 0.000 0.000 15.594 0.820606 0.238669 0.817347 0.231944 0.853794 0.233378
3 16 -4.157 -0.517 15.833 0.000 -0.355 16.383 0.000 0.000 15.594 0.817347 0.231944 0.853646 0.225832 0.853794 0.233378
3 16 14.031 -5.539 3.222 13.060 -6.057 2.133 13.441 -4.048 6.246 0.979830 0.348119 0.971487 0.358708 0.972968 0.318781
3 16 13.060 -6.057 2.133 12.536 -4.408 5.595 13.441 -4.048 6.246 0.971487 0.358708 0.965442 0.325593 0.972968 0.318781
3 16 13.441 -4.048 6.246 12.536 -4.408 5.595 12.078 -2.689 8.928 0.972968 0.318781 0.965442 0.325593 0.960001 0.293218
3 16 12.536 -4.408 5.595 11.296 -3.067 8.223 12.078 -2.689 8.928 0.965442 0.325593 0.953433 0.300404 0.960001 0.293218
3 16 12.078 -2.689 8.928 11.296 -3.067 8.223 10.077 -1.599 11.414 0.960001 0.293218 0.953433 0.300404 0.942111 0.270066
3 16 11.296 -3.067 8.223 9.276 -1.884 10.848 10.077 -1.599 11.414 0.953433 0.300404 0.935299 0.275752 0.942111 0.270066
3 16 6.516 -0.983 12.984 7.334 -0.744 13.630 9.276 -1.884 10.848 0.910876 0.256162 0.917817 0.249988 0.935299 0.275752
3 16 7.334 -0.744 13.630 10.077 -1.599 11.414 9.276 -1.884 10.848 0.917817 0.249988 0.942111 0.270066 0.935299 0.275752
3 16 3.346 -0.607 14.253 3.845 -0.223 15.089 6.516 -0.983 12.984 0.883067 0.245445 0.887179 0.237330 0.910876 0.256162
3 16 3.845 -0.223 15.089 7.334 -0.744 13.630 6.516 -0.983 12.984 0.887179 0.237330 0.917817 0.249988 0.910876 0.256162
3 16 0.000 -0.454 14.688 0.000 0.000 15.594 3.346 -0.607 14.253 0.853965 0.242148 0.853794 0.233378 0.883067 0.245445
3 16 0.000 0.000 15.594 3.845 -0.223 15.089 3.346 -0.607 14.253 0.853794 0.233378 0.887179 0.237330 0.883067 0.245445
3 16 -3.346 -0.607 14.253 -3.845 -0.223 15.089 0.000 -0.454 14.688 0.825037 0.246612 0.820606 0.238669 0.853965 0.242148
3 16 -3.845 -0.223 15.089 0.000 0.000 15.594 0.000 -0.454 14.688 0.820606 0.238669 0.853794 0.233378 0.853965 0.242148
3 16 -6.516 -0.983 12.984 -7.334 -0.744 13.630 -3.346 -0.607 14.253 0.797700 0.258464 0.790516 0.252578 0.825037 0.246612
3 16 -7.334 -0.744 13.630 -3.845 -0.223 15.089 -3.346 -0.607 14.253 0.790516 0.252578 0.820606 0.238669 0.825037 0.246612
3 16 -9.276 -1.884 10.848 -10.077 -1.599 11.414 -6.516 -0.983 12.984 0.774098 0.279052 0.767060 0.273645 0.797700 0.258464
3 16 -10.077 -1.599 11.414 -7.334 -0.744 13.630 -6.516 -0.983 12.984 0.767060 0.273645 0.790516 0.252578 0.797700 0.258464
3 16 -10.077 -1.599 11.414 -9.276 -1.884 10.848 -12.078 -2.689 8.928 0.767060 0.273645 0.774098 0.279052 0.750107 0.297523
3 16 -9.276 -1.884 10.848 -11.296 -3.067 8.223 -12.078 -2.689 8.928 0.774098 0.279052 0.756969 0.304400 0.750107 0.297523
3 16 -12.078 -2.689 8.928 -11.296 -3.067 8.223 -13.441 -4.048 6.246 0.750107 0.297523 0.756969 0.304400 0.738686 0.323847
3 16 -11.296 -3.067 8.223 -12.536 -4.408 5.595 -13.441 -4.048 6.246 0.756969 0.304400 0.746599 0.330276 0.738686 0.323847
3 16 -13.441 -4.048 6.246 -12.536 -4.408 5.595 -14.031 -5.539 3.222 0.738686 0.323847 0.746599 0.330276 0.733752 0.353578
3 16 -12.536 -4.408 5.595 -13.060 -6.057 2.133 -14.031 -5.539 3.222 0.746599 0.330276 0.742619 0.363859 0.733752 0.353578
3 16 14.379 -5.029 7.313 14.839 -5.556 3.668 14.009 -4.169 6.895 0.088425 0.897689 0.058472 0.885713 0.089681 0.888861
3 16 14.839 -5.556 3.668 14.447 -5.514 3.514 14.009 -4.169 6.895 0.058472 0.885713 0.058575 0.882031 0.089681 0.888861
3 16 -14.379 -5.029 7.313 -14.009 -4.169 6.895 -14.839 -5.556 3.668 0.084783 0.959270 0.086042 0.968097 0.054835 0.971255
3 16 -14.009 -4.169 6.895 -14.447 -5.514 3.514 -14.839 -5.556 3.668 0.086042 0.968097 0.054939 0.974938 0.054835 0.971255
3 16 13.441 -4.048 6.246 14.009 -4.169 6.895 14.031 -5.539 3.222 0.972968 0.318781 0.978532 0.313646 0.979830 0.348119
3 16 14.009 -4.169 6.895 14.447 -5.514 3.514 14.031 -5.539 3.222 0.978532 0.313646 0.983270 0.345339 0.979830 0.348119
3 16 -14.031 -5.539 3.222 -14.447 -5.514 3.514 -13.441 -4.048 6.246 0.733752 0.353578 0.730193 0.350934 0.738686 0.323847
3 16 -14.447 -5.514 3.514 -14.009 -4.169 6.895 -13.441 -4.048 6.246 0.730193 0.350934 0.732824 0.319002 0.738686 0.323847
3 16 0.000 -10.080 -11.972 0.000 -12.999 -10.919 3.329 -9.896 -11.385 -0.000008 0.336740 0.027307 0.336739 0.001161 0.367552
3 16 0.000 -12.999 -10.919 3.138 -13.071 -10.405 3.329 -9.896 -11.385 0.027307 0.336739 0.030195 0.363792 0.001161 0.367552
3 16 3.138 -13.071 -10.405 0.000 -12.999 -10.919 2.722 -16.294 -8.771 0.030195 0.363792 0.027307 0.336739 0.061864 0.359654
3 16 0.000 -12.999 -10.919 0.000 -16.196 -9.201 2.722 -16.294 -8.771 0.027307 0.336739 0.059053 0.336738 0.061864 0.359654
3 16 -6.802 -9.190 -9.978 -6.365 -12.897 -9.160 -3.329 -9.896 -11.385 0.002477 0.270968 0.034652 0.280542 0.001159 0.305928
3 16 -6.365 -12.897 -9.160 -3.138 -13.071 -10.405 -3.329 -9.896 -11.385 0.034652 0.280542 0.030193 0.309686 0.001159 0.305928
3 16 -3.138 -13.071 -10.405 -6.365 -12.897 -9.160 -2.722 -16.294 -8.771 0.030193 0.309686 0.034652 0.280542 0.061862 0.313822
3 16 -6.365 -12.897 -9.160 -5.528 -16.084 -7.708 -2.722 -16.294 -8.771 0.034652 0.280542 0.065029 0.288866 0.061862 0.313822
3 16 6.802 -9.190 -9.978 6.365 -12.897 -9.160 9.512 -8.303 -7.505 0.002483 0.402512 0.034656 0.392935 0.007634 0.437129
3 16 6.365 -12.897 -9.160 9.122 -12.864 -7.029 9.512 -8.303 -7.505 0.034656 0.392935 0.044279 0.420696 0.007634 0.437129
3 16 9.122 -12.864 -7.029 6.365 -12.897 -9.160 7.924 -16.070 -5.849 0.044279 0.420696 0.034656 0.392935 0.073466 0.408600
3 16 6.365 -12.897 -9.160 5.528 -16.084 -7.708 7.924 -16.070 -5.849 0.034656 0.392935 0.065033 0.384609 0.073466 0.408600
3 16 -11.256 -7.591 -4.858 -11.024 -12.591 -4.635 -9.512 -8.303 -7.505 0.015880 0.206855 0.053501 0.228886 0.007626 0.236351
3 16 -11.024 -12.591 -4.635 -9.122 -12.864 -7.029 -9.512 -8.303 -7.505 0.053501 0.228886 0.044272 0.252781 0.007626 0.236351
3 16 -9.122 -12.864 -7.029 -11.024 -12.591 -4.635 -7.924 -16.070 -5.849 0.044272 0.252781 0.053501 0.228886 0.073460 0.264875
3 16 -11.024 -12.591 -4.635 -9.653 -15.790 -3.826 -7.924 -16.070 -5.849 0.053501 0.228886 0.080647 0.243846 0.073460 0.264875
3 16 11.256 -7.591 -4.858 11.024 -12.591 -4.635 12.660 -6.661 -1.296 0.015890 0.466624 0.053509 0.444590 0.029205 0.501487
3 16 11.024 -12.591 -4.635 12.255 -12.277 -1.837 12.660 -6.661 -1.296 0.053509 0.444590 0.064882 0.467433 0.029205 0.501487
3 16 12.255 -12.277 -1.837 11.024 -12.591 -4.635 10.774 -15.659 -1.354 0.064882 0.467433 0.053509 0.444590 0.091785 0.449297
3 16 11.024 -12.591 -4.635 9.653 -15.790 -3.826 10.774 -15.659 -1.354 0.053509 0.444590 0.080654 0.429628 0.091785 0.449297
3 16 -13.060 -6.057 2.133 -12.816 -11.835 1.452 -12.660 -6.661 -1.296 0.046275 0.143176 0.078925 0.181925 0.029192 0.171990
3 16 -12.816 -11.835 1.452 -12.255 -12.277 -1.837 -12.660 -6.661 -1.296 0.078925 0.181925 0.064871 0.206042 0.029192 0.171990
3 16 -12.255 -12.277 -1.837 -12.816 -11.835 1.452 -10.774 -15.659 -1.354 0.064871 0.206042 0.078925 0.181925 0.091776 0.224176
3 16 -12.816 -11.835 1.452 -11.495 -15.256 1.656 -10.774 -15.659 -1.354 0.078925 0.181925 0.103920 0.201501 0.091776 0.224176
3 16 13.060 -6.057 2.133 14.031 -5.539 3.222 12.660 -6.661 -1.296 0.971487 0.358708 0.979830 0.348119 0.968017 0.388862
3 16 14.031 -5.539 3.222 13.440 -5.781 -1.379 12.660 -6.661 -1.296 0.979830 0.348119 0.978253 0.388891 0.968017 0.388862
3 16 -12.660 -6.661 -1.296 -13.440 -5.781 -1.379 -13.060 -6.057 2.133 0.746813 0.394185 0.736608 0.394493 0.742619 0.363859
3 16 -13.440 -5.781 -1.379 -14.031 -5.539 3.222 -13.060 -6.057 2.133 0.736608 0.394493 0.733752 0.353578 0.742619 0.363859
3 16 12.155 -6.628 -5.335 11.256 -7.591 -4.858 13.440 -5.781 -1.379 0.967051 0.424266 0.955449 0.420566 0.978253 0.388891
3 16 11.256 -7.591 -4.858 12.660 -6.661 -1.296 13.440 -5.781 -1.379 0.955449 0.420566 0.968017 0.388862 0.978253 0.388891
3 16 -13.440 -5.781 -1.379 -12.660 -6.661 -1.296 -12.155 -6.628 -5.335 0.736608 0.394493 0.746813 0.394185 0.748719 0.429877
3 16 -12.660 -6.661 -1.296 -11.256 -7.591 -4.858 -12.155 -6.628 -5.335 0.746813 0.394185 0.760091 0.425716 0.748719 0.429877
3 16 11.256 -7.591 -4.858 12.155 -6.628 -5.335 9.512 -8.303 -7.505 0.955449 0.420566 0.967051 0.424266 0.940958 0.444710
3 16 12.155 -6.628 -5.335 10.305 -7.798 -8.863 9.512 -8.303 -7.505 0.967051 0.424266 0.949767 0.456104 0.940958 0.444710
3 16 -9.512 -8.303 -7.505 -10.305 -7.798 -8.863 -11.256 -7.591 -4.858 0.775906 0.449107 0.767673 0.460976 0.760091 0.425716
3 16 -10.305 -7.798 -8.863 -12.155 -6.628 -5.335 -11.256 -7.591 -4.858 0.767673 0.460976 0.748719 0.429877 0.760091 0.425716
3 16 7.490 -8.865 -11.628 6.802 -9.190 -9.978 10.305 -7.798 -8.863 0.925128 0.481871 0.917857 0.467849 0.949767 0.456104
3 16 6.802 -9.190 -9.978 9.512 -8.303 -7.505 10.305 -7.798 -8.863 0.917857 0.467849 0.940958 0.444710 0.949767 0.456104
3 16 -10.305 -7.798 -8.863 -9.512 -8.303 -7.505 -7.490 -8.865 -11.628 0.767673 0.460976 0.775906 0.449107 0.793667 0.485578
3 16 -9.512 -8.303 -7.505 -6.802 -9.190 -9.978 -7.490 -8.865 -11.628 0.775906 0.449107 0.800183 0.471162 0.793667 0.485578
3 16 -3.329 -9.896 -11.385 -3.667 -9.641 -13.255 -6.802 -9.190 -9.978 0.830677 0.483573 0.827761 0.499809 0.800183 0.471162
3 16 -3.667 -9.641 -13.255 -7.490 -8.865 -11.628 -6.802 -9.190 -9.978 0.827761 0.499809 0.793667 0.485578 0.800183 0.471162
3 16 6.802 -9.190 -9.978 7.490 -8.865 -11.628 3.329 -9.896 -11.385 0.917857 0.467849 0.925128 0.481871 0.888015 0.481717
3 16 7.490 -8.865 -11.628 3.667 -9.641 -13.255 3.329 -9.896 -11.385 0.925128 0.481871 0.891900 0.497819 0.888015 0.481717
3 16 0.000 -10.080 -11.972 0.000 -9.877 -13.684 -3.329 -9.896 -11.385 0.859506 0.487952 0.859967 0.502805 0.830677 0.483573
3 16 0.000 -9.877 -13.684 -3.667 -9.641 -13.255 -3.329 -9.896 -11.385 0.859967 0.502805 0.827761 0.499809 0.830677 0.483573
3 16 3.329 -9.896 -11.385 3.667 -9.641 -13.255 0.000 -10.080 -11.972 0.888015 0.481717 0.891900 0.497819 0.859506 0.487952
3 16 3.667 -9.641 -13.255 0.000 -9.877 -13.684 0.000 -10.080 -11.972 0.891900 0.497819 0.859967 0.502805 0.859506 0.487952
3 16 4.482 -9.585 -18.830 3.667 -9.641 -13.255 7.886 -8.853 -17.588 0.900887 0.545854 0.891900 0.497819 0.930955 0.533544
3 16 3.667 -9.641 -13.255 7.490 -8.865 -11.628 7.886 -8.853 -17.588 0.891900 0.497819 0.925128 0.481871 0.930955 0.533544
3 16 -4.482 -9.585 -18.830 -7.886 -8.853 -17.588 -3.667 -9.641 -13.255 0.821765 0.548257 0.790896 0.537648 0.827761 0.499809
3 16 -7.886 -8.853 -17.588 -7.490 -8.865 -11.628 -3.667 -9.641 -13.255 0.790896 0.537648 0.793667 0.485578 0.827761 0.499809
3 16 7.886 -8.853 -17.588 7.490 -8.865 -11.628 11.223 -7.472 -14.624 0.930955 0.533544 0.925128 0.481871 0.961197 0.505918
3 16 -7.886 -8.853 -17.588 -11.223 -7.472 -14.624 -7.490 -8.865 -11.628 0.790896 0.537648 0.759010 0.511584 0.793667 0.485578
3 16 11.223 -7.472 -14.624 7.490 -8.865 -11.628 13.162 -6.341 -10.583 0.961197 0.505918 0.925128 0.481871 0.978994 0.469589
3 16 7.490 -8.865 -11.628 10.305 -7.798 -8.863 13.162 -6.341 -10.583 0.925128 0.481871 0.949767 0.456104 0.978994 0.469589
3 16 -13.162 -6.341 -10.583 -10.305 -7.798 -8.863 -11.223 -7.472 -14.624 0.739199 0.475991 0.767673 0.460976 0.759010 0.511584
3 16 -10.305 -7.798 -8.863 -7.490 -8.865 -11.628 -11.223 -7.472 -14.624 0.767673 0.460976 0.793667 0.485578 0.759010 0.511584
3 16 13.162 -6.341 -10.583 10.305 -7.798 -8.863 14.022 -5.735 -6.280 0.978994 0.469589 0.949767 0.456104 0.985983 0.431477
3 16 10.305 -7.798 -8.863 12.155 -6.628 -5.335 14.022 -5.735 -6.280 0.949767 0.456104 0.967051 0.424266 0.985983 0.431477
3 16 -13.162 -6.341 -10.583 -14.022 -5.735 -6.280 -10.305 -7.798 -8.863 0.739199 0.475991 0.730122 0.437894 0.767673 0.460976
3 16 -14.022 -5.735 -6.280 -12.155 -6.628 -5.335 -10.305 -7.798 -8.863 0.730122 0.437894 0.748719 0.429877 0.767673 0.460976
3 16 14.022 -5.735 -6.280 12.155 -6.628 -5.335 14.515 -5.615 -1.442 0.985983 0.431477 0.967051 0.424266 0.988010 0.388760
3 16 12.155 -6.628 -5.335 13.440 -5.781 -1.379 14.515 -5.615 -1.442 0.967051 0.424266 0.978253 0.388891 0.988010 0.388760
3 16 -14.022 -5.735 -6.280 -14.515 -5.615 -1.442 -12.155 -6.628 -5.335 0.730122 0.437894 0.726843 0.394655 0.748719 0.429877
3 16 -14.515 -5.615 -1.442 -13.440 -5.781 -1.379 -12.155 -6.628 -5.335 0.726843 0.394655 0.736608 0.394493 0.748719 0.429877
3 16 0.000 -9.877 -13.684 3.667 -9.641 -13.255 0.000 -9.877 -19.258 0.859967 0.502805 0.891900 0.497819 0.861480 0.551029
3 16 3.667 -9.641 -13.255 4.482 -9.585 -18.830 0.000 -9.877 -19.258 0.891900 0.497819 0.900887 0.545854 0.861480 0.551029
3 16 0.000 -9.877 -13.684 0.000 -9.877 -19.258 -3.667 -9.641 -13.255 0.859967 0.502805 0.861480 0.551029 0.827761 0.499809
3 16 0.000 -9.877 -19.258 -4.482 -9.585 -18.830 -3.667 -9.641 -13.255 0.861480 0.551029 0.821765 0.548257 0.827761 0.499809
3 16 14.031 -5.539 3.222 14.447 -5.514 3.514 13.440 -5.781 -1.379 0.979830 0.348119 0.983270 0.345339 0.978253 0.388891
3 16 14.447 -5.514 3.514 14.515 -5.615 -1.442 13.440 -5.781 -1.379 0.983270 0.345339 0.988010 0.388760 0.978253 0.388891
3 16 -13.440 -5.781 -1.379 -14.515 -5.615 -1.442 -14.031 -5.539 3.222 0.736608 0.394493 0.726843 0.394655 0.733752 0.353578
3 16 -14.515 -5.615 -1.442 -14.447 -5.514 3.514 -14.031 -5.539 3.222 0.726843 0.394655 0.730193 0.350934 0.733752 0.353578
3 16 0.000 -9.877 -19.258 4.482 -9.585 -18.830 0.000 -12.560 -20.122 0.608931 0.547492 0.604878 0.508524 0.636044 0.548071
3 16 4.482 -9.585 -18.830 4.628 -12.257 -19.589 0.000 -12.560 -20.122 0.604878 0.508524 0.631386 0.505576 0.636044 0.548071
3 16 0.000 -9.877 -19.258 0.000 -12.560 -20.122 -4.482 -9.585 -18.830 0.608931 0.547492 0.636044 0.548071 0.603960 0.586196
3 16 0.000 -12.560 -20.122 -4.628 -12.257 -19.589 -4.482 -9.585 -18.830 0.636044 0.548071 0.630084 0.590584 0.603960 0.586196
3 16 14.447 -5.514 3.514 14.839 -5.556 3.668 14.515 -5.615 -1.442 0.983270 0.345339 0.986565 0.343696 0.988010 0.388760
3 16 -14.515 -5.615 -1.442 -14.839 -5.556 3.668 -14.447 -5.514 3.514 0.726843 0.394655 0.726847 0.349388 0.730193 0.350934
3 16 10.973 -15.437 4.563 11.495 -15.256 1.656 8.513 -17.940 1.649 0.122291 0.487994 0.103931 0.471972 0.130960 0.449028
3 16 11.495 -15.256 1.656 10.774 -15.659 -1.354 8.513 -17.940 1.649 0.103931 0.471972 0.091785 0.449297 0.130960 0.449028
3 16 -8.513 -17.940 1.649 -10.774 -15.659 -1.354 -10.973 -15.437 4.563 0.130951 0.224442 0.091776 0.224176 0.122279 0.185476
3 16 -10.774 -15.659 -1.354 -11.495 -15.256 1.656 -10.973 -15.437 4.563 0.091776 0.224176 0.103920 0.201501 0.122279 0.185476
3 16 9.653 -15.790 -3.826 7.373 -17.939 -2.608 10.774 -15.659 -1.354 0.080654 0.429628 0.106612 0.415011 0.091785 0.449297
3 16 7.373 -17.939 -2.608 8.513 -17.940 1.649 10.774 -15.659 -1.354 0.106612 0.415011 0.130960 0.449028 0.091785 0.449297
3 16 -10.774 -15.659 -1.354 -8.513 -17.940 1.649 -9.653 -15.790 -3.826 0.091776 0.224176 0.130951 0.224442 0.080647 0.243846
3 16 -8.513 -17.940 1.649 -7.373 -17.939 -2.608 -9.653 -15.790 -3.826 0.130951 0.224442 0.106606 0.258461 0.080647 0.243846
3 16 4.257 -17.939 -5.724 7.373 -17.939 -2.608 7.924 -16.070 -5.849 0.090609 0.377000 0.106612 0.415011 0.073466 0.408600
3 16 7.373 -17.939 -2.608 9.653 -15.790 -3.826 7.924 -16.070 -5.849 0.106612 0.415011 0.080654 0.429628 0.073466 0.408600
3 16 -7.924 -16.070 -5.849 -9.653 -15.790 -3.826 -4.257 -17.939 -5.724 0.073460 0.264875 0.080647 0.243846 0.090606 0.296473
3 16 -9.653 -15.790 -3.826 -7.373 -17.939 -2.608 -4.257 -17.939 -5.724 0.080647 0.243846 0.106606 0.258461 0.090606 0.296473
3 16 7.924 -16.070 -5.849 5.528 -16.084 -7.708 4.257 -17.939 -5.724 0.073466 0.408600 0.065033 0.384609 0.090609 0.377000
3 16 5.528 -16.084 -7.708 2.722 -16.294 -8.771 4.257 -17.939 -5.724 0.065033 0.384609 0.061864 0.359654 0.090609 0.377000
3 16 -4.257 -17.939 -5.724 -2.722 -16.294 -8.771 -7.924 -16.070 -5.849 0.090606 0.296473 0.061862 0.313822 0.073460 0.264875
3 16 -2.722 -16.294 -8.771 -5.528 -16.084 -7.708 -7.924 -16.070 -5.849 0.061862 0.313822 0.065029 0.288866 0.073460 0.264875
3 16 0.000 -16.196 -9.201 0.000 -17.940 -6.865 2.722 -16.294 -8.771 0.059053 0.336738 0.084989 0.336737 0.061864 0.359654
3 16 0.000 -17.940 -6.865 4.257 -17.939 -5.724 2.722 -16.294 -8.771 0.084989 0.336737 0.090609 0.377000 0.061864 0.359654
3 16 -2.722 -16.294 -8.771 -4.257 -17.939 -5.724 0.000 -16.196 -9.201 0.061862 0.313822 0.090606 0.296473 0.059053 0.336738
3 16 -4.257 -17.939 -5.724 0.000 -17.940 -6.865 0.000 -16.196 -9.201 0.090606 0.296473 0.084989 0.336737 0.059053 0.336738
3 16 8.513 -17.940 1.649 7.373 -17.939 5.905 10.973 -15.437 4.563 0.130960 0.449028 0.161504 0.478169 0.122291 0.487994
3 16 7.373 -17.939 5.905 9.817 -15.411 7.343 10.973 -15.437 4.563 0.161504 0.478169 0.140773 0.504505 0.122291 0.487994
3 16 -10.973 -15.437 4.563 -9.814 -15.417 7.341 -8.513 -17.940 1.649 0.122279 0.185476 0.140796 0.169010 0.130951 0.224442
3 16 -9.814 -15.417 7.341 -7.373 -17.938 5.905 -8.513 -17.940 1.649 0.140796 0.169010 0.161486 0.195292 0.130951 0.224442
3 16 9.817 -15.411 7.343 7.373 -17.939 5.905 8.003 -15.500 9.596 0.140773 0.504505 0.161504 0.478169 0.160785 0.517661
3 16 7.373 -17.939 5.905 4.257 -17.938 9.021 8.003 -15.500 9.596 0.161504 0.478169 0.196422 0.501812 0.160785 0.517661
3 16 -8.003 -15.500 9.596 -4.257 -17.938 9.021 -9.814 -15.417 7.341 0.160771 0.155808 0.196408 0.171655 0.140796 0.169010
3 16 -4.257 -17.938 9.021 -7.373 -17.938 5.905 -9.814 -15.417 7.341 0.196408 0.171655 0.161486 0.195292 0.140796 0.169010
3 16 2.925 -15.494 12.521 5.656 -15.397 11.470 4.257 -17.938 9.021 0.204266 0.541404 0.181650 0.531665 0.196422 0.501812
3 16 5.656 -15.397 11.470 8.003 -15.500 9.596 4.257 -17.938 9.021 0.181650 0.531665 0.160785 0.517661 0.196422 0.501812
3 16 -4.257 -17.938 9.021 -8.003 -15.500 9.596 -2.925 -15.494 12.521 0.196408 0.171655 0.160771 0.155808 0.204250 0.132063
3 16 -8.003 -15.500 9.596 -5.655 -15.397 11.471 -2.925 -15.494 12.521 0.160771 0.155808 0.181638 0.141802 0.204250 0.132063
3 16 4.257 -17.938 9.021 0.000 -17.937 10.162 2.925 -15.494 12.521 0.196422 0.501812 0.233767 0.516635 0.204266 0.541404
3 16 0.000 -17.937 10.162 0.000 -15.420 13.031 2.925 -15.494 12.521 0.233767 0.516635 0.228065 0.551155 0.204266 0.541404
3 16 -2.925 -15.494 12.521 0.000 -15.420 13.031 -4.257 -17.938 9.021 0.204250 0.132063 0.228049 0.122311 0.196408 0.171655
3 16 0.000 -15.420 13.031 0.000 -17.937 10.162 -4.257 -17.938 9.021 0.228049 0.122311 0.233753 0.156831 0.196408 0.171655
3 16 0.000 -23.486 1.386 -0.031 -23.877 3.671 -3.370 -23.180 2.011 0.446415 0.193626 0.446115 0.213839 0.417444 0.197659
3 16 -0.031 -23.877 3.671 -1.749 -23.801 4.142 -3.370 -23.180 2.011 0.446115 0.213839 0.430720 0.217724 0.417444 0.197659
3 16 4.648 -23.027 4.810 2.967 -23.687 5.356 3.370 -23.180 2.011 0.488822 0.220882 0.474048 0.227804 0.475385 0.197699
3 16 2.967 -23.687 5.356 1.695 -23.836 4.115 3.370 -23.180 2.011 0.474048 0.227804 0.461546 0.217584 0.475385 0.197699
3 16 0.000 -17.903 -12.988 -3.537 -17.707 -12.488 0.000 -15.956 -17.732 0.446404 0.059505 0.414795 0.063077 0.446405 0.014935
3 16 -3.537 -17.707 -12.488 -4.202 -15.550 -17.131 0.000 -15.956 -17.732 0.414795 0.063077 0.408207 0.018658 0.446405 0.014935
3 16 3.537 -17.707 -12.488 0.000 -17.903 -12.988 4.202 -15.550 -17.131 0.478013 0.063077 0.446404 0.059505 0.484601 0.018657
3 16 0.000 -17.903 -12.988 0.000 -15.956 -17.732 4.202 -15.550 -17.131 0.446404 0.059505 0.446405 0.014935 0.484601 0.018657
3 16 0.000 -21.295 -5.144 0.000 -22.540 -1.888 -3.256 -20.957 -5.132 0.446412 0.133479 0.446416 0.163711 0.418402 0.132509
3 16 0.000 -22.540 -1.888 -3.355 -22.187 -1.723 -3.256 -20.957 -5.132 0.446416 0.163711 0.417916 0.163948 0.418402 0.132509
3 16 0.000 -22.540 -1.888 0.000 -21.295 -5.144 3.355 -22.187 -1.723 0.446416 0.163711 0.446412 0.133479 0.474915 0.163968
3 16 0.000 -21.295 -5.144 3.256 -20.957 -5.132 3.355 -22.187 -1.723 0.446412 0.133479 0.474421 0.132518 0.474915 0.163968
3 16 0.000 -17.903 -12.988 0.000 -19.713 -8.788 -3.537 -17.707 -12.488 0.446404 0.059505 0.446408 0.098986 0.414795 0.063077
3 16 0.000 -19.713 -8.788 -3.325 -19.419 -8.665 -3.537 -17.707 -12.488 0.446408 0.098986 0.417218 0.099286 0.414795 0.063077
3 16 0.000 -19.713 -8.788 0.000 -17.903 -12.988 3.325 -19.419 -8.665 0.446408 0.098986 0.446404 0.059505 0.475595 0.099288
3 16 0.000 -17.903 -12.988 3.537 -17.707 -12.488 3.325 -19.419 -8.665 0.446404 0.059505 0.478013 0.063077 0.475595 0.099288
3 16 -2.323 -22.081 11.257 -1.695 -23.038 10.058 -0.026 -21.980 11.839 0.405235 0.284232 0.416431 0.274968 0.420235 0.298477
3 16 -1.695 -23.038 10.058 0.000 -22.904 10.471 -0.026 -21.980 11.839 0.416431 0.274968 0.427524 0.285647 0.420235 0.298477
3 16 2.323 -22.081 11.257 -0.026 -21.980 11.839 1.749 -23.073 10.031 0.487796 0.284447 0.472479 0.299015 0.476744 0.274701
3 16 -0.026 -21.980 11.839 0.000 -22.904 10.471 1.749 -23.073 10.031 0.472479 0.299015 0.465508 0.286018 0.476744 0.274701
3 16 2.323 -22.081 11.257 1.749 -23.073 10.031 4.556 -22.263 9.734 0.487796 0.284447 0.476744 0.274701 0.499784 0.264022
3 16 1.749 -23.073 10.031 2.998 -23.247 8.771 4.556 -22.263 9.734 0.476744 0.274701 0.482252 0.259409 0.499784 0.264022
3 16 -4.964 -22.823 7.162 -3.444 -23.402 7.113 -4.556 -22.263 9.734 0.397342 0.240677 0.411239 0.243125 0.393162 0.263893
3 16 -3.444 -23.402 7.113 -2.967 -23.186 8.817 -4.556 -22.263 9.734 0.411239 0.243125 0.410575 0.259817 0.393162 0.263893
3 16 4.964 -22.823 7.162 3.444 -23.472 7.060 4.648 -23.027 4.810 0.495528 0.240778 0.481290 0.242735 0.488822 0.220882
3 16 3.444 -23.472 7.060 2.967 -23.687 5.356 4.648 -23.027 4.810 0.481290 0.242735 0.474048 0.227804 0.488822 0.220882
3 16 -4.648 -23.027 4.810 -2.998 -23.627 5.402 -4.964 -22.823 7.162 0.404023 0.220808 0.418291 0.228076 0.397342 0.240677
3 16 -2.998 -23.627 5.402 -3.444 -23.402 7.113 -4.964 -22.823 7.162 0.418291 0.228076 0.411239 0.243125 0.397342 0.240677
3 16 -14.536 -14.831 -0.994 -13.620 -14.991 -4.462 -12.197 -17.572 -0.986 0.301064 0.152915 0.313431 0.123754 0.331702 0.158351
3 16 -13.620 -14.991 -4.462 -11.528 -17.217 -3.954 -12.197 -17.572 -0.986 0.313431 0.123754 0.338720 0.132872 0.331702 0.158351
3 16 14.536 -14.831 -0.994 13.620 -14.991 -4.462 17.362 -10.660 -1.717 0.591753 0.152852 0.579371 0.123711 0.633888 0.139091
3 16 13.620 -14.991 -4.462 16.074 -11.401 -5.759 17.362 -10.660 -1.717 0.579371 0.123711 0.614281 0.104874 0.633888 0.139091
3 16 -13.620 -14.991 -4.462 -12.314 -15.187 -7.611 -11.528 -17.217 -3.954 0.313431 0.123754 0.328598 0.097516 0.338720 0.132872
3 16 -12.314 -15.187 -7.611 -10.930 -16.855 -6.145 -11.528 -17.217 -3.954 0.328598 0.097516 0.344388 0.113726 0.338720 0.132872
3 16 13.620 -14.991 -4.462 12.314 -15.187 -7.611 16.074 -11.401 -5.759 0.579371 0.123711 0.564199 0.097489 0.614281 0.104874
3 16 12.314 -15.187 -7.611 13.927 -12.612 -10.008 16.074 -11.401 -5.759 0.564199 0.097489 0.585037 0.070957 0.614281 0.104874
3 16 -3.537 -17.707 -12.488 -6.802 -17.118 -11.522 -4.202 -15.550 -17.131 0.414795 0.063077 0.384760 0.069520 0.408207 0.018658
3 16 -6.802 -17.118 -11.522 -7.646 -14.944 -15.835 -4.202 -15.550 -17.131 0.384760 0.069520 0.375820 0.027827 0.408207 0.018658
3 16 6.802 -17.118 -11.522 3.537 -17.707 -12.488 7.646 -14.944 -15.835 0.508044 0.069517 0.478013 0.063077 0.516983 0.027822
3 16 3.537 -17.707 -12.488 4.202 -15.550 -17.131 7.646 -14.944 -15.835 0.478013 0.063077 0.484601 0.018657 0.516983 0.027822
3 16 -6.802 -17.118 -11.522 -9.751 -16.117 -10.163 -7.646 -14.944 -15.835 0.384760 0.069520 0.355793 0.078279 0.375820 0.027827
3 16 -9.751 -16.117 -10.163 -10.899 -13.883 -13.612 -7.646 -14.944 -15.835 0.355793 0.078279 0.342457 0.043603 0.375820 0.027827
3 16 9.751 -16.117 -10.163 6.802 -17.118 -11.522 10.899 -13.883 -13.612 0.537006 0.078267 0.508044 0.069517 0.550339 0.043590
3 16 6.802 -17.118 -11.522 7.646 -14.944 -15.835 10.899 -13.883 -13.612 0.508044 0.069517 0.516983 0.027822 0.550339 0.043590
3 16 -6.802 -17.118 -11.522 -3.537 -17.707 -12.488 -6.443 -18.748 -8.073 0.384760 0.069520 0.414795 0.063077 0.389014 0.102365
3 16 -3.537 -17.707 -12.488 -3.325 -19.419 -8.665 -6.443 -18.748 -8.073 0.414795 0.063077 0.417218 0.099286 0.389014 0.102365
3 16 6.443 -18.748 -8.073 3.325 -19.419 -8.665 6.802 -17.118 -11.522 0.503796 0.102365 0.475595 0.099288 0.508044 0.069517
3 16 3.325 -19.419 -8.665 3.537 -17.707 -12.488 6.802 -17.118 -11.522 0.475595 0.099288 0.478013 0.063077 0.508044 0.069517
3 16 -9.751 -16.117 -10.163 -6.802 -17.118 -11.522 -9.065 -17.690 -7.140 0.355793 0.078279 0.384760 0.069520 0.363381 0.107349
3 16 -6.802 -17.118 -11.522 -6.443 -18.748 -8.073 -9.065 -17.690 -7.140 0.384760 0.069520 0.389014 0.102365 0.363381 0.107349
3 16 9.065 -17.690 -7.140 6.443 -18.748 -8.073 9.751 -16.117 -10.163 0.529425 0.107342 0.503796 0.102365 0.537006 0.078267
3 16 6.443 -18.748 -8.073 6.802 -17.118 -11.522 9.751 -16.117 -10.163 0.503796 0.102365 0.508044 0.069517 0.537006 0.078267
3 16 -9.751 -16.117 -10.163 -12.314 -15.187 -7.611 -10.899 -13.883 -13.612 0.355793 0.078279 0.328598 0.097516 0.342457 0.043603
3 16 -12.314 -15.187 -7.611 -13.927 -12.612 -10.008 -10.899 -13.883 -13.612 0.328598 0.097516 0.307752 0.070991 0.342457 0.043603
3 16 12.314 -15.187 -7.611 9.751 -16.117 -10.163 13.927 -12.612 -10.008 0.564199 0.097489 0.537006 0.078267 0.585037 0.070957
3 16 9.751 -16.117 -10.163 10.899 -13.883 -13.612 13.927 -12.612 -10.008 0.537006 0.078267 0.550339 0.043590 0.585037 0.070957
3 16 -13.620 -14.991 -4.462 -14.536 -14.831 -0.994 -16.074 -11.401 -5.759 0.313431 0.123754 0.301064 0.152915 0.278509 0.104942
3 16 -14.536 -14.831 -0.994 -17.362 -10.660 -1.717 -16.074 -11.401 -5.759 0.301064 0.152915 0.258917 0.139197 0.278509 0.104942
3 16 -12.314 -15.187 -7.611 -13.620 -14.991 -4.462 -13.927 -12.612 -10.008 0.328598 0.097516 0.313431 0.123754 0.307752 0.070991
3 16 -13.620 -14.991 -4.462 -16.074 -11.401 -5.759 -13.927 -12.612 -10.008 0.313431 0.123754 0.278509 0.104942 0.307752 0.070991
3 16 14.536 -14.831 -0.994 12.197 -17.572 -0.986 13.620 -14.991 -4.462 0.591753 0.152852 0.561119 0.158323 0.579371 0.123711
3 16 12.197 -17.572 -0.986 11.528 -17.217 -3.954 13.620 -14.991 -4.462 0.561119 0.158323 0.554090 0.132850 0.579371 0.123711
3 16 12.314 -15.187 -7.611 13.620 -14.991 -4.462 10.930 -16.855 -6.145 0.564199 0.097489 0.579371 0.123711 0.548416 0.113708
3 16 13.620 -14.991 -4.462 11.528 -17.217 -3.954 10.930 -16.855 -6.145 0.579371 0.123711 0.554090 0.132850 0.548416 0.113708
3 16 -10.930 -16.855 -6.145 -12.314 -15.187 -7.611 -9.065 -17.690 -7.140 0.344388 0.113726 0.328598 0.097516 0.363381 0.107349
3 16 -12.314 -15.187 -7.611 -9.751 -16.117 -10.163 -9.065 -17.690 -7.140 0.328598 0.097516 0.355793 0.078279 0.363381 0.107349
3 16 12.314 -15.187 -7.611 10.930 -16.855 -6.145 9.751 -16.117 -10.163 0.564199 0.097489 0.548416 0.113708 0.537006 0.078267
3 16 10.930 -16.855 -6.145 9.065 -17.690 -7.140 9.751 -16.117 -10.163 0.548416 0.113708 0.529425 0.107342 0.537006 0.078267
3 16 -14.536 -14.831 -0.994 -14.903 -14.842 2.763 -17.362 -10.660 -1.717 0.301064 0.152915 0.293462 0.185220 0.258917 0.139197
3 16 -14.903 -14.842 2.763 -17.798 -10.196 2.806 -17.362 -10.660 -1.717 0.293462 0.185220 0.246376 0.179206 0.258917 0.139197
3 16 14.903 -14.842 2.763 14.536 -14.831 -0.994 17.798 -10.196 2.806 0.599383 0.185137 0.591753 0.152852 0.646465 0.179057
3 16 14.536 -14.831 -0.994 17.362 -10.660 -1.717 17.798 -10.196 2.806 0.591753 0.152852 0.633888 0.139091 0.646465 0.179057
3 16 -14.903 -14.842 2.763 -14.536 -14.831 -0.994 -12.457 -17.821 2.422 0.293462 0.185220 0.301064 0.152915 0.326626 0.187299
3 16 -14.536 -14.831 -0.994 -12.197 -17.572 -0.986 -12.457 -17.821 2.422 0.301064 0.152915 0.331702 0.158351 0.326626 0.187299
3 16 12.457 -17.821 2.422 12.197 -17.572 -0.986 14.903 -14.842 2.763 0.566215 0.187263 0.561119 0.158323 0.599383 0.185137
3 16 12.197 -17.572 -0.986 14.536 -14.831 -0.994 14.903 -14.842 2.763 0.561119 0.158323 0.591753 0.152852 0.599383 0.185137
3 16 -9.479 -19.716 -1.206 -9.776 -20.294 1.989 -12.197 -17.572 -0.986 0.361348 0.161329 0.357947 0.188812 0.331702 0.158351
3 16 -9.776 -20.294 1.989 -12.457 -17.821 2.422 -12.197 -17.572 -0.986 0.357947 0.188812 0.326626 0.187299 0.331702 0.158351
3 16 12.197 -17.572 -0.986 12.457 -17.821 2.422 9.479 -19.716 -1.206 0.561119 0.158323 0.566215 0.187263 0.531474 0.161332
3 16 12.457 -17.821 2.422 9.776 -20.294 1.989 9.479 -19.716 -1.206 0.566215 0.187263 0.534890 0.188820 0.531474 0.161332
3 16 -6.885 -21.981 1.740 -6.589 -21.162 -1.557 -3.370 -23.180 2.011 0.386409 0.191295 0.389075 0.162236 0.417444 0.197659
3 16 -6.589 -21.162 -1.557 -3.355 -22.187 -1.723 -3.370 -23.180 2.011 0.389075 0.162236 0.417916 0.163948 0.417444 0.197659
3 16 6.885 -21.981 1.740 6.589 -21.162 -1.557 9.776 -20.294 1.989 0.506425 0.191332 0.503751 0.162255 0.534890 0.188820
3 16 6.589 -21.162 -1.557 9.479 -19.716 -1.206 9.776 -20.294 1.989 0.503751 0.162255 0.531474 0.161332 0.534890 0.188820
3 16 -3.355 -22.187 -1.723 0.000 -22.540 -1.888 -3.370 -23.180 2.011 0.417916 0.163948 0.446416 0.163711 0.417444 0.197659
3 16 0.000 -22.540 -1.888 0.000 -23.486 1.386 -3.370 -23.180 2.011 0.446416 0.163711 0.446415 0.193626 0.417444 0.197659
3 16 3.370 -23.180 2.011 0.000 -23.486 1.386 3.355 -22.187 -1.723 0.475385 0.197699 0.446415 0.193626 0.474915 0.163968
3 16 0.000 -23.486 1.386 0.000 -22.540 -1.888 3.355 -22.187 -1.723 0.446415 0.193626 0.446416 0.163711 0.474915 0.163968
3 16 0.000 -19.713 -8.788 0.000 -21.295 -5.144 -3.325 -19.419 -8.665 0.446408 0.098986 0.446412 0.133479 0.417218 0.099286
3 16 0.000 -21.295 -5.144 -3.256 -20.957 -5.132 -3.325 -19.419 -8.665 0.446412 0.133479 0.418402 0.132509 0.417218 0.099286
3 16 0.000 -21.295 -5.144 0.000 -19.713 -8.788 3.256 -20.957 -5.132 0.446412 0.133479 0.446408 0.098986 0.474421 0.132518
3 16 0.000 -19.713 -8.788 3.325 -19.419 -8.665 3.256 -20.957 -5.132 0.446408 0.098986 0.475595 0.099288 0.474421 0.132518
3 16 -6.443 -18.748 -8.073 -3.325 -19.419 -8.665 -6.380 -20.076 -4.786 0.389014 0.102365 0.417218 0.099286 0.390354 0.132901
3 16 -3.325 -19.419 -8.665 -3.256 -20.957 -5.132 -6.380 -20.076 -4.786 0.417218 0.099286 0.418402 0.132509 0.390354 0.132901
3 16 6.380 -20.076 -4.786 3.256 -20.957 -5.132 6.443 -18.748 -8.073 0.502464 0.132909 0.474421 0.132518 0.503796 0.102365
3 16 3.256 -20.957 -5.132 3.325 -19.419 -8.665 6.443 -18.748 -8.073 0.474421 0.132518 0.475595 0.099288 0.503796 0.102365
3 16 -6.885 -21.981 1.740 -9.776 -20.294 1.989 -6.589 -21.162 -1.557 0.386409 0.191295 0.357947 0.188812 0.389075 0.162236
3 16 -9.776 -20.294 1.989 -9.479 -19.716 -1.206 -6.589 -21.162 -1.557 0.357947 0.188812 0.361348 0.161329 0.389075 0.162236
3 16 6.885 -21.981 1.740 3.370 -23.180 2.011 6.589 -21.162 -1.557 0.506425 0.191332 0.475385 0.197699 0.503751 0.162255
3 16 3.370 -23.180 2.011 3.355 -22.187 -1.723 6.589 -21.162 -1.557 0.475385 0.197699 0.474915 0.163968 0.503751 0.162255
3 16 -3.355 -22.187 -1.723 -6.589 -21.162 -1.557 -3.256 -20.957 -5.132 0.417916 0.163948 0.389075 0.162236 0.418402 0.132509
3 16 -6.589 -21.162 -1.557 -6.380 -20.076 -4.786 -3.256 -20.957 -5.132 0.389075 0.162236 0.390354 0.132901 0.418402 0.132509
3 16 3.256 -20.957 -5.132 6.380 -20.076 -4.786 3.355 -22.187 -1.723 0.474421 0.132518 0.502464 0.132909 0.474915 0.163968
3 16 6.380 -20.076 -4.786 6.589 -21.162 -1.557 3.355 -22.187 -1.723 0.502464 0.132909 0.503751 0.162255 0.474915 0.163968
3 16 -6.380 -20.076 -4.786 -6.589 -21.162 -1.557 -9.128 -18.852 -4.232 0.390354 0.132901 0.389075 0.162236 0.363972 0.134339
3 16 -6.589 -21.162 -1.557 -9.479 -19.716 -1.206 -9.128 -18.852 -4.232 0.389075 0.162236 0.361348 0.161329 0.363972 0.134339
3 16 9.128 -18.852 -4.232 9.479 -19.716 -1.206 6.380 -20.076 -4.786 0.528841 0.134337 0.531474 0.161332 0.502464 0.132909
3 16 9.479 -19.716 -1.206 6.589 -21.162 -1.557 6.380 -20.076 -4.786 0.531474 0.161332 0.503751 0.162255 0.502464 0.132909
3 16 -6.443 -18.748 -8.073 -6.380 -20.076 -4.786 -9.065 -17.690 -7.140 0.389014 0.102365 0.390354 0.132901 0.363381 0.107349
3 16 -6.380 -20.076 -4.786 -9.128 -18.852 -4.232 -9.065 -17.690 -7.140 0.390354 0.132901 0.363972 0.134339 0.363381 0.107349
3 16 9.065 -17.690 -7.140 9.128 -18.852 -4.232 6.443 -18.748 -8.073 0.529425 0.107342 0.528841 0.134337 0.503796 0.102365
3 16 9.128 -18.852 -4.232 6.380 -20.076 -4.786 6.443 -18.748 -8.073 0.528841 0.134337 0.502464 0.132909 0.503796 0.102365
3 16 -12.197 -17.572 -0.986 -11.528 -17.217 -3.954 -9.479 -19.716 -1.206 0.331702 0.158351 0.338720 0.132872 0.361348 0.161329
3 16 -11.528 -17.217 -3.954 -9.128 -18.852 -4.232 -9.479 -19.716 -1.206 0.338720 0.132872 0.363972 0.134339 0.361348 0.161329
3 16 9.479 -19.716 -1.206 9.128 -18.852 -4.232 12.197 -17.572 -0.986 0.531474 0.161332 0.528841 0.134337 0.561119 0.158323
3 16 9.128 -18.852 -4.232 11.528 -17.217 -3.954 12.197 -17.572 -0.986 0.528841 0.134337 0.554090 0.132850 0.561119 0.158323
3 16 -9.065 -17.690 -7.140 -9.128 -18.852 -4.232 -10.930 -16.855 -6.145 0.363381 0.107349 0.363972 0.134339 0.344388 0.113726
3 16 -9.128 -18.852 -4.232 -11.528 -17.217 -3.954 -10.930 -16.855 -6.145 0.363972 0.134339 0.338720 0.132872 0.344388 0.113726
3 16 10.930 -16.855 -6.145 11.528 -17.217 -3.954 9.065 -17.690 -7.140 0.548416 0.113708 0.554090 0.132850 0.529425 0.107342
3 16 11.528 -17.217 -3.954 9.128 -18.852 -4.232 9.065 -17.690 -7.140 0.554090 0.132850 0.528841 0.134337 0.529425 0.107342
3 16 -4.211 -15.652 17.298 0.000 -15.760 17.842 -4.733 -11.384 19.459 0.347547 0.339587 0.375563 0.363721 0.316451 0.367764
3 16 0.000 -15.760 17.842 0.000 -11.507 20.122 -4.733 -11.384 19.459 0.375563 0.363721 0.347832 0.396194 0.316451 0.367764
3 16 0.000 -15.760 17.842 4.211 -15.652 17.298 0.000 -11.507 20.122 0.517756 0.363830 0.545680 0.339597 0.545593 0.396207
3 16 4.211 -15.652 17.298 4.733 -11.384 19.459 0.000 -11.507 20.122 0.545680 0.339597 0.576867 0.367674 0.545593 0.396207
3 16 -8.179 -15.325 15.784 -4.211 -15.652 17.298 -9.695 -11.053 17.478 0.321969 0.312675 0.347547 0.339587 0.284334 0.331473
3 16 -4.211 -15.652 17.298 -4.733 -11.384 19.459 -9.695 -11.053 17.478 0.347547 0.339587 0.316451 0.367764 0.284334 0.331473
3 16 4.211 -15.652 17.298 8.179 -15.325 15.784 4.733 -11.384 19.459 0.545680 0.339597 0.571157 0.312608 0.576867 0.367674
3 16 8.179 -15.325 15.784 9.695 -11.053 17.478 4.733 -11.384 19.459 0.571157 0.312608 0.608847 0.331301 0.576867 0.367674
3 16 -11.165 -15.056 13.609 -8.179 -15.325 15.784 -12.888 -10.727 15.071 0.304432 0.285651 0.321969 0.312675 0.264706 0.300048
3 16 -8.179 -15.325 15.784 -9.695 -11.053 17.478 -12.888 -10.727 15.071 0.321969 0.312675 0.284334 0.331473 0.264706 0.300048
3 16 8.179 -15.325 15.784 11.165 -15.056 13.609 9.695 -11.053 17.478 0.571157 0.312608 0.588608 0.285546 0.608847 0.331301
3 16 11.165 -15.056 13.609 12.888 -10.727 15.071 9.695 -11.053 17.478 0.588608 0.285546 0.628373 0.299847 0.608847 0.331301
3 16 -13.350 -14.748 10.654 -11.165 -15.056 13.609 -15.323 -10.182 12.049 0.292617 0.255763 0.304432 0.285651 0.249605 0.267161
3 16 -11.165 -15.056 13.609 -12.888 -10.727 15.071 -15.323 -10.182 12.049 0.304432 0.285651 0.264706 0.300048 0.249605 0.267161
3 16 11.165 -15.056 13.609 13.350 -14.748 10.654 12.888 -10.727 15.071 0.588608 0.285546 0.600347 0.255645 0.628373 0.299847
3 16 13.350 -14.748 10.654 15.323 -10.182 12.049 12.888 -10.727 15.071 0.600347 0.255645 0.643389 0.266953 0.628373 0.299847
3 16 -14.549 -14.792 6.886 -13.350 -14.748 10.654 -17.140 -9.995 7.749 0.290019 0.221310 0.292617 0.255763 0.242412 0.224819
3 16 -13.350 -14.748 10.654 -15.323 -10.182 12.049 -17.140 -9.995 7.749 0.292617 0.255763 0.249605 0.267161 0.242412 0.224819
3 16 13.350 -14.748 10.654 14.549 -14.792 6.886 15.323 -10.182 12.049 0.600347 0.255645 0.602876 0.221204 0.643389 0.266953
3 16 14.549 -14.792 6.886 17.140 -9.995 7.749 15.323 -10.182 12.049 0.602876 0.221204 0.650494 0.224630 0.643389 0.266953
3 16 -14.903 -14.842 2.763 -14.549 -14.792 6.886 -17.798 -10.196 2.806 0.293462 0.185220 0.290019 0.221310 0.246376 0.179206
3 16 -14.549 -14.792 6.886 -17.140 -9.995 7.749 -17.798 -10.196 2.806 0.290019 0.221310 0.242412 0.224819 0.246376 0.179206
3 16 14.549 -14.792 6.886 14.903 -14.842 2.763 17.140 -9.995 7.749 0.602876 0.221204 0.599383 0.185137 0.650494 0.224630
3 16 14.903 -14.842 2.763 17.798 -10.196 2.806 17.140 -9.995 7.749 0.599383 0.185137 0.646465 0.179057 0.650494 0.224630
3 16 -14.549 -14.792 6.886 -14.903 -14.842 2.763 -12.275 -18.016 5.986 0.290019 0.221310 0.293462 0.185220 0.324372 0.217664
3 16 -14.903 -14.842 2.763 -12.457 -17.821 2.422 -12.275 -18.016 5.986 0.293462 0.185220 0.326626 0.187299 0.324372 0.217664
3 16 12.275 -18.016 5.986 12.457 -17.821 2.422 14.549 -14.792 6.886 0.568507 0.217620 0.566215 0.187263 0.602876 0.221204
3 16 12.457 -17.821 2.422 14.903 -14.842 2.763 14.549 -14.792 6.886 0.566215 0.187263 0.599383 0.185137 0.602876 0.221204
3 16 -12.275 -18.016 5.986 -11.324 -18.073 9.306 -14.549 -14.792 6.886 0.324372 0.217664 0.326491 0.246850 0.290019 0.221310
3 16 -11.324 -18.073 9.306 -13.350 -14.748 10.654 -14.549 -14.792 6.886 0.326491 0.246850 0.292617 0.255763 0.290019 0.221310
3 16 14.549 -14.792 6.886 13.350 -14.748 10.654 12.275 -18.016 5.986 0.602876 0.221204 0.600347 0.255645 0.568507 0.217620
3 16 13.350 -14.748 10.654 11.324 -18.073 9.306 12.275 -18.016 5.986 0.600347 0.255645 0.566441 0.246803 0.568507 0.217620
3 16 -9.544 -18.182 12.000 -11.165 -15.056 13.609 -11.324 -18.073 9.306 0.334894 0.272855 0.304432 0.285651 0.326491 0.246850
3 16 -11.165 -15.056 13.609 -13.350 -14.748 10.654 -11.324 -18.073 9.306 0.304432 0.285651 0.292617 0.255763 0.326491 0.246850
3 16 11.324 -18.073 9.306 13.350 -14.748 10.654 9.544 -18.182 12.000 0.566441 0.246803 0.600347 0.255645 0.558105 0.272823
3 16 13.350 -14.748 10.654 11.165 -15.056 13.609 9.544 -18.182 12.000 0.600347 0.255645 0.588608 0.285546 0.558105 0.272823
3 16 -6.917 -18.423 14.008 -8.179 -15.325 15.784 -9.544 -18.182 12.000 0.350230 0.296393 0.321969 0.312675 0.334894 0.272855
3 16 -8.179 -15.325 15.784 -11.165 -15.056 13.609 -9.544 -18.182 12.000 0.321969 0.312675 0.304432 0.285651 0.334894 0.272855
3 16 9.544 -18.182 12.000 11.165 -15.056 13.609 6.917 -18.423 14.008 0.558105 0.272823 0.588608 0.285546 0.542845 0.296402
3 16 11.165 -15.056 13.609 8.179 -15.325 15.784 6.917 -18.423 14.008 0.588608 0.285546 0.571157 0.312608 0.542845 0.296402
3 16 -8.179 -15.325 15.784 -6.917 -18.423 14.008 -4.211 -15.652 17.298 0.321969 0.312675 0.350230 0.296393 0.347547 0.339587
3 16 -6.917 -18.423 14.008 -3.571 -18.563 15.337 -4.211 -15.652 17.298 0.350230 0.296393 0.371001 0.319034 0.347547 0.339587
3 16 4.211 -15.652 17.298 3.571 -18.563 15.337 8.179 -15.325 15.784 0.545680 0.339597 0.522162 0.319118 0.571157 0.312608
3 16 3.571 -18.563 15.337 6.917 -18.423 14.008 8.179 -15.325 15.784 0.522162 0.319118 0.542845 0.296402 0.571157 0.312608
3 16 0.000 -18.562 15.748 0.000 -15.760 17.842 -3.571 -18.563 15.337 0.394927 0.338689 0.375563 0.363721 0.371001 0.319034
3 16 0.000 -15.760 17.842 -4.211 -15.652 17.298 -3.571 -18.563 15.337 0.375563 0.363721 0.347547 0.339587 0.371001 0.319034
3 16 3.571 -18.563 15.337 4.211 -15.652 17.298 0.000 -18.562 15.748 0.522162 0.319118 0.545680 0.339597 0.498314 0.338867
3 16 4.211 -15.652 17.298 0.000 -15.760 17.842 0.000 -18.562 15.748 0.545680 0.339597 0.517756 0.363830 0.498314 0.338867
3 16 -4.556 -22.263 9.734 -2.967 -23.186 8.817 -2.323 -22.081 11.257 0.393162 0.263893 0.410575 0.259817 0.405235 0.284232
3 16 -2.967 -23.186 8.817 -1.695 -23.038 10.058 -2.323 -22.081 11.257 0.410575 0.259817 0.416431 0.274968 0.405235 0.284232
3 16 4.556 -22.263 9.734 2.998 -23.247 8.771 4.964 -22.823 7.162 0.499784 0.264022 0.482252 0.259409 0.495528 0.240778
3 16 2.998 -23.247 8.771 3.444 -23.472 7.060 4.964 -22.823 7.162 0.482252 0.259409 0.481290 0.242735 0.495528 0.240778
3 16 -3.370 -23.180 2.011 -1.749 -23.801 4.142 -4.648 -23.027 4.810 0.417444 0.197659 0.430720 0.217724 0.404023 0.220808
3 16 -1.749 -23.801 4.142 -2.998 -23.627 5.402 -4.648 -23.027 4.810 0.430720 0.217724 0.418291 0.228076 0.404023 0.220808
3 16 3.370 -23.180 2.011 1.695 -23.836 4.115 0.000 -23.486 1.386 0.475385 0.197699 0.461546 0.217584 0.446415 0.193626
3 16 1.695 -23.836 4.115 -0.031 -23.877 3.671 0.000 -23.486 1.386 0.461546 0.217584 0.446115 0.213839 0.446415 0.193626
3 16 -7.203 -22.122 4.759 -9.718 -20.439 5.182 -6.885 -21.981 1.740 0.381056 0.216501 0.355016 0.215619 0.386409 0.191295
3 16 -9.718 -20.439 5.182 -9.776 -20.294 1.989 -6.885 -21.981 1.740 0.355016 0.215619 0.357947 0.188812 0.386409 0.191295
3 16 6.885 -21.981 1.740 9.776 -20.294 1.989 7.203 -22.122 4.759 0.506425 0.191332 0.534890 0.188820 0.511795 0.216551
3 16 9.776 -20.294 1.989 9.718 -20.439 5.182 7.203 -22.122 4.759 0.534890 0.188820 0.537847 0.215628 0.511795 0.216551
3 16 -12.275 -18.016 5.986 -12.457 -17.821 2.422 -9.718 -20.439 5.182 0.324372 0.217664 0.326626 0.187299 0.355016 0.215619
3 16 -12.457 -17.821 2.422 -9.776 -20.294 1.989 -9.718 -20.439 5.182 0.326626 0.187299 0.357947 0.188812 0.355016 0.215619
3 16 9.718 -20.439 5.182 9.776 -20.294 1.989 12.275 -18.016 5.986 0.537847 0.215628 0.534890 0.188820 0.568507 0.217620
3 16 9.776 -20.294 1.989 12.457 -17.821 2.422 12.275 -18.016 5.986 0.534890 0.188820 0.566215 0.187263 0.568507 0.217620
3 16 -9.058 -20.410 8.061 -9.718 -20.439 5.182 -7.026 -21.933 7.317 0.355469 0.240509 0.355016 0.215619 0.377957 0.238071
3 16 -9.718 -20.439 5.182 -7.203 -22.122 4.759 -7.026 -21.933 7.317 0.355016 0.215619 0.381056 0.216501 0.377957 0.238071
3 16 7.026 -21.933 7.317 7.203 -22.122 4.759 9.058 -20.410 8.061 0.514926 0.238130 0.511795 0.216551 0.537435 0.240523
3 16 7.203 -22.122 4.759 9.718 -20.439 5.182 9.058 -20.410 8.061 0.511795 0.216551 0.537847 0.215628 0.537435 0.240523
3 16 -11.324 -18.073 9.306 -12.275 -18.016 5.986 -9.058 -20.410 8.061 0.326491 0.246850 0.324372 0.217664 0.355469 0.240509
3 16 -12.275 -18.016 5.986 -9.718 -20.439 5.182 -9.058 -20.410 8.061 0.324372 0.217664 0.355016 0.215619 0.355469 0.240509
3 16 9.058 -20.410 8.061 9.718 -20.439 5.182 11.324 -18.073 9.306 0.537435 0.240523 0.537847 0.215628 0.566441 0.246803
3 16 9.718 -20.439 5.182 12.275 -18.016 5.986 11.324 -18.073 9.306 0.537847 0.215628 0.568507 0.217620 0.566441 0.246803
3 16 -7.026 -21.933 7.317 -6.535 -21.681 9.186 -9.058 -20.410 8.061 0.377957 0.238071 0.377359 0.254622 0.355469 0.240509
3 16 -6.535 -21.681 9.186 -7.792 -20.375 10.351 -9.058 -20.410 8.061 0.377359 0.254622 0.360473 0.262044 0.355469 0.240509
3 16 9.058 -20.410 8.061 7.792 -20.375 10.351 7.026 -21.933 7.317 0.537435 0.240523 0.532484 0.262072 0.514926 0.238130
3 16 7.792 -20.375 10.351 6.535 -21.681 9.186 7.026 -21.933 7.317 0.532484 0.262072 0.515565 0.254692 0.514926 0.238130
3 16 -9.544 -18.182 12.000 -11.324 -18.073 9.306 -7.792 -20.375 10.351 0.334894 0.272855 0.326491 0.246850 0.360473 0.262044
3 16 -11.324 -18.073 9.306 -9.058 -20.410 8.061 -7.792 -20.375 10.351 0.326491 0.246850 0.355469 0.240509 0.360473 0.262044
3 16 7.792 -20.375 10.351 9.058 -20.410 8.061 9.544 -18.182 12.000 0.532484 0.262072 0.537435 0.240523 0.558105 0.272823
3 16 9.058 -20.410 8.061 11.324 -18.073 9.306 9.544 -18.182 12.000 0.537435 0.240523 0.566441 0.246803 0.558105 0.272823
3 16 -4.648 -23.027 4.810 -7.203 -22.122 4.759 -3.370 -23.180 2.011 0.404023 0.220808 0.381056 0.216501 0.417444 0.197659
3 16 -7.203 -22.122 4.759 -6.885 -21.981 1.740 -3.370 -23.180 2.011 0.381056 0.216501 0.386409 0.191295 0.417444 0.197659
3 16 3.370 -23.180 2.011 6.885 -21.981 1.740 4.648 -23.027 4.810 0.475385 0.197699 0.506425 0.191332 0.488822 0.220882
3 16 6.885 -21.981 1.740 7.203 -22.122 4.759 4.648 -23.027 4.810 0.506425 0.191332 0.511795 0.216551 0.488822 0.220882
3 16 -4.648 -23.027 4.810 -4.964 -22.823 7.162 -7.203 -22.122 4.759 0.404023 0.220808 0.397342 0.240677 0.381056 0.216501
3 16 -4.964 -22.823 7.162 -7.026 -21.933 7.317 -7.203 -22.122 4.759 0.397342 0.240677 0.377957 0.238071 0.381056 0.216501
3 16 7.203 -22.122 4.759 7.026 -21.933 7.317 4.648 -23.027 4.810 0.511795 0.216551 0.514926 0.238130 0.488822 0.220882
3 16 7.026 -21.933 7.317 4.964 -22.823 7.162 4.648 -23.027 4.810 0.514926 0.238130 0.495528 0.240778 0.488822 0.220882
3 16 -4.556 -22.263 9.734 -6.535 -21.681 9.186 -4.964 -22.823 7.162 0.393162 0.263893 0.377359 0.254622 0.397342 0.240677
3 16 -6.535 -21.681 9.186 -7.026 -21.933 7.317 -4.964 -22.823 7.162 0.377359 0.254622 0.377957 0.238071 0.397342 0.240677
3 16 4.964 -22.823 7.162 7.026 -21.933 7.317 4.556 -22.263 9.734 0.495528 0.240778 0.514926 0.238130 0.499784 0.264022
3 16 7.026 -21.933 7.317 6.535 -21.681 9.186 4.556 -22.263 9.734 0.514926 0.238130 0.515565 0.254692 0.499784 0.264022
3 16 -2.931 -20.700 13.177 -2.323 -22.081 11.257 0.000 -20.708 13.632 0.390363 0.299875 0.405235 0.284232 0.410214 0.315836
3 16 -2.323 -22.081 11.257 -0.026 -21.980 11.839 0.000 -20.708 13.632 0.405235 0.284232 0.420235 0.298477 0.410214 0.315836
3 16 0.000 -20.708 13.632 -0.026 -21.980 11.839 2.931 -20.700 13.177 0.482950 0.316078 0.472479 0.299015 0.502736 0.300027
3 16 -0.026 -21.980 11.839 2.323 -22.081 11.257 2.931 -20.700 13.177 0.472479 0.299015 0.487796 0.284447 0.502736 0.300027
3 16 0.000 -20.708 13.632 0.000 -18.562 15.748 -2.931 -20.700 13.177 0.410214 0.315836 0.394927 0.338689 0.390363 0.299875
3 16 0.000 -18.562 15.748 -3.571 -18.563 15.337 -2.931 -20.700 13.177 0.394927 0.338689 0.371001 0.319034 0.390363 0.299875
3 16 2.931 -20.700 13.177 3.571 -18.563 15.337 0.000 -20.708 13.632 0.502736 0.300027 0.522162 0.319118 0.482950 0.316078
3 16 3.571 -18.563 15.337 0.000 -18.562 15.748 0.000 -20.708 13.632 0.522162 0.319118 0.498314 0.338867 0.482950 0.316078
3 16 -2.931 -20.700 13.177 -3.571 -18.563 15.337 -5.623 -20.619 11.915 0.390363 0.299875 0.371001 0.319034 0.373849 0.280578
3 16 -3.571 -18.563 15.337 -6.917 -18.423 14.008 -5.623 -20.619 11.915 0.371001 0.319034 0.350230 0.296393 0.373849 0.280578
3 16 5.623 -20.619 11.915 6.917 -18.423 14.008 2.931 -20.700 13.177 0.519168 0.280651 0.542845 0.296402 0.502736 0.300027
3 16 6.917 -18.423 14.008 3.571 -18.563 15.337 2.931 -20.700 13.177 0.542845 0.296402 0.522162 0.319118 0.502736 0.300027
3 16 -5.623 -20.619 11.915 -6.917 -18.423 14.008 -7.792 -20.375 10.351 0.373849 0.280578 0.350230 0.296393 0.360473 0.262044
3 16 -6.917 -18.423 14.008 -9.544 -18.182 12.000 -7.792 -20.375 10.351 0.350230 0.296393 0.334894 0.272855 0.360473 0.262044
3 16 7.792 -20.375 10.351 9.544 -18.182 12.000 5.623 -20.619 11.915 0.532484 0.262072 0.558105 0.272823 0.519168 0.280651
3 16 9.544 -18.182 12.000 6.917 -18.423 14.008 5.623 -20.619 11.915 0.558105 0.272823 0.542845 0.296402 0.519168 0.280651
3 16 -6.535 -21.681 9.186 -4.556 -22.263 9.734 -7.792 -20.375 10.351 0.377359 0.254622 0.393162 0.263893 0.360473 0.262044
3 16 -4.556 -22.263 9.734 -5.623 -20.619 11.915 -7.792 -20.375 10.351 0.393162 0.263893 0.373849 0.280578 0.360473 0.262044
3 16 7.792 -20.375 10.351 5.623 -20.619 11.915 6.535 -21.681 9.186 0.532484 0.262072 0.519168 0.280651 0.515565 0.254692
3 16 5.623 -20.619 11.915 4.556 -22.263 9.734 6.535 -21.681 9.186 0.519168 0.280651 0.499784 0.264022 0.515565 0.254692
3 16 -4.556 -22.263 9.734 -2.323 -22.081 11.257 -5.623 -20.619 11.915 0.393162 0.263893 0.405235 0.284232 0.373849 0.280578
3 16 -2.323 -22.081 11.257 -2.931 -20.700 13.177 -5.623 -20.619 11.915 0.405235 0.284232 0.390363 0.299875 0.373849 0.280578
3 16 5.623 -20.619 11.915 2.931 -20.700 13.177 4.556 -22.263 9.734 0.519168 0.280651 0.502736 0.300027 0.499784 0.264022
3 16 2.931 -20.700 13.177 2.323 -22.081 11.257 4.556 -22.263 9.734 0.502736 0.300027 0.487796 0.284447 0.499784 0.264022
3 16 0.000 -24.747 3.970 -0.031 -23.877 3.671 1.604 -24.669 4.423 0.429058 0.831826 0.428741 0.823842 0.443321 0.832861
3 16 -0.031 -23.877 3.671 1.695 -23.836 4.115 1.604 -24.669 4.423 0.428741 0.823842 0.444399 0.825157 0.443321 0.832861
3 16 -1.604 -24.669 4.423 -1.749 -23.801 4.142 0.000 -24.747 3.970 0.414807 0.833012 0.413086 0.825158 0.429058 0.831826
3 16 -1.749 -23.801 4.142 -0.031 -23.877 3.671 0.000 -24.747 3.970 0.413086 0.825158 0.428741 0.823842 0.429058 0.831826
3 16 1.604 -24.669 4.423 1.695 -23.836 4.115 2.759 -24.524 5.572 0.443321 0.832861 0.444399 0.825157 0.456955 0.836335
3 16 1.695 -23.836 4.115 2.967 -23.687 5.356 2.759 -24.524 5.572 0.444399 0.825157 0.459577 0.829034 0.456955 0.836335
3 16 -1.604 -24.669 4.423 -2.759 -24.524 5.572 -1.749 -23.801 4.142 0.414807 0.833012 0.401207 0.836580 0.413086 0.825158
3 16 -2.759 -24.524 5.572 -2.998 -23.627 5.402 -1.749 -23.801 4.142 0.401207 0.836580 0.397902 0.829059 0.413086 0.825158
3 16 2.759 -24.524 5.572 2.967 -23.687 5.356 3.231 -24.294 7.155 0.456955 0.836335 0.459577 0.829034 0.470187 0.841872
3 16 2.967 -23.687 5.356 3.444 -23.472 7.060 3.231 -24.294 7.155 0.459577 0.829034 0.473882 0.835451 0.470187 0.841872
3 16 -3.231 -24.294 7.155 -3.444 -23.402 7.113 -2.759 -24.524 5.572 0.388016 0.842168 0.383593 0.835527 0.401207 0.836580
3 16 -3.444 -23.402 7.113 -2.998 -23.627 5.402 -2.759 -24.524 5.572 0.383593 0.835527 0.397902 0.829059 0.401207 0.836580
3 16 3.231 -24.294 7.155 3.444 -23.472 7.060 2.756 -24.052 8.789 0.470187 0.841872 0.473882 0.835451 0.482494 0.850085
3 16 3.444 -23.472 7.060 2.998 -23.247 8.771 2.756 -24.052 8.789 0.473882 0.835451 0.486841 0.844196 0.482494 0.850085
3 16 -2.756 -24.052 8.789 -2.967 -23.186 8.817 -3.231 -24.294 7.155 0.375681 0.850307 0.370688 0.844379 0.388016 0.842168
3 16 -2.967 -23.186 8.817 -3.444 -23.402 7.113 -3.231 -24.294 7.155 0.370688 0.844379 0.383593 0.835527 0.388016 0.842168
3 16 2.756 -24.052 8.789 2.998 -23.247 8.771 1.547 -23.886 9.943 0.482494 0.850085 0.486841 0.844196 0.492800 0.860286
3 16 2.998 -23.247 8.771 1.749 -23.073 10.031 1.547 -23.886 9.943 0.486841 0.844196 0.497991 0.855112 0.492800 0.860286
3 16 -1.547 -23.886 9.943 -1.695 -23.038 10.058 -2.756 -24.052 8.789 0.365265 0.860383 0.359615 0.855384 0.375681 0.850307
3 16 -1.695 -23.038 10.058 -2.967 -23.186 8.817 -2.756 -24.052 8.789 0.359615 0.855384 0.370688 0.844379 0.375681 0.850307
3 16 1.547 -23.886 9.943 1.749 -23.073 10.031 0.000 -23.864 10.363 0.492800 0.860286 0.497991 0.855112 0.500358 0.871935
3 16 1.749 -23.073 10.031 0.000 -22.904 10.471 0.000 -23.864 10.363 0.497991 0.855112 0.507607 0.867648 0.500358 0.871935
3 16 0.000 -23.864 10.363 0.000 -22.904 10.471 -1.547 -23.886 9.943 0.357547 0.871920 0.350361 0.867531 0.365265 0.860383
3 16 0.000 -22.904 10.471 -1.695 -23.038 10.058 -1.547 -23.886 9.943 0.350361 0.867531 0.359615 0.855384 0.365265 0.860383
3 16 1.288 -24.425 9.583 1.455 -24.218 9.837 0.000 -24.358 10.001 0.621051 0.837807 0.624152 0.838640 0.615597 0.848245
3 16 1.455 -24.218 9.837 0.000 -24.158 10.246 0.000 -24.358 10.001 0.624152 0.838640 0.617514 0.850210 0.615597 0.848245
3 16 0.000 -24.358 10.001 0.000 -24.158 10.246 -1.288 -24.425 9.583 0.615597 0.848245 0.617514 0.850210 0.605030 0.853447
3 16 0.000 -24.158 10.246 -1.455 -24.218 9.837 -1.288 -24.425 9.583 0.617514 0.850210 0.605788 0.856567 0.605030 0.853447
3 16 2.367 -24.555 8.618 2.618 -24.363 8.747 1.288 -24.425 9.583 0.621832 0.825212 0.624737 0.824550 0.621051 0.837807
3 16 2.618 -24.363 8.747 1.455 -24.218 9.837 1.288 -24.425 9.583 0.624737 0.824550 0.624152 0.838640 0.621051 0.837807
3 16 -1.288 -24.425 9.583 -1.455 -24.218 9.837 -2.367 -24.555 8.618 0.605030 0.853447 0.605788 0.856567 0.592420 0.853925
3 16 -1.455 -24.218 9.837 -2.618 -24.363 8.747 -2.367 -24.555 8.618 0.605788 0.856567 0.591688 0.856812 0.592420 0.853925
3 16 2.712 -24.741 7.339 3.042 -24.588 7.258 2.367 -24.555 8.618 0.616147 0.815074 0.618084 0.812462 0.621832 0.825212
3 16 3.042 -24.588 7.258 2.618 -24.363 8.747 2.367 -24.555 8.618 0.618084 0.812462 0.624737 0.824550 0.621832 0.825212
3 16 -2.367 -24.555 8.618 -2.618 -24.363 8.747 -2.712 -24.741 7.339 0.592420 0.853925 0.591688 0.856812 0.582421 0.847997
3 16 -2.618 -24.363 8.747 -3.042 -24.588 7.258 -2.712 -24.741 7.339 0.591688 0.856812 0.579764 0.849871 0.582421 0.847997
3 16 2.360 -24.947 5.812 2.611 -24.799 5.670 2.712 -24.741 7.339 0.604606 0.807644 0.605546 0.804989 0.616147 0.815074
3 16 2.611 -24.799 5.670 3.042 -24.588 7.258 2.712 -24.741 7.339 0.605546 0.804989 0.618084 0.812462 0.616147 0.815074
3 16 -2.712 -24.741 7.339 -3.042 -24.588 7.258 -2.360 -24.947 5.812 0.582421 0.847997 0.579764 0.849871 0.575272 0.836281
3 16 -3.042 -24.588 7.258 -2.611 -24.799 5.670 -2.360 -24.947 5.812 0.579764 0.849871 0.572594 0.837157 0.575272 0.836281
3 16 1.362 -25.081 4.906 1.518 -24.952 4.615 2.360 -24.947 5.812 0.592842 0.807985 0.592081 0.804993 0.604606 0.807644
3 16 1.518 -24.952 4.615 2.611 -24.799 5.670 2.360 -24.947 5.812 0.592081 0.804993 0.605546 0.804989 0.604606 0.807644
3 16 -2.360 -24.947 5.812 -2.611 -24.799 5.670 -1.362 -25.081 4.906 0.575272 0.836281 0.572594 0.837157 0.575896 0.824528
3 16 -2.611 -24.799 5.670 -1.518 -24.952 4.615 -1.362 -25.081 4.906 0.572594 0.837157 0.572923 0.823695 0.575896 0.824528
3 16 0.000 -25.136 4.590 0.000 -25.031 4.217 1.362 -25.081 4.906 0.582419 0.814259 0.580053 0.811836 0.592842 0.807985
3 16 0.000 -25.031 4.217 1.518 -24.952 4.615 1.362 -25.081 4.906 0.580053 0.811836 0.592081 0.804993 0.592842 0.807985
3 16 -1.362 -25.081 4.906 -1.518 -24.952 4.615 0.000 -25.136 4.590 0.575896 0.824528 0.572923 0.823695 0.582419 0.814259
3 16 -1.518 -24.952 4.615 0.000 -25.031 4.217 0.000 -25.136 4.590 0.572923 0.823695 0.580053 0.811836 0.582419 0.814259
3 16 1.362 -25.081 4.906 2.360 -24.947 5.812 0.000 -24.773 7.210 0.592842 0.807985 0.604606 0.807644 0.598474 0.830706
3 16 0.000 -24.773 7.210 -2.360 -24.947 5.812 -1.362 -25.081 4.906 0.598474 0.830706 0.575272 0.836281 0.575896 0.824528
3 16 0.000 -24.773 7.210 2.712 -24.741 7.339 2.367 -24.555 8.618 0.598474 0.830706 0.616147 0.815074 0.621832 0.825212
3 16 -2.712 -24.741 7.339 -2.360 -24.947 5.812 0.000 -24.773 7.210 0.582421 0.847997 0.575272 0.836281 0.598474 0.830706
3 16 1.288 -24.425 9.583 0.000 -24.773 7.210 2.367 -24.555 8.618 0.621051 0.837807 0.598474 0.830706 0.621832 0.825212
3 16 0.000 -24.773 7.210 0.000 -24.358 10.001 -1.288 -24.425 9.583 0.598474 0.830706 0.615597 0.848245 0.605030 0.853447
3 16 1.455 -24.218 9.837 1.547 -23.886 9.943 0.000 -24.158 10.246 0.490420 0.862309 0.492800 0.860286 0.497892 0.873165
3 16 1.547 -23.886 9.943 0.000 -23.864 10.363 0.000 -24.158 10.246 0.492800 0.860286 0.500358 0.871935 0.497892 0.873165
3 16 0.000 -24.158 10.246 0.000 -23.864 10.363 -1.455 -24.218 9.837 0.359995 0.873184 0.357547 0.871920 0.367618 0.862436
3 16 0.000 -23.864 10.363 -1.547 -23.886 9.943 -1.455 -24.218 9.837 0.357547 0.871920 0.365265 0.860383 0.367618 0.862436
3 16 -1.455 -24.218 9.837 -1.547 -23.886 9.943 -2.618 -24.363 8.747 0.367618 0.862436 0.365265 0.860383 0.377564 0.852606
3 16 -1.547 -23.886 9.943 -2.756 -24.052 8.789 -2.618 -24.363 8.747 0.365265 0.860383 0.375681 0.850307 0.377564 0.852606
3 16 -2.618 -24.363 8.747 -2.756 -24.052 8.789 -3.042 -24.588 7.258 0.377564 0.852606 0.375681 0.850307 0.389044 0.845146
3 16 -2.756 -24.052 8.789 -3.231 -24.294 7.155 -3.042 -24.588 7.258 0.375681 0.850307 0.388016 0.842168 0.389044 0.845146
3 16 -3.042 -24.588 7.258 -3.231 -24.294 7.155 -2.611 -24.799 5.670 0.389044 0.845146 0.388016 0.842168 0.402320 0.839212
3 16 -3.231 -24.294 7.155 -2.759 -24.524 5.572 -2.611 -24.799 5.670 0.388016 0.842168 0.401207 0.836580 0.402320 0.839212
3 16 -2.611 -24.799 5.670 -2.759 -24.524 5.572 -1.518 -24.952 4.615 0.402320 0.839212 0.401207 0.836580 0.415305 0.836014
3 16 -2.759 -24.524 5.572 -1.604 -24.669 4.423 -1.518 -24.952 4.615 0.401207 0.836580 0.414807 0.833012 0.415305 0.836014
3 16 -1.518 -24.952 4.615 -1.604 -24.669 4.423 0.000 -25.031 4.217 0.415305 0.836014 0.414807 0.833012 0.429073 0.835103
3 16 -1.604 -24.669 4.423 0.000 -24.747 3.970 0.000 -25.031 4.217 0.414807 0.833012 0.429058 0.831826 0.429073 0.835103
3 16 0.000 -25.031 4.217 0.000 -24.747 3.970 1.518 -24.952 4.615 0.429073 0.835103 0.429058 0.831826 0.442845 0.835868
3 16 0.000 -24.747 3.970 1.604 -24.669 4.423 1.518 -24.952 4.615 0.429058 0.831826 0.443321 0.832861 0.442845 0.835868
3 16 1.518 -24.952 4.615 1.604 -24.669 4.423 2.611 -24.799 5.670 0.442845 0.835868 0.443321 0.832861 0.455856 0.838972
3 16 1.604 -24.669 4.423 2.759 -24.524 5.572 2.611 -24.799 5.670 0.443321 0.832861 0.456955 0.836335 0.455856 0.838972
3 16 2.611 -24.799 5.670 2.759 -24.524 5.572 3.042 -24.588 7.258 0.455856 0.838972 0.456955 0.836335 0.469155 0.844850
3 16 2.759 -24.524 5.572 3.231 -24.294 7.155 3.042 -24.588 7.258 0.456955 0.836335 0.470187 0.841872 0.469155 0.844850
3 16 3.042 -24.588 7.258 3.231 -24.294 7.155 2.618 -24.363 8.747 0.469155 0.844850 0.470187 0.841872 0.480590 0.852369
3 16 3.231 -24.294 7.155 2.756 -24.052 8.789 2.618 -24.363 8.747 0.470187 0.841872 0.482494 0.850085 0.480590 0.852369
3 16 2.618 -24.363 8.747 2.756 -24.052 8.789 1.455 -24.218 9.837 0.480590 0.852369 0.482494 0.850085 0.490420 0.862309
3 16 2.756 -24.052 8.789 1.547 -23.886 9.943 1.455 -24.218 9.837 0.482494 0.850085 0.492800 0.860286 0.490420 0.862309
3 16 -14.683 -8.262 -6.212 -16.074 -11.401 -5.759 -15.314 -6.769 -1.532 0.697677 0.319716 0.668569 0.316224 0.707053 0.278765
3 16 -16.074 -11.401 -5.759 -17.362 -10.660 -1.717 -15.314 -6.769 -1.532 0.668569 0.316224 0.669674 0.279906 0.707053 0.278765
3 16 -15.314 -6.769 -1.532 -17.362 -10.660 -1.717 -15.783 -6.170 3.581 0.707053 0.278765 0.669674 0.279906 0.709921 0.235111
3 16 -17.362 -10.660 -1.717 -17.798 -10.196 2.806 -15.783 -6.170 3.581 0.669674 0.279906 0.671714 0.241272 0.709921 0.235111
3 16 -15.181 -5.717 7.576 -15.783 -6.170 3.581 -17.140 -9.995 7.749 0.716012 0.201344 0.709921 0.235111 0.676232 0.199127
3 16 -15.783 -6.170 3.581 -17.798 -10.196 2.806 -17.140 -9.995 7.749 0.709921 0.235111 0.671714 0.241272 0.676232 0.199127
3 16 -15.181 -5.717 7.576 -17.140 -9.995 7.749 -13.963 -5.479 10.669 0.716012 0.201344 0.676232 0.199127 0.722706 0.174006
3 16 -17.140 -9.995 7.749 -15.323 -10.182 12.049 -13.963 -5.479 10.669 0.676232 0.199127 0.682033 0.159893 0.722706 0.174006
3 16 -11.769 -5.274 14.027 -13.963 -5.479 10.669 -12.888 -10.727 15.071 0.732736 0.141601 0.722706 0.174006 0.687078 0.126881
3 16 -13.963 -5.479 10.669 -15.323 -10.182 12.049 -12.888 -10.727 15.071 0.722706 0.174006 0.682033 0.159893 0.687078 0.126881
3 16 -11.769 -5.274 14.027 -12.888 -10.727 15.071 -8.582 -4.986 16.478 0.732736 0.141601 0.687078 0.126881 0.746739 0.110606
3 16 -12.888 -10.727 15.071 -9.695 -11.053 17.478 -8.582 -4.986 16.478 0.687078 0.126881 0.696634 0.094078 0.746739 0.110606
3 16 -4.299 -4.713 18.381 -8.582 -4.986 16.478 -4.733 -11.384 19.459 0.764782 0.075420 0.746739 0.110606 0.712912 0.051689
3 16 -8.582 -4.986 16.478 -9.695 -11.053 17.478 -4.733 -11.384 19.459 0.746739 0.110606 0.696634 0.094078 0.712912 0.051689
3 16 0.000 -4.624 19.006 -4.299 -4.713 18.381 0.000 -11.507 20.122 0.782237 0.043340 0.764782 0.075420 0.730369 0.015218
3 16 -4.299 -4.713 18.381 -4.733 -11.384 19.459 0.000 -11.507 20.122 0.764782 0.075420 0.712912 0.051689 0.730369 0.015218
3 16 4.299 -4.713 18.381 0.000 -4.624 19.006 4.733 -11.384 19.459 0.764759 0.924583 0.782210 0.956665 0.712886 0.948310
3 16 0.000 -4.624 19.006 0.000 -11.507 20.122 4.733 -11.384 19.459 0.782210 0.956665 0.730339 0.984782 0.712886 0.948310
3 16 8.582 -4.986 16.478 4.299 -4.713 18.381 9.695 -11.053 17.478 0.746719 0.889395 0.764759 0.924583 0.696611 0.905918
3 16 4.299 -4.713 18.381 4.733 -11.384 19.459 9.695 -11.053 17.478 0.764759 0.924583 0.712886 0.948310 0.696611 0.905918
3 16 11.769 -5.274 14.027 8.582 -4.986 16.478 12.888 -10.727 15.071 0.732717 0.858402 0.746719 0.889395 0.687058 0.873114
3 16 8.582 -4.986 16.478 9.695 -11.053 17.478 12.888 -10.727 15.071 0.746719 0.889395 0.696611 0.905918 0.687058 0.873114
3 16 13.963 -5.479 10.669 11.769 -5.274 14.027 15.323 -10.182 12.049 0.722697 0.825993 0.732717 0.858402 0.682020 0.840101
3 16 11.769 -5.274 14.027 12.888 -10.727 15.071 15.323 -10.182 12.049 0.732717 0.858402 0.687058 0.873114 0.682020 0.840101
3 16 15.181 -5.717 7.576 13.963 -5.479 10.669 17.140 -9.995 7.749 0.716001 0.798654 0.722697 0.825993 0.676222 0.800869
3 16 13.963 -5.479 10.669 15.323 -10.182 12.049 17.140 -9.995 7.749 0.722697 0.825993 0.682020 0.840101 0.676222 0.800869
3 16 15.783 -6.170 3.581 15.181 -5.717 7.576 17.798 -10.196 2.806 0.709911 0.764886 0.716001 0.798654 0.671705 0.758725
3 16 15.181 -5.717 7.576 17.140 -9.995 7.749 17.798 -10.196 2.806 0.716001 0.798654 0.676222 0.800869 0.671705 0.758725
3 16 15.314 -6.769 -1.532 15.783 -6.170 3.581 17.362 -10.660 -1.717 0.707045 0.721232 0.709911 0.764886 0.669666 0.720090
3 16 15.783 -6.170 3.581 17.798 -10.196 2.806 17.362 -10.660 -1.717 0.709911 0.764886 0.671705 0.758725 0.669666 0.720090
3 16 15.314 -6.769 -1.532 17.362 -10.660 -1.717 14.683 -8.262 -6.212 0.707045 0.721232 0.669666 0.720090 0.697671 0.680281
3 16 17.362 -10.660 -1.717 16.074 -11.401 -5.759 14.683 -8.262 -6.212 0.669666 0.720090 0.668563 0.683772 0.697671 0.680281
3 16 1.288 -24.425 9.583 0.000 -24.358 10.001 0.000 -24.773 7.210 0.621051 0.837807 0.615597 0.848245 0.598474 0.830706
3 16 0.000 -24.773 7.210 2.360 -24.947 5.812 2.712 -24.741 7.339 0.598474 0.830706 0.604606 0.807644 0.616147 0.815074
3 16 -2.367 -24.555 8.618 0.000 -24.773 7.210 -1.288 -24.425 9.583 0.592420 0.853925 0.598474 0.830706 0.605030 0.853447
3 16 -2.367 -24.555 8.618 -2.712 -24.741 7.339 0.000 -24.773 7.210 0.592420 0.853925 0.582421 0.847997 0.598474 0.830706
3 16 0.000 -25.136 4.590 0.000 -24.773 7.210 -1.362 -25.081 4.906 0.582419 0.814259 0.598474 0.830706 0.575896 0.824528
3 16 1.362 -25.081 4.906 0.000 -24.773 7.210 0.000 -25.136 4.590 0.592842 0.807985 0.598474 0.830706 0.582419 0.814259
2 24 7.373 -13.054 5.905 4.257 -13.052 9.021
2 24 -4.257 -13.054 -5.724 -7.373 -13.054 -2.608
2 24 -12.181 -9.784 -14.790 -13.912 -8.457 -11.000
2 24 5.413 -19.252 4.774 3.125 -19.252 7.061
2 24 -3.125 -19.252 -3.764 -5.413 -19.252 -1.476
2 24 -14.515 -5.615 -1.442 -14.839 -5.556 3.668
2 24 -11.296 -3.067 8.223 -12.536 -4.408 5.595
2 24 3.346 -0.607 14.253 0.000 -0.454 14.688
2 24 -11.223 -7.472 -14.624 -13.162 -6.341 -10.583
2 24 3.845 -0.223 15.089 0.000 0.000 15.594
2 24 5.413 -13.502 4.774 3.125 -13.502 7.061
2 24 -3.125 -13.502 -3.764 -5.413 -13.502 -1.476
2 24 -13.162 -6.341 -10.583 -14.022 -5.735 -6.280
2 24 0.000 0.000 15.594 -3.845 -0.223 15.089
2 24 0.000 -0.454 14.688 -3.346 -0.607 14.253
2 24 -13.927 -12.612 -10.008 -16.074 -11.401 -5.759
2 24 7.373 -17.939 5.905 4.257 -17.938 9.021
2 24 -4.257 -17.939 -5.724 -7.373 -17.939 -2.608
2 24 -14.022 -5.735 -6.280 -14.515 -5.615 -1.442
2 24 3.125 -19.252 7.061 0.000 -19.252 7.899
2 24 -5.413 -19.252 -1.476 -6.250 -19.252 1.649
2 24 -4.257 -13.052 9.021 -7.373 -13.052 5.905
2 24 0.000 -3.931 18.782 -4.040 -4.000 18.165
2 24 4.257 -17.938 9.021 0.000 -17.937 10.162
2 24 -7.373 -17.939 -2.608 -8.513 -17.940 1.649
2 24 2.967 -23.687 5.356 1.695 -23.836 4.115
2 24 3.125 -13.502 7.061 0.000 -13.502 7.899
2 24 -5.413 -13.502 -1.476 -6.250 -13.502 1.649
2 24 -3.346 -0.607 14.253 -6.516 -0.983 12.984
2 24 4.040 -4.000 18.165 0.000 -3.931 18.782
2 24 -12.536 -4.408 5.595 -13.060 -6.057 2.133
2 24 -3.125 -13.502 7.061 -5.413 -13.502 4.774
2 24 -7.373 -13.052 5.905 -8.513 -13.054 1.649
2 24 3.444 -23.472 7.060 2.967 -23.687 5.356
2 24 0.000 -13.502 7.899 -3.125 -13.502 7.061
2 24 -9.276 -1.884 10.848 -11.296 -3.067 8.223
2 24 -6.516 -0.983 12.984 -9.276 -1.884 10.848
2 24 -14.009 -4.169 6.895 -14.839 -5.556 3.668
2 24 -16.074 -11.401 -5.759 -17.362 -10.660 -1.717
2 24 3.444 -23.472 7.060 2.998 -23.247 8.771
2 24 0.000 -19.252 7.899 -3.125 -19.252 7.061
2 24 -3.125 -19.252 7.061 -5.413 -19.252 4.774
2 24 -7.373 -17.938 5.905 -8.513 -17.940 1.649
2 24 -0.031 -23.877 3.671 -1.749 -23.801 4.142
2 24 -17.362 -10.660 -1.717 -17.798 -10.196 2.806
2 24 -1.749 -23.801 4.142 -2.998 -23.627 5.402
2 24 1.695 -23.836 4.115 -0.031 -23.877 3.671
2 24 -2.998 -23.627 5.402 -3.444 -23.402 7.113
2 24 -5.413 -19.252 4.774 -6.250 -19.252 1.649
2 24 2.998 -23.247 8.771 1.749 -23.073 10.031
2 24 -5.413 -13.502 4.774 -6.250 -13.502 1.649
2 24 4.257 -13.052 9.021 0.000 -13.051 10.162
2 24 -7.373 -13.054 -2.608 -8.513 -13.054 1.649
2 24 -13.912 -8.457 -11.000 -14.860 -7.315 -6.350
2 24 0.000 -13.502 -4.601 -3.125 -13.502 -3.764
2 24 6.250 -13.502 1.649 5.413 -13.502 4.774
2 24 -7.646 -14.944 -15.835 -10.899 -13.883 -13.612
2 24 0.000 -13.054 -6.865 -4.257 -13.054 -5.724
2 24 8.513 -13.054 1.649 7.373 -13.054 5.905
2 24 4.257 -17.939 -5.724 0.000 -17.940 -6.865
2 24 7.896 -0.966 14.197 4.157 -0.517 15.833
2 24 -8.823 -11.331 -18.001 -12.181 -9.784 -14.790
2 24 0.000 -19.252 -4.601 -3.125 -19.252 -3.764
2 24 6.250 -19.252 1.649 5.413 -19.252 4.774
2 24 5.413 -19.252 -1.476 3.125 -19.252 -3.764
2 24 3.125 -13.502 -3.764 0.000 -13.502 -4.601
2 24 -6.802 -9.190 -9.978 -9.512 -8.303 -7.505
2 24 8.513 -17.940 1.649 7.373 -17.939 -2.608
2 24 7.373 -17.939 -2.608 4.257 -17.939 -5.724
2 24 6.250 -13.502 1.649 5.413 -13.502 -1.476
2 24 -4.202 -15.550 -17.131 -7.646 -14.944 -15.835
2 24 3.125 -19.252 -3.764 0.000 -19.252 -4.601
2 24 5.413 -13.502 -1.476 3.125 -13.502 -3.764
2 24 6.250 -19.252 1.649 5.413 -19.252 -1.476
2 24 -2.722 -16.294 -8.771 -5.528 -16.084 -7.708
2 24 -9.512 -8.303 -7.505 -11.256 -7.591 -4.858
2 24 0.000 -13.051 10.162 -4.257 -13.052 9.021
2 24 -10.684 -1.841 12.013 -12.615 -2.850 9.667
2 24 -7.896 -0.966 14.197 -10.684 -1.841 12.013
2 24 -10.899 -13.883 -13.612 -13.927 -12.612 -10.008
2 24 -5.528 -16.084 -7.708 -7.924 -16.070 -5.849
2 24 4.257 -13.054 -5.724 0.000 -13.054 -6.865
2 24 7.373 -13.054 -2.608 4.257 -13.054 -5.724
2 24 9.276 -1.884 10.848 6.516 -0.983 12.984
2 24 10.684 -1.841 12.013 7.896 -0.966 14.197
2 24 17.140 -9.995 7.749 15.323 -10.182 12.049
2 24 8.513 -13.054 1.649 7.373 -13.054 -2.608
2 24 -4.081 -13.454 -17.653 -7.470 -12.799 -16.315
2 24 -3.329 -9.896 -11.385 -6.802 -9.190 -9.978
2 24 0.000 -17.940 -6.865 -4.257 -17.939 -5.724
2 24 8.513 -17.940 1.649 7.373 -17.939 5.905
2 24 4.157 -0.517 15.833 0.000 -0.355 16.383
2 24 -2.925 -15.494 12.521 -5.655 -15.397 11.471
2 24 -2.967 -23.186 8.817 -3.444 -23.402 7.113
2 24 -4.257 -17.938 9.021 -7.373 -17.938 5.905
2 24 -15.323 -10.182 12.049 -17.140 -9.995 7.749
2 24 6.516 -0.983 12.984 3.346 -0.607 14.253
2 24 0.000 -10.080 -11.972 -3.329 -9.896 -11.385
2 24 -4.628 -12.257 -19.589 -8.823 -11.331 -18.001
2 24 -7.886 -8.853 -17.588 -11.223 -7.472 -14.624
2 24 6.802 -9.190 -9.978 3.329 -9.896 -11.385
2 24 13.060 -6.057 2.133 12.536 -4.408 5.595
2 24 12.615 -2.850 9.667 10.684 -1.841 12.013
2 24 11.296 -3.067 8.223 9.276 -1.884 10.848
2 24 -4.482 -9.585 -18.830 -7.886 -8.853 -17.588
2 24 17.798 -10.196 2.806 17.140 -9.995 7.749
2 24 4.628 -12.257 -19.589 0.000 -12.560 -20.122
2 24 12.536 -4.408 5.595 11.296 -3.067 8.223
2 24 3.329 -9.896 -11.385 0.000 -10.080 -11.972
2 24 0.000 -17.937 10.162 -4.257 -17.938 9.021
2 24 4.202 -15.550 -17.131 0.000 -15.956 -17.732
2 24 0.000 -12.560 -20.122 -4.628 -12.257 -19.589
2 24 14.009 -4.169 6.895 12.615 -2.850 9.667
2 24 0.000 -15.956 -17.732 -4.202 -15.550 -17.131
2 24 13.060 -6.057 2.133 12.660 -6.661 -1.296
2 24 9.512 -8.303 -7.505 6.802 -9.190 -9.978
2 24 0.000 -9.877 -19.258 -4.482 -9.585 -18.830
2 24 13.927 -12.612 -10.008 10.899 -13.883 -13.612
2 24 8.823 -11.331 -18.001 4.628 -12.257 -19.589
2 24 13.346 -9.737 -10.115 10.656 -11.572 -13.995
2 24 16.074 -11.401 -5.759 13.927 -12.612 -10.008
2 24 14.031 -5.539 3.222 13.440 -5.781 -1.379
2 24 14.839 -5.556 3.668 14.009 -4.169 6.895
2 24 -17.140 -9.995 7.749 -17.798 -10.196 2.806
2 24 -5.655 -15.397 11.471 -8.003 -15.500 9.596
2 24 1.749 -23.073 10.031 0.000 -22.904 10.471
2 24 10.656 -11.572 -13.995 7.470 -12.799 -16.315
2 24 14.683 -8.262 -6.212 13.346 -9.737 -10.115
2 24 14.022 -5.735 -6.280 13.162 -6.341 -10.583
2 24 10.899 -13.883 -13.612 7.646 -14.944 -15.835
2 24 7.470 -12.799 -16.315 4.081 -13.454 -17.653
2 24 14.515 -5.615 -1.442 14.022 -5.735 -6.280
2 24 17.362 -10.660 -1.717 16.074 -11.401 -5.759
2 24 4.482 -9.585 -18.830 0.000 -9.877 -19.258
2 24 17.798 -10.196 2.806 17.362 -10.660 -1.717
2 24 12.181 -9.784 -14.790 8.823 -11.331 -18.001
2 24 13.162 -6.341 -10.583 11.223 -7.472 -14.624
2 24 11.223 -7.472 -14.624 7.886 -8.853 -17.588
2 24 13.912 -8.457 -11.000 12.181 -9.784 -14.790
2 24 7.646 -14.944 -15.835 4.202 -15.550 -17.131
2 24 7.886 -8.853 -17.588 4.482 -9.585 -18.830
2 24 0.000 -22.904 10.471 -1.695 -23.038 10.058
2 24 -12.888 -10.727 15.071 -15.323 -10.182 12.049
