0 FILE bl_5256.dat
0 DESIGN BRICK 4X4, NO. 1
0 Name:  bl_5256.dat
0 Author:  
0 BFC CERTIFY CCW
3 16 1.583 -9.905 23.136 3.308 -7.072 24.149 1.726 -7.281 25.543 0.578078 0.084365 0.564566 0.066350 0.577161 0.062126
3 16 1.583 -9.905 23.136 3.072 -9.039 22.653 3.308 -7.072 24.149 0.578078 0.084365 0.566581 0.082191 0.564566 0.066350
3 16 3.308 -7.072 24.149 4.042 -8.326 22.085 4.544 -6.760 22.668 0.564566 0.066350 0.557901 0.080935 0.552926 0.070434
3 16 3.308 -7.072 24.149 3.072 -9.039 22.653 4.042 -8.326 22.085 0.564566 0.066350 0.566581 0.082191 0.557901 0.080935
3 16 4.544 -6.760 22.668 4.601 -8.514 21.104 5.601 -6.586 21.068 0.552926 0.070434 0.552509 0.085903 0.541778 0.075739
3 16 4.544 -6.760 22.668 4.042 -8.326 22.085 4.601 -8.514 21.104 0.552926 0.070434 0.557901 0.080935 0.552509 0.085903
3 16 4.042 -8.326 22.085 3.201 -9.963 21.502 4.601 -8.514 21.104 0.557901 0.080935 0.565261 0.091670 0.552509 0.085903
3 16 4.042 -8.326 22.085 3.072 -9.039 22.653 3.201 -9.963 21.502 0.557901 0.080935 0.566581 0.082191 0.565261 0.091670
3 16 1.087 -5.482 19.469 0.000 -3.901 19.499 0.000 -6.396 19.499 0.894774 0.344142 0.901849 0.333858 0.901849 0.350089
3 16 1.087 -5.482 19.469 1.705 -4.044 19.422 0.000 -3.901 19.499 0.894774 0.344142 0.890743 0.334784 0.901849 0.333858
3 16 2.910 -3.165 22.637 1.364 -4.629 24.069 1.870 -2.682 24.581 0.717343 0.806195 0.701355 0.808657 0.706299 0.796487
3 16 2.910 -3.165 22.637 2.141 -5.631 22.220 1.364 -4.629 24.069 0.717343 0.806195 0.708461 0.820944 0.701355 0.808657
3 16 1.870 -2.682 24.581 0.735 -4.536 24.824 0.943 -2.633 25.649 0.706299 0.796487 0.696084 0.805480 0.698016 0.792861
3 16 1.870 -2.682 24.581 1.364 -4.629 24.069 0.735 -4.536 24.824 0.706299 0.796487 0.701355 0.808657 0.696084 0.805480
3 16 0.943 -2.633 25.649 0.000 -4.606 25.518 0.000 -2.675 26.533 0.698016 0.792861 0.690139 0.803559 0.690139 0.790895
3 16 0.943 -2.633 25.649 0.735 -4.536 24.824 0.000 -4.606 25.518 0.698016 0.792861 0.696084 0.805480 0.690139 0.803559
3 16 0.000 -6.654 23.855 2.141 -5.631 22.220 0.000 -8.988 21.263 0.690139 0.818952 0.708461 0.820944 0.690139 0.840392
3 16 0.000 -6.654 23.855 1.364 -4.629 24.069 2.141 -5.631 22.220 0.690139 0.818952 0.701355 0.808657 0.708461 0.820944
3 16 1.583 -9.905 23.136 3.201 -9.963 21.502 3.072 -9.039 22.653 0.578078 0.084365 0.565261 0.091670 0.566581 0.082191
3 16 1.583 -9.905 23.136 1.518 -11.056 21.761 3.201 -9.963 21.502 0.578078 0.084365 0.578412 0.095714 0.565261 0.091670
3 16 0.000 -6.030 24.427 1.364 -4.629 24.069 0.000 -6.654 23.855 0.690139 0.813893 0.701355 0.808657 0.690139 0.818952
3 16 0.000 -6.030 24.427 0.735 -4.536 24.824 1.364 -4.629 24.069 0.690139 0.813893 0.696084 0.805480 0.701355 0.808657
3 16 0.000 -6.030 24.427 0.000 -4.606 25.518 0.735 -4.536 24.824 0.690139 0.813893 0.690139 0.803559 0.696084 0.805480
3 16 1.726 -7.281 25.543 0.000 -10.494 23.521 1.583 -9.905 23.136 0.577161 0.062126 0.589403 0.085134 0.578078 0.084365
3 16 1.726 -7.281 25.543 0.000 -7.747 26.358 0.000 -10.494 23.521 0.577161 0.062126 0.589403 0.061311 0.589403 0.085134
3 16 0.000 -10.494 23.521 1.518 -11.056 21.761 1.583 -9.905 23.136 0.589403 0.085134 0.578412 0.095714 0.578078 0.084365
3 16 0.000 -10.494 23.521 0.000 -11.598 21.998 1.518 -11.056 21.761 0.589403 0.085134 0.589403 0.096764 0.578412 0.095714
3 16 0.000 -12.778 20.000 2.611 -15.029 19.829 1.556 -12.246 19.918 0.383167 0.092893 0.366149 0.107531 0.373034 0.089428
3 16 0.000 -12.778 20.000 0.000 -15.396 20.000 2.611 -15.029 19.829 0.383167 0.092893 0.383167 0.109919 0.366149 0.107531
3 16 0.000 -11.598 21.998 1.556 -12.246 19.918 1.518 -11.056 21.761 0.589403 0.096764 0.577653 0.109859 0.578412 0.095714
3 16 0.000 -11.598 21.998 0.000 -12.778 20.000 1.556 -12.246 19.918 0.589403 0.096764 0.589403 0.111537 0.577653 0.109859
3 16 5.436 -9.202 19.247 5.601 -6.586 21.068 4.601 -8.514 21.104 0.544253 0.097187 0.541778 0.075739 0.552509 0.085903
3 16 5.436 -9.202 19.247 6.862 -6.655 18.779 5.601 -6.586 21.068 0.544253 0.097187 0.527577 0.084924 0.541778 0.075739
3 16 3.480 -11.185 19.695 7.654 -11.241 18.478 5.436 -9.202 19.247 0.360434 0.082523 0.332112 0.082895 0.347376 0.069621
3 16 3.480 -11.185 19.695 5.176 -13.721 19.319 7.654 -11.241 18.478 0.360434 0.082523 0.349132 0.099026 0.332112 0.082895
3 16 3.480 -11.185 19.695 4.601 -8.514 21.104 3.201 -9.963 21.502 0.562367 0.105653 0.552509 0.085903 0.565261 0.091670
3 16 3.480 -11.185 19.695 5.436 -9.202 19.247 4.601 -8.514 21.104 0.562367 0.105653 0.544253 0.097187 0.552509 0.085903
3 16 3.480 -11.185 19.695 2.611 -15.029 19.829 5.176 -13.721 19.319 0.360434 0.082523 0.366149 0.107531 0.349132 0.099026
3 16 3.480 -11.185 19.695 1.556 -12.246 19.918 2.611 -15.029 19.829 0.360434 0.082523 0.373034 0.089428 0.366149 0.107531
3 16 3.480 -11.185 19.695 1.518 -11.056 21.761 1.556 -12.246 19.918 0.562367 0.105653 0.578412 0.095714 0.577653 0.109859
3 16 3.480 -11.185 19.695 3.201 -9.963 21.502 1.518 -11.056 21.761 0.562367 0.105653 0.565261 0.091670 0.578412 0.095714
3 16 1.813 0.000 19.392 0.000 -3.901 19.499 1.705 -4.044 19.422 0.890037 0.308483 0.901849 0.333858 0.890743 0.334784
3 16 1.813 0.000 19.392 0.000 0.000 19.480 0.000 -3.901 19.499 0.890037 0.308483 0.901849 0.308486 0.901849 0.333858
3 16 0.000 -2.675 26.533 0.948 0.000 26.293 0.943 -2.633 25.649 0.690139 0.790895 0.699051 0.775622 0.698016 0.792861
3 16 0.000 -2.675 26.533 0.000 0.000 27.039 0.948 0.000 26.293 0.690139 0.790895 0.690139 0.774379 0.699051 0.775622
3 16 3.360 0.000 23.011 1.870 -2.682 24.581 1.977 0.000 25.333 0.726214 0.786988 0.706299 0.796487 0.708995 0.778562
3 16 3.360 0.000 23.011 2.910 -3.165 22.637 1.870 -2.682 24.581 0.726214 0.786988 0.717343 0.806195 0.706299 0.796487
3 16 1.977 0.000 25.333 0.943 -2.633 25.649 0.948 0.000 26.293 0.708995 0.778562 0.698016 0.792861 0.699051 0.775622
3 16 1.977 0.000 25.333 1.870 -2.682 24.581 0.943 -2.633 25.649 0.708995 0.778562 0.706299 0.796487 0.698016 0.792861
3 16 6.887 0.000 21.395 5.456 -2.049 23.935 6.737 -1.958 21.376 0.518022 0.037524 0.540930 0.039714 0.524419 0.048745
3 16 6.887 0.000 21.395 5.458 0.000 24.206 5.456 -2.049 23.935 0.518022 0.037524 0.536538 0.026816 0.540930 0.039714
3 16 8.266 -1.815 18.221 6.887 0.000 21.395 6.737 -1.958 21.376 0.504208 0.059507 0.518022 0.037524 0.524419 0.048745
3 16 8.266 -1.815 18.221 8.526 0.000 18.092 6.887 0.000 21.395 0.504208 0.059507 0.497041 0.049740 0.518022 0.037524
3 16 9.947 -1.270 17.388 9.684 -0.524 17.499 8.266 -1.815 18.221 0.315584 0.018028 0.317445 0.013171 0.327771 0.021583
3 16 9.168 -0.133 17.775 8.526 0.000 18.092 8.266 -1.815 18.221 0.321247 0.010629 0.325906 0.009766 0.327771 0.021583
3 16 5.458 0.000 24.206 3.910 -2.105 26.373 5.456 -2.049 23.935 0.536538 0.026816 0.558070 0.031264 0.540930 0.039714
3 16 5.458 0.000 24.206 3.824 0.000 26.934 3.910 -2.105 26.373 0.536538 0.026816 0.556488 0.016985 0.558070 0.031264
3 16 5.458 0.000 24.206 1.977 0.000 25.333 3.824 0.000 26.934 0.557527 0.736664 0.535274 0.730079 0.546960 0.719264
3 16 5.458 0.000 24.206 3.360 0.000 23.011 1.977 0.000 25.333 0.557527 0.736664 0.544246 0.744991 0.535274 0.730079
3 16 3.824 0.000 26.934 1.904 -2.090 28.272 3.910 -2.105 26.373 0.556488 0.016985 0.575219 0.025123 0.558070 0.031264
3 16 3.824 0.000 26.934 1.814 0.000 28.633 1.904 -2.090 28.272 0.556488 0.016985 0.574570 0.011391 0.575219 0.025123
3 16 3.824 0.000 26.934 0.948 0.000 26.293 1.814 0.000 28.633 0.546960 0.719264 0.528684 0.724002 0.533979 0.708577
3 16 3.824 0.000 26.934 1.977 0.000 25.333 0.948 0.000 26.293 0.546960 0.719264 0.535274 0.730079 0.528684 0.724002
3 16 1.814 0.000 28.633 0.000 0.000 27.039 0.000 0.000 29.526 0.533979 0.708577 0.522635 0.719293 0.522235 0.703031
3 16 1.814 0.000 28.633 0.948 0.000 26.293 0.000 0.000 27.039 0.533979 0.708577 0.528684 0.724002 0.522635 0.719293
3 16 1.814 0.000 28.633 0.000 -2.123 29.351 1.904 -2.090 28.272 0.574570 0.011391 0.589403 0.022975 0.575219 0.025123
3 16 1.814 0.000 28.633 0.000 0.000 29.526 0.000 -2.123 29.351 0.574570 0.011391 0.589403 0.009766 0.589403 0.022975
3 16 9.947 -1.270 17.388 7.817 -3.877 18.415 10.387 -5.255 17.089 0.315584 0.018028 0.330835 0.035055 0.312156 0.043950
3 16 9.947 -1.270 17.388 8.266 -1.815 18.221 7.817 -3.877 18.415 0.315584 0.018028 0.327771 0.021583 0.330835 0.035055
3 16 9.684 -0.524 17.499 9.168 -0.133 17.775 8.266 -1.815 18.221 0.317445 0.013171 0.321247 0.010629 0.327771 0.021583
3 16 0.000 0.000 16.250 1.813 0.000 19.392 2.118 0.000 16.090 0.523105 0.797150 0.534113 0.776043 0.539393 0.795877
3 16 0.000 0.000 16.250 0.000 0.000 19.480 1.813 0.000 19.392 0.523105 0.797150 0.522845 0.776832 0.534113 0.776043
3 16 1.891 -4.168 27.493 0.000 -7.747 26.358 1.726 -7.281 25.543 0.575809 0.039187 0.589403 0.061311 0.577161 0.062126
3 16 1.891 -4.168 27.493 0.000 -4.327 28.647 0.000 -7.747 26.358 0.575809 0.039187 0.589403 0.036810 0.589403 0.061311
3 16 1.726 -7.281 25.543 3.727 -4.237 25.609 1.891 -4.168 27.493 0.577161 0.062126 0.560619 0.045871 0.575809 0.039187
3 16 1.726 -7.281 25.543 3.308 -7.072 24.149 3.727 -4.237 25.609 0.577161 0.062126 0.564566 0.066350 0.560619 0.045871
3 16 5.148 -4.127 23.467 3.308 -7.072 24.149 4.544 -6.760 22.668 0.545836 0.053091 0.564566 0.066350 0.552926 0.070434
3 16 5.148 -4.127 23.467 3.727 -4.237 25.609 3.308 -7.072 24.149 0.545836 0.053091 0.560619 0.045871 0.564566 0.066350
3 16 5.601 -6.586 21.068 5.148 -4.127 23.467 4.544 -6.760 22.668 0.541778 0.075739 0.545836 0.053091 0.552926 0.070434
3 16 5.601 -6.586 21.068 6.370 -3.990 21.251 5.148 -4.127 23.467 0.541778 0.075739 0.531387 0.060665 0.545836 0.053091
3 16 6.862 -6.655 18.779 6.370 -3.990 21.251 5.601 -6.586 21.068 0.527577 0.084924 0.531387 0.060665 0.541778 0.075739
3 16 6.862 -6.655 18.779 7.817 -3.877 18.415 6.370 -3.990 21.251 0.527577 0.084924 0.513209 0.070516 0.531387 0.060665
3 16 6.862 -6.655 18.779 10.387 -5.255 17.089 7.817 -3.877 18.415 0.337611 0.053059 0.312156 0.043950 0.330835 0.035055
3 16 6.862 -6.655 18.779 9.002 -8.067 17.793 10.387 -5.255 17.089 0.337611 0.053059 0.322278 0.062244 0.312156 0.043950
3 16 9.510 -5.256 16.181 9.947 -1.270 17.388 10.387 -5.255 17.089 0.610517 0.799587 0.592684 0.778891 0.614997 0.792671
3 16 9.510 -5.256 16.181 8.896 -1.314 16.291 9.947 -1.270 17.388 0.610517 0.799587 0.587515 0.787352 0.592684 0.778891
3 16 8.895 -5.256 15.959 8.896 -1.314 16.291 9.510 -5.256 16.181 0.815634 0.973549 0.816491 0.947862 0.820026 0.973586
3 16 8.895 -5.256 15.959 8.380 -0.594 16.096 8.896 -1.314 16.291 0.815634 0.973549 0.812892 0.943189 0.816491 0.947862
3 16 6.288 -5.256 15.018 7.333 -0.361 15.631 7.958 -5.256 15.621 0.797601 0.973530 0.805448 0.941685 0.809023 0.973530
3 16 6.288 -5.256 15.018 6.262 -0.122 15.015 7.333 -0.361 15.631 0.797601 0.973530 0.797416 0.940137 0.805448 0.941685
3 16 4.200 -5.256 15.676 6.262 -0.122 15.015 6.288 -5.256 15.018 0.322483 0.652286 0.336544 0.618875 0.336725 0.652260
3 16 4.200 -5.256 15.676 4.200 0.000 15.676 6.262 -0.122 15.015 0.322483 0.652286 0.322461 0.618095 0.336544 0.618875
3 16 7.817 -3.877 18.415 6.737 -1.958 21.376 6.370 -3.990 21.251 0.513209 0.070516 0.524419 0.048745 0.531387 0.060665
3 16 7.817 -3.877 18.415 8.266 -1.815 18.221 6.737 -1.958 21.376 0.513209 0.070516 0.504208 0.059507 0.524419 0.048745
3 16 6.737 -1.958 21.376 5.148 -4.127 23.467 6.370 -3.990 21.251 0.524419 0.048745 0.545836 0.053091 0.531387 0.060665
3 16 6.737 -1.958 21.376 5.456 -2.049 23.935 5.148 -4.127 23.467 0.524419 0.048745 0.540930 0.039714 0.545836 0.053091
3 16 5.456 -2.049 23.935 3.727 -4.237 25.609 5.148 -4.127 23.467 0.540930 0.039714 0.560619 0.045871 0.545836 0.053091
3 16 5.456 -2.049 23.935 3.910 -2.105 26.373 3.727 -4.237 25.609 0.540930 0.039714 0.558070 0.031264 0.560619 0.045871
3 16 1.891 -4.168 27.493 3.910 -2.105 26.373 1.904 -2.090 28.272 0.575809 0.039187 0.558070 0.031264 0.575219 0.025123
3 16 1.891 -4.168 27.493 3.727 -4.237 25.609 3.910 -2.105 26.373 0.575809 0.039187 0.560619 0.045871 0.558070 0.031264
3 16 1.904 -2.090 28.272 0.000 -4.327 28.647 1.891 -4.168 27.493 0.575219 0.025123 0.589403 0.036810 0.575809 0.039187
3 16 1.904 -2.090 28.272 0.000 -2.123 29.351 0.000 -4.327 28.647 0.575219 0.025123 0.589403 0.022975 0.589403 0.036810
3 16 0.000 -6.396 19.499 3.219 -7.232 19.301 1.087 -5.482 19.469 0.901849 0.350089 0.880862 0.355525 0.894774 0.344142
3 16 0.000 -6.396 19.499 0.000 -10.191 19.510 3.219 -7.232 19.301 0.901849 0.350089 0.901849 0.374774 0.880862 0.355525
3 16 3.219 -7.232 19.301 0.000 -8.988 21.263 2.141 -5.631 22.220 0.717916 0.841482 0.690139 0.840392 0.708461 0.820944
3 16 3.219 -7.232 19.301 0.000 -10.191 19.510 0.000 -8.988 21.263 0.717916 0.841482 0.690139 0.854170 0.690139 0.840392
3 16 4.390 -4.748 19.109 1.087 -5.482 19.469 3.219 -7.232 19.301 0.873156 0.339361 0.894774 0.344142 0.880862 0.355525
3 16 4.390 -4.748 19.109 1.705 -4.044 19.422 1.087 -5.482 19.469 0.873156 0.339361 0.890743 0.334784 0.894774 0.344142
3 16 4.390 -4.748 19.109 2.141 -5.631 22.220 2.910 -3.165 22.637 0.732550 0.828796 0.708461 0.820944 0.717343 0.806195
3 16 4.390 -4.748 19.109 3.219 -7.232 19.301 2.141 -5.631 22.220 0.732550 0.828796 0.717916 0.841482 0.708461 0.820944
3 16 1.813 0.000 19.392 4.390 -4.748 19.109 5.437 0.000 18.729 0.890037 0.308483 0.873156 0.339361 0.866073 0.308429
3 16 1.813 0.000 19.392 1.705 -4.044 19.422 4.390 -4.748 19.109 0.890037 0.308483 0.890743 0.334784 0.873156 0.339361
3 16 5.437 0.000 18.729 2.910 -3.165 22.637 3.360 0.000 23.011 0.753551 0.803520 0.717343 0.806195 0.726214 0.786988
3 16 5.437 0.000 18.729 4.390 -4.748 19.109 2.910 -3.165 22.637 0.753551 0.803520 0.732550 0.828796 0.717343 0.806195
3 16 6.887 0.000 21.395 3.360 0.000 23.011 5.458 0.000 24.206 0.566862 0.754511 0.544246 0.744991 0.557527 0.736664
3 16 6.887 0.000 21.395 5.437 0.000 18.729 3.360 0.000 23.011 0.566862 0.754511 0.558641 0.773001 0.544246 0.744991
3 16 6.887 0.000 21.395 8.526 0.000 18.092 5.437 0.000 18.729 0.566862 0.754511 0.579204 0.773947 0.558641 0.773001
3 16 6.262 -0.122 15.015 5.437 0.000 18.729 8.526 0.000 18.092 0.568631 0.796382 0.558641 0.773001 0.579204 0.773947
3 16 6.262 -0.122 15.015 4.200 0.000 15.676 5.437 0.000 18.729 0.568631 0.796382 0.554314 0.795032 0.558641 0.773001
3 16 2.086 -5.256 16.090 0.000 0.000 16.250 2.118 0.000 16.090 0.308456 0.652289 0.294845 0.618103 0.308658 0.618100
3 16 2.086 -5.256 16.090 -0.019 -5.256 16.250 0.000 0.000 16.250 0.308456 0.652289 0.294721 0.652290 0.294845 0.618103
3 16 4.200 -5.256 15.676 2.118 0.000 16.090 4.200 0.000 15.676 0.322483 0.652286 0.308658 0.618100 0.322461 0.618095
3 16 4.200 -5.256 15.676 2.086 -5.256 16.090 2.118 0.000 16.090 0.322483 0.652286 0.308456 0.652289 0.308658 0.618100
3 16 5.437 0.000 18.729 2.118 0.000 16.090 1.813 0.000 19.392 0.558641 0.773001 0.539393 0.795877 0.534113 0.776043
3 16 5.437 0.000 18.729 4.200 0.000 15.676 2.118 0.000 16.090 0.558641 0.773001 0.554314 0.795032 0.539393 0.795877
3 16 9.002 -8.067 17.793 5.436 -9.202 19.247 7.654 -11.241 18.478 0.322278 0.062244 0.347376 0.069621 0.332112 0.082895
3 16 9.002 -8.067 17.793 6.862 -6.655 18.779 5.436 -9.202 19.247 0.322278 0.062244 0.337611 0.053059 0.347376 0.069621
3 16 8.896 -1.314 16.291 9.684 -0.524 17.499 9.947 -1.270 17.388 0.587515 0.787352 0.587990 0.776654 0.592684 0.778891
3 16 8.896 -1.314 16.291 8.380 -0.594 16.096 9.684 -0.524 17.499 0.587515 0.787352 0.581561 0.787326 0.587990 0.776654
3 16 -1.583 -9.905 23.136 -3.308 -7.072 24.149 -3.072 -9.039 22.653 0.600727 0.084365 0.614239 0.066350 0.612224 0.082191
3 16 -1.583 -9.905 23.136 -1.726 -7.281 25.543 -3.308 -7.072 24.149 0.600727 0.084365 0.601644 0.062126 0.614239 0.066350
3 16 -3.308 -7.072 24.149 -4.042 -8.326 22.085 -3.072 -9.039 22.653 0.614239 0.066350 0.620904 0.080935 0.612224 0.082191
3 16 -3.308 -7.072 24.149 -4.544 -6.760 22.668 -4.042 -8.326 22.085 0.614239 0.066350 0.625879 0.070434 0.620904 0.080935
3 16 -4.601 -8.514 21.104 -4.544 -6.760 22.668 -5.601 -6.586 21.068 0.626296 0.085903 0.625879 0.070434 0.637027 0.075739
3 16 -4.601 -8.514 21.104 -4.042 -8.326 22.085 -4.544 -6.760 22.668 0.626296 0.085903 0.620904 0.080935 0.625879 0.070434
3 16 -5.601 -6.586 21.068 -5.436 -9.202 19.247 -4.601 -8.514 21.104 0.637027 0.075739 0.634552 0.097187 0.626296 0.085903
3 16 -5.601 -6.586 21.068 -6.862 -6.655 18.779 -5.436 -9.202 19.247 0.637027 0.075739 0.651229 0.084924 0.634552 0.097187
3 16 -3.201 -9.963 21.502 -4.042 -8.326 22.085 -4.601 -8.514 21.104 0.613545 0.091670 0.620904 0.080935 0.626296 0.085903
3 16 -3.201 -9.963 21.502 -3.072 -9.039 22.653 -4.042 -8.326 22.085 0.613545 0.091670 0.612224 0.082191 0.620904 0.080935
3 16 -3.480 -11.185 19.695 -7.654 -11.241 18.478 -5.176 -13.721 19.319 0.405900 0.082523 0.434221 0.082895 0.417201 0.099026
3 16 -3.480 -11.185 19.695 -5.436 -9.202 19.247 -7.654 -11.241 18.478 0.405900 0.082523 0.418957 0.069621 0.434221 0.082895
3 16 -1.087 -5.482 19.469 0.000 -3.901 19.499 -1.705 -4.044 19.422 0.908924 0.344142 0.901849 0.333858 0.912955 0.334784
3 16 -1.087 -5.482 19.469 0.000 -6.396 19.499 0.000 -3.901 19.499 0.908924 0.344142 0.901849 0.350089 0.901849 0.333858
3 16 -2.910 -3.165 22.637 -1.364 -4.629 24.069 -2.141 -5.631 22.220 0.662935 0.806195 0.678923 0.808657 0.671817 0.820944
3 16 -2.910 -3.165 22.637 -1.870 -2.682 24.581 -1.364 -4.629 24.069 0.662935 0.806195 0.673979 0.796487 0.678923 0.808657
3 16 -1.870 -2.682 24.581 -0.735 -4.536 24.824 -1.364 -4.629 24.069 0.673979 0.796487 0.684194 0.805480 0.678923 0.808657
3 16 -1.870 -2.682 24.581 -0.943 -2.633 25.649 -0.735 -4.536 24.824 0.673979 0.796487 0.682262 0.792861 0.684194 0.805480
3 16 -0.943 -2.633 25.649 0.000 -4.606 25.518 -0.735 -4.536 24.824 0.682262 0.792861 0.690139 0.803559 0.684194 0.805480
3 16 -0.943 -2.633 25.649 0.000 -2.675 26.533 0.000 -4.606 25.518 0.682262 0.792861 0.690139 0.790895 0.690139 0.803559
3 16 -2.141 -5.631 22.220 0.000 -6.654 23.855 0.000 -8.988 21.263 0.671817 0.820944 0.690139 0.818952 0.690139 0.840392
3 16 -2.141 -5.631 22.220 -1.364 -4.629 24.069 0.000 -6.654 23.855 0.671817 0.820944 0.678923 0.808657 0.690139 0.818952
3 16 -3.201 -9.963 21.502 -1.583 -9.905 23.136 -3.072 -9.039 22.653 0.613545 0.091670 0.600727 0.084365 0.612224 0.082191
3 16 -3.201 -9.963 21.502 -1.518 -11.056 21.761 -1.583 -9.905 23.136 0.613545 0.091670 0.600393 0.095714 0.600727 0.084365
3 16 0.000 -6.030 24.427 -1.364 -4.629 24.069 -0.735 -4.536 24.824 0.690139 0.813893 0.678923 0.808657 0.684194 0.805480
3 16 0.000 -6.030 24.427 0.000 -6.654 23.855 -1.364 -4.629 24.069 0.690139 0.813893 0.690139 0.818952 0.678923 0.808657
3 16 -8.810 -5.256 15.928 -8.896 -1.314 16.291 -8.380 -0.594 16.096 0.766627 0.840054 0.765192 0.814368 0.768791 0.809696
3 16 -8.810 -5.256 15.928 -9.510 -5.256 16.181 -8.896 -1.314 16.291 0.766627 0.840054 0.761657 0.840093 0.765192 0.814368
3 16 -2.611 -15.029 19.829 -3.480 -11.185 19.695 -5.176 -13.721 19.319 0.400184 0.107531 0.405900 0.082523 0.417201 0.099026
3 16 -2.611 -15.029 19.829 -1.556 -12.246 19.918 -3.480 -11.185 19.695 0.400184 0.107531 0.393300 0.089428 0.405900 0.082523
3 16 0.000 -4.606 25.518 0.000 -6.030 24.427 -0.735 -4.536 24.824 0.690139 0.803559 0.690139 0.813893 0.684194 0.805480
3 16 -1.726 -7.281 25.543 0.000 -10.494 23.521 0.000 -7.747 26.358 0.601644 0.062126 0.589403 0.085134 0.589403 0.061311
3 16 -1.726 -7.281 25.543 -1.583 -9.905 23.136 0.000 -10.494 23.521 0.601644 0.062126 0.600727 0.084365 0.589403 0.085134
3 16 0.000 -10.494 23.521 -1.518 -11.056 21.761 0.000 -11.598 21.998 0.589403 0.085134 0.600393 0.095714 0.589403 0.096764
3 16 0.000 -10.494 23.521 -1.583 -9.905 23.136 -1.518 -11.056 21.761 0.589403 0.085134 0.600727 0.084365 0.600393 0.095714
3 16 0.000 -12.778 20.000 -2.611 -15.029 19.829 0.000 -15.396 20.000 0.383167 0.092893 0.400184 0.107531 0.383167 0.109919
3 16 0.000 -12.778 20.000 -1.556 -12.246 19.918 -2.611 -15.029 19.829 0.383167 0.092893 0.393300 0.089428 0.400184 0.107531
3 16 -5.436 -9.202 19.247 -9.262 -8.067 17.661 -7.654 -11.241 18.478 0.418957 0.069621 0.445953 0.062243 0.434221 0.082895
3 16 -5.436 -9.202 19.247 -6.862 -6.655 18.779 -9.262 -8.067 17.661 0.418957 0.069621 0.428723 0.053059 0.445953 0.062243
3 16 0.000 -11.598 21.998 -1.556 -12.246 19.918 0.000 -12.778 20.000 0.589403 0.096764 0.601152 0.109859 0.589403 0.111537
3 16 0.000 -11.598 21.998 -1.518 -11.056 21.761 -1.556 -12.246 19.918 0.589403 0.096764 0.600393 0.095714 0.601152 0.109859
3 16 -7.793 -4.012 18.427 -9.947 -1.270 17.388 -10.387 -5.255 17.089 0.435269 0.035905 0.450749 0.018028 0.454178 0.043950
3 16 -7.793 -4.012 18.427 -8.229 -2.073 18.239 -9.947 -1.270 17.388 0.435269 0.035905 0.438288 0.023257 0.450749 0.018028
3 16 -4.601 -8.514 21.104 -3.480 -11.185 19.695 -3.201 -9.963 21.502 0.626296 0.085903 0.616439 0.105653 0.613545 0.091670
3 16 -4.601 -8.514 21.104 -5.436 -9.202 19.247 -3.480 -11.185 19.695 0.626296 0.085903 0.634552 0.097187 0.616439 0.105653
3 16 -1.518 -11.056 21.761 -3.480 -11.185 19.695 -1.556 -12.246 19.918 0.600393 0.095714 0.616439 0.105653 0.601152 0.109859
3 16 -1.518 -11.056 21.761 -3.201 -9.963 21.502 -3.480 -11.185 19.695 0.600393 0.095714 0.613545 0.091670 0.616439 0.105653
3 16 -6.862 -6.655 18.779 -10.387 -5.255 17.089 -9.262 -8.067 17.661 0.428723 0.053059 0.454178 0.043950 0.445953 0.062243
3 16 -6.862 -6.655 18.779 -7.793 -4.012 18.427 -10.387 -5.255 17.089 0.428723 0.053059 0.435269 0.035905 0.454178 0.043950
3 16 0.000 -2.675 26.533 -0.948 0.000 26.293 0.000 0.000 27.039 0.690139 0.790895 0.681226 0.775622 0.690139 0.774379
3 16 0.000 -2.675 26.533 -0.943 -2.633 25.649 -0.948 0.000 26.293 0.690139 0.790895 0.682262 0.792861 0.681226 0.775622
3 16 0.000 0.000 27.039 -1.814 0.000 28.633 0.000 0.000 29.526 0.522635 0.719293 0.510753 0.709036 0.522235 0.703031
3 16 0.000 0.000 27.039 -0.948 0.000 26.293 -1.814 0.000 28.633 0.522635 0.719293 0.516689 0.724206 0.510753 0.709036
3 16 -1.813 0.000 19.392 0.000 -3.901 19.499 0.000 0.000 19.480 0.913661 0.308483 0.901849 0.333858 0.901849 0.308486
3 16 -1.813 0.000 19.392 -1.705 -4.044 19.422 0.000 -3.901 19.499 0.913661 0.308483 0.912955 0.334784 0.901849 0.333858
3 16 0.000 0.000 16.250 -1.813 0.000 19.392 0.000 0.000 19.480 0.523105 0.797150 0.511727 0.776555 0.522845 0.776832
3 16 0.000 0.000 16.250 -2.118 0.000 16.090 -1.813 0.000 19.392 0.523105 0.797150 0.506720 0.796352 0.511727 0.776555
3 16 -3.360 0.000 23.011 -1.870 -2.682 24.581 -2.910 -3.165 22.637 0.654064 0.786988 0.673979 0.796487 0.662935 0.806195
3 16 -3.360 0.000 23.011 -1.977 0.000 25.333 -1.870 -2.682 24.581 0.654064 0.786988 0.671283 0.778562 0.673979 0.796487
3 16 -0.943 -2.633 25.649 -1.977 0.000 25.333 -0.948 0.000 26.293 0.682262 0.792861 0.671283 0.778562 0.681226 0.775622
3 16 -0.943 -2.633 25.649 -1.870 -2.682 24.581 -1.977 0.000 25.333 0.682262 0.792861 0.673979 0.796487 0.671283 0.778562
3 16 -5.458 0.000 24.206 -1.977 0.000 25.333 -3.360 0.000 23.011 0.488191 0.737344 0.510235 0.730466 0.501548 0.745478
3 16 -5.458 0.000 24.206 -3.824 0.000 26.934 -1.977 0.000 25.333 0.488191 0.737344 0.498211 0.720042 0.510235 0.730466
3 16 -3.824 0.000 26.934 -0.948 0.000 26.293 -1.977 0.000 25.333 0.498211 0.720042 0.516689 0.724206 0.510235 0.730466
3 16 -3.824 0.000 26.934 -1.814 0.000 28.633 -0.948 0.000 26.293 0.498211 0.720042 0.510753 0.709036 0.516689 0.724206
3 16 -6.887 0.000 21.395 -5.456 -2.049 23.935 -5.458 0.000 24.206 0.660784 0.037524 0.637875 0.039714 0.642268 0.026816
3 16 -6.887 0.000 21.395 -6.737 -1.958 21.376 -5.456 -2.049 23.935 0.660784 0.037524 0.654386 0.048745 0.637875 0.039714
3 16 -8.896 -1.314 16.291 -9.684 -0.524 17.499 -8.380 -0.594 16.096 0.458373 0.787040 0.458158 0.776334 0.464334 0.787162
3 16 -8.896 -1.314 16.291 -9.947 -1.270 17.388 -9.684 -0.524 17.499 0.458373 0.787040 0.453413 0.778454 0.458158 0.776334
3 16 -3.910 -2.105 26.373 -5.458 0.000 24.206 -5.456 -2.049 23.935 0.620735 0.031264 0.642268 0.026816 0.637875 0.039714
3 16 -3.910 -2.105 26.373 -3.824 0.000 26.934 -5.458 0.000 24.206 0.620735 0.031264 0.622317 0.016985 0.642268 0.026816
3 16 -1.904 -2.090 28.272 -3.824 0.000 26.934 -3.910 -2.105 26.373 0.603586 0.025123 0.622317 0.016985 0.620735 0.031264
3 16 -1.904 -2.090 28.272 -1.814 0.000 28.633 -3.824 0.000 26.934 0.603586 0.025123 0.604235 0.011391 0.622317 0.016985
3 16 0.000 -2.123 29.351 -1.814 0.000 28.633 -1.904 -2.090 28.272 0.589403 0.022975 0.604235 0.011391 0.603586 0.025123
3 16 0.000 -2.123 29.351 0.000 0.000 29.526 -1.814 0.000 28.633 0.589403 0.022975 0.589403 0.009766 0.604235 0.011391
3 16 -8.526 0.000 18.092 -7.674 -0.340 15.776 -9.168 -0.133 17.775 0.466984 0.773841 0.468948 0.789834 0.462477 0.774931
3 16 -8.526 0.000 18.092 -6.262 -0.122 15.015 -7.674 -0.340 15.776 0.466984 0.773841 0.477150 0.796562 0.468948 0.789834
3 16 -9.947 -1.270 17.388 -9.510 -5.256 16.181 -10.387 -5.255 17.089 0.453413 0.778454 0.435076 0.798705 0.430768 0.791680
3 16 -9.947 -1.270 17.388 -8.896 -1.314 16.291 -9.510 -5.256 16.181 0.453413 0.778454 0.458373 0.787040 0.435076 0.798705
3 16 -9.684 -0.524 17.499 -9.947 -1.270 17.388 -8.229 -2.073 18.239 0.448889 0.013171 0.450749 0.018028 0.438288 0.023257
3 16 -0.019 -5.256 16.250 -2.118 0.000 16.090 0.000 0.000 16.250 0.294721 0.652290 0.281032 0.618100 0.294845 0.618103
3 16 -0.019 -5.256 16.250 -2.163 -5.256 16.090 -2.118 0.000 16.090 0.294721 0.652290 0.280737 0.652289 0.281032 0.618100
3 16 -2.118 0.000 16.090 -5.437 0.000 18.729 -1.813 0.000 19.392 0.506720 0.796352 0.487746 0.773002 0.511727 0.776555
3 16 -2.118 0.000 16.090 -4.200 0.000 15.676 -5.437 0.000 18.729 0.506720 0.796352 0.491631 0.795580 0.487746 0.773002
3 16 -2.163 -5.256 16.090 -4.200 0.000 15.676 -2.118 0.000 16.090 0.280737 0.652289 0.267229 0.618095 0.281032 0.618100
3 16 -2.163 -5.256 16.090 -4.200 -5.256 15.676 -4.200 0.000 15.676 0.280737 0.652289 0.267207 0.652286 0.267229 0.618095
3 16 -6.262 -0.122 15.015 -4.200 -5.256 15.676 -6.289 -5.256 15.018 0.253146 0.618875 0.267207 0.652286 0.252965 0.652260
3 16 -6.262 -0.122 15.015 -4.200 0.000 15.676 -4.200 -5.256 15.676 0.253146 0.618875 0.267229 0.618095 0.267207 0.652286
3 16 -6.289 -5.256 15.018 -7.674 -0.340 15.776 -6.262 -0.122 15.015 0.784082 0.840037 0.773836 0.808051 0.784267 0.806644
3 16 -6.289 -5.256 15.018 -7.745 -5.256 15.544 -7.674 -0.340 15.776 0.784082 0.840037 0.773997 0.840036 0.773836 0.808051
3 16 -7.745 -5.256 15.544 -8.380 -0.594 16.096 -7.674 -0.340 15.776 0.773997 0.840036 0.768791 0.809696 0.773836 0.808051
3 16 -7.745 -5.256 15.544 -8.810 -5.256 15.928 -8.380 -0.594 16.096 0.773997 0.840036 0.766627 0.840054 0.768791 0.809696
3 16 -1.891 -4.168 27.493 0.000 -7.747 26.358 0.000 -4.327 28.647 0.602997 0.039187 0.589403 0.061311 0.589403 0.036810
3 16 -1.891 -4.168 27.493 -1.726 -7.281 25.543 0.000 -7.747 26.358 0.602997 0.039187 0.601644 0.062126 0.589403 0.061311
3 16 -1.726 -7.281 25.543 -3.727 -4.237 25.609 -3.308 -7.072 24.149 0.601644 0.062126 0.618186 0.045871 0.614239 0.066350
3 16 -1.726 -7.281 25.543 -1.891 -4.168 27.493 -3.727 -4.237 25.609 0.601644 0.062126 0.602997 0.039187 0.618186 0.045871
3 16 -5.148 -4.127 23.467 -3.308 -7.072 24.149 -3.727 -4.237 25.609 0.632969 0.053091 0.614239 0.066350 0.618186 0.045871
3 16 -5.148 -4.127 23.467 -4.544 -6.760 22.668 -3.308 -7.072 24.149 0.632969 0.053091 0.625879 0.070434 0.614239 0.066350
3 16 -5.148 -4.127 23.467 -5.601 -6.586 21.068 -4.544 -6.760 22.668 0.632969 0.053091 0.637027 0.075739 0.625879 0.070434
3 16 -5.148 -4.127 23.467 -6.370 -3.990 21.251 -5.601 -6.586 21.068 0.632969 0.053091 0.647419 0.060665 0.637027 0.075739
3 16 -6.370 -3.990 21.251 -6.862 -6.655 18.779 -5.601 -6.586 21.068 0.647419 0.060665 0.651229 0.084924 0.637027 0.075739
3 16 -6.370 -3.990 21.251 -7.793 -4.012 18.427 -6.862 -6.655 18.779 0.647419 0.060665 0.665021 0.071247 0.651229 0.084924
3 16 -7.793 -4.012 18.427 -6.737 -1.958 21.376 -8.229 -2.073 18.239 0.665021 0.071247 0.654386 0.048745 0.673576 0.060903
3 16 -7.793 -4.012 18.427 -6.370 -3.990 21.251 -6.737 -1.958 21.376 0.665021 0.071247 0.647419 0.060665 0.654386 0.048745
3 16 -6.737 -1.958 21.376 -5.148 -4.127 23.467 -5.456 -2.049 23.935 0.654386 0.048745 0.632969 0.053091 0.637875 0.039714
3 16 -6.737 -1.958 21.376 -6.370 -3.990 21.251 -5.148 -4.127 23.467 0.654386 0.048745 0.647419 0.060665 0.632969 0.053091
3 16 -5.456 -2.049 23.935 -3.727 -4.237 25.609 -3.910 -2.105 26.373 0.637875 0.039714 0.618186 0.045871 0.620735 0.031264
3 16 -5.456 -2.049 23.935 -5.148 -4.127 23.467 -3.727 -4.237 25.609 0.637875 0.039714 0.632969 0.053091 0.618186 0.045871
3 16 -3.910 -2.105 26.373 -1.891 -4.168 27.493 -1.904 -2.090 28.272 0.620735 0.031264 0.602997 0.039187 0.603586 0.025123
3 16 -3.910 -2.105 26.373 -3.727 -4.237 25.609 -1.891 -4.168 27.493 0.620735 0.031264 0.618186 0.045871 0.602997 0.039187
3 16 -1.904 -2.090 28.272 0.000 -4.327 28.647 0.000 -2.123 29.351 0.603586 0.025123 0.589403 0.036810 0.589403 0.022975
3 16 -1.904 -2.090 28.272 -1.891 -4.168 27.493 0.000 -4.327 28.647 0.603586 0.025123 0.602997 0.039187 0.589403 0.036810
3 16 0.000 -6.396 19.499 -3.220 -7.232 19.301 0.000 -10.191 19.510 0.901849 0.350089 0.922836 0.355525 0.901849 0.374774
3 16 0.000 -6.396 19.499 -1.087 -5.482 19.469 -3.220 -7.232 19.301 0.901849 0.350089 0.908924 0.344142 0.922836 0.355525
3 16 -3.220 -7.232 19.301 0.000 -8.988 21.263 0.000 -10.191 19.510 0.662362 0.841482 0.690139 0.840392 0.690139 0.854170
3 16 -3.220 -7.232 19.301 -2.141 -5.631 22.220 0.000 -8.988 21.263 0.662362 0.841482 0.671817 0.820944 0.690139 0.840392
3 16 -8.526 0.000 18.092 -6.887 0.000 21.395 -5.437 0.000 18.729 0.466984 0.773841 0.479220 0.754732 0.487746 0.773002
3 16 -1.087 -5.482 19.469 -4.390 -4.748 19.109 -3.220 -7.232 19.301 0.908924 0.344142 0.930542 0.339361 0.922836 0.355525
3 16 -1.087 -5.482 19.469 -1.705 -4.044 19.422 -4.390 -4.748 19.109 0.908924 0.344142 0.912955 0.334784 0.930542 0.339361
3 16 -2.141 -5.631 22.220 -4.390 -4.748 19.109 -2.910 -3.165 22.637 0.671817 0.820944 0.647728 0.828796 0.662935 0.806195
3 16 -2.141 -5.631 22.220 -3.220 -7.232 19.301 -4.390 -4.748 19.109 0.671817 0.820944 0.662362 0.841482 0.647728 0.828796
3 16 -1.813 0.000 19.392 -4.390 -4.748 19.109 -1.705 -4.044 19.422 0.913661 0.308483 0.930542 0.339361 0.912955 0.334784
3 16 -1.813 0.000 19.392 -5.437 0.000 18.729 -4.390 -4.748 19.109 0.913661 0.308483 0.937625 0.308429 0.930542 0.339361
3 16 -2.910 -3.165 22.637 -5.437 0.000 18.729 -3.360 0.000 23.011 0.662935 0.806195 0.626727 0.803520 0.654064 0.786988
3 16 -2.910 -3.165 22.637 -4.390 -4.748 19.109 -5.437 0.000 18.729 0.662935 0.806195 0.647728 0.828796 0.626727 0.803520
3 16 -3.360 0.000 23.011 -6.887 0.000 21.395 -5.458 0.000 24.206 0.501548 0.745478 0.479220 0.754732 0.488191 0.737344
3 16 -3.360 0.000 23.011 -5.437 0.000 18.729 -6.887 0.000 21.395 0.501548 0.745478 0.487746 0.773002 0.479220 0.754732
3 16 -8.380 -0.594 16.096 -9.168 -0.133 17.775 -7.674 -0.340 15.776 0.464334 0.787162 0.462477 0.774931 0.468948 0.789834
3 16 -8.380 -0.594 16.096 -9.684 -0.524 17.499 -9.168 -0.133 17.775 0.464334 0.787162 0.458158 0.776334 0.462477 0.774931
3 16 -6.887 0.000 21.395 -8.229 -2.073 18.239 -6.737 -1.958 21.376 0.660784 0.037524 0.673576 0.060903 0.654386 0.048745
3 16 -6.887 0.000 21.395 -8.526 0.000 18.092 -8.229 -2.073 18.239 0.660784 0.037524 0.681764 0.049740 0.673576 0.060903
3 16 -8.526 0.000 18.092 -9.168 -0.133 17.775 -8.229 -2.073 18.239 0.440428 0.009766 0.445087 0.010629 0.438288 0.023257
3 16 -9.168 -0.133 17.775 -9.684 -0.524 17.499 -8.229 -2.073 18.239 0.445087 0.010629 0.448889 0.013171 0.438288 0.023257
3 16 -5.437 0.000 18.729 -6.262 -0.122 15.015 -8.526 0.000 18.092 0.487746 0.773002 0.477150 0.796562 0.466984 0.773841
3 16 -5.437 0.000 18.729 -4.200 0.000 15.676 -6.262 -0.122 15.015 0.487746 0.773002 0.491631 0.795580 0.477150 0.796562
3 16 8.526 0.000 18.092 7.333 -0.361 15.631 6.262 -0.122 15.015 0.579204 0.773947 0.575230 0.791169 0.568631 0.796382
3 16 8.526 0.000 18.092 9.168 -0.133 17.775 7.333 -0.361 15.631 0.579204 0.773947 0.583700 0.775145 0.575230 0.791169
3 16 9.168 -0.133 17.775 8.380 -0.594 16.096 7.333 -0.361 15.631 0.583700 0.775145 0.581561 0.787326 0.575230 0.791169
3 16 9.168 -0.133 17.775 9.684 -0.524 17.499 8.380 -0.594 16.096 0.583700 0.775145 0.587990 0.776654 0.581561 0.787326
3 16 8.380 -0.594 16.096 7.958 -5.256 15.621 7.333 -0.361 15.631 0.812892 0.943189 0.809023 0.973530 0.805448 0.941685
3 16 8.380 -0.594 16.096 8.895 -5.256 15.959 7.958 -5.256 15.621 0.812892 0.943189 0.815634 0.973549 0.809023 0.973530
3 16 -23.136 -9.905 1.583 -24.149 -7.072 3.308 -25.543 -7.281 1.726 0.636246 0.396043 0.622734 0.378028 0.635329 0.373805
3 16 -23.136 -9.905 1.583 -22.653 -9.039 3.072 -24.149 -7.072 3.308 0.636246 0.396043 0.624749 0.393869 0.622734 0.378028
3 16 -24.149 -7.072 3.308 -22.085 -8.326 4.042 -22.668 -6.760 4.544 0.622734 0.378028 0.616069 0.392613 0.611094 0.382112
3 16 -24.149 -7.072 3.308 -22.653 -9.039 3.072 -22.085 -8.326 4.042 0.622734 0.378028 0.624749 0.393869 0.616069 0.392613
3 16 -22.668 -6.760 4.544 -21.104 -8.514 4.601 -21.068 -6.586 5.601 0.611094 0.382112 0.610677 0.397581 0.599946 0.387417
3 16 -22.668 -6.760 4.544 -22.085 -8.326 4.042 -21.104 -8.514 4.601 0.611094 0.382112 0.616069 0.392613 0.610677 0.397581
3 16 -22.085 -8.326 4.042 -21.502 -9.963 3.201 -21.104 -8.514 4.601 0.616069 0.392613 0.623429 0.403348 0.610677 0.397581
3 16 -22.085 -8.326 4.042 -22.653 -9.039 3.072 -21.502 -9.963 3.201 0.616069 0.392613 0.624749 0.393869 0.623429 0.403348
3 16 -19.469 -5.482 1.087 -19.499 -3.901 0.000 -19.499 -6.396 0.000 0.895727 0.188216 0.902803 0.177932 0.902803 0.194163
3 16 -19.469 -5.482 1.087 -19.422 -4.044 1.705 -19.499 -3.901 0.000 0.895727 0.188216 0.891697 0.178858 0.902803 0.177932
3 16 -22.637 -3.165 2.910 -24.069 -4.629 1.364 -24.581 -2.682 1.870 0.818422 0.324316 0.802433 0.326778 0.807377 0.314607
3 16 -22.637 -3.165 2.910 -22.220 -5.631 2.141 -24.069 -4.629 1.364 0.818422 0.324316 0.809540 0.339065 0.802433 0.326778
3 16 -24.581 -2.682 1.870 -24.824 -4.536 0.735 -25.649 -2.633 0.943 0.807377 0.314607 0.797162 0.323601 0.799094 0.310982
3 16 -24.581 -2.682 1.870 -24.069 -4.629 1.364 -24.824 -4.536 0.735 0.807377 0.314607 0.802433 0.326778 0.797162 0.323601
3 16 -25.649 -2.633 0.943 -25.518 -4.606 0.000 -26.533 -2.675 0.000 0.799094 0.310982 0.791218 0.321680 0.791218 0.309016
3 16 -25.649 -2.633 0.943 -24.824 -4.536 0.735 -25.518 -4.606 0.000 0.799094 0.310982 0.797162 0.323601 0.791218 0.321680
3 16 -23.855 -6.654 0.000 -22.220 -5.631 2.141 -21.263 -8.988 0.000 0.791218 0.337073 0.809540 0.339065 0.791218 0.358513
3 16 -23.855 -6.654 0.000 -24.069 -4.629 1.364 -22.220 -5.631 2.141 0.791218 0.337073 0.802433 0.326778 0.809540 0.339065
3 16 -23.136 -9.905 1.583 -21.502 -9.963 3.201 -22.653 -9.039 3.072 0.636246 0.396043 0.623429 0.403348 0.624749 0.393869
3 16 -23.136 -9.905 1.583 -21.761 -11.056 1.518 -21.502 -9.963 3.201 0.636246 0.396043 0.636580 0.407392 0.623429 0.403348
3 16 -24.427 -6.030 0.000 -24.069 -4.629 1.364 -23.855 -6.654 0.000 0.791218 0.332013 0.802433 0.326778 0.791218 0.337073
3 16 -24.427 -6.030 0.000 -24.824 -4.536 0.735 -24.069 -4.629 1.364 0.791218 0.332013 0.797162 0.323601 0.802433 0.326778
3 16 -24.427 -6.030 0.000 -25.518 -4.606 0.000 -24.824 -4.536 0.735 0.791218 0.332013 0.791218 0.321680 0.797162 0.323601
3 16 -25.543 -7.281 1.726 -23.521 -10.494 0.000 -23.136 -9.905 1.583 0.635329 0.373805 0.647571 0.396812 0.636246 0.396043
3 16 -25.543 -7.281 1.726 -26.358 -7.747 0.000 -23.521 -10.494 0.000 0.635329 0.373805 0.647571 0.372989 0.647571 0.396812
3 16 -23.521 -10.494 0.000 -21.761 -11.056 1.518 -23.136 -9.905 1.583 0.647571 0.396812 0.636580 0.407392 0.636246 0.396043
3 16 -23.521 -10.494 0.000 -21.998 -11.598 0.000 -21.761 -11.056 1.518 0.647571 0.396812 0.647571 0.408443 0.636580 0.407392
3 16 -20.000 -12.778 0.000 -19.829 -15.029 2.611 -19.918 -12.246 1.556 0.346454 0.533221 0.329437 0.547860 0.336321 0.529757
3 16 -20.000 -12.778 0.000 -20.000 -15.396 0.000 -19.829 -15.029 2.611 0.346454 0.533221 0.346455 0.550248 0.329437 0.547860
3 16 -21.998 -11.598 0.000 -19.918 -12.246 1.556 -21.761 -11.056 1.518 0.647571 0.408443 0.635821 0.421538 0.636580 0.407392
3 16 -21.998 -11.598 0.000 -20.000 -12.778 0.000 -19.918 -12.246 1.556 0.647571 0.408443 0.647571 0.423215 0.635821 0.421538
3 16 -19.247 -9.202 5.436 -21.068 -6.586 5.601 -21.104 -8.514 4.601 0.602421 0.408866 0.599946 0.387417 0.610677 0.397581
3 16 -19.247 -9.202 5.436 -18.779 -6.655 6.862 -21.068 -6.586 5.601 0.602421 0.408866 0.585745 0.396602 0.599946 0.387417
3 16 -19.695 -11.185 3.480 -18.478 -11.241 7.654 -19.247 -9.202 5.436 0.323721 0.522852 0.295399 0.523224 0.310664 0.509950
3 16 -19.695 -11.185 3.480 -19.319 -13.721 5.176 -18.478 -11.241 7.654 0.323721 0.522852 0.312419 0.539355 0.295399 0.523224
3 16 -19.695 -11.185 3.480 -21.104 -8.514 4.601 -21.502 -9.963 3.201 0.620535 0.417331 0.610677 0.397581 0.623429 0.403348
3 16 -19.695 -11.185 3.480 -19.247 -9.202 5.436 -21.104 -8.514 4.601 0.620535 0.417331 0.602421 0.408866 0.610677 0.397581
3 16 -19.695 -11.185 3.480 -19.829 -15.029 2.611 -19.319 -13.721 5.176 0.323721 0.522852 0.329437 0.547860 0.312419 0.539355
3 16 -19.695 -11.185 3.480 -19.918 -12.246 1.556 -19.829 -15.029 2.611 0.323721 0.522852 0.336321 0.529757 0.329437 0.547860
3 16 -19.695 -11.185 3.480 -21.761 -11.056 1.518 -19.918 -12.246 1.556 0.620535 0.417331 0.636580 0.407392 0.635821 0.421538
3 16 -19.695 -11.185 3.480 -21.502 -9.963 3.201 -21.761 -11.056 1.518 0.620535 0.417331 0.623429 0.403348 0.636580 0.407392
3 16 -19.392 0.000 1.813 -19.499 -3.901 0.000 -19.422 -4.044 1.705 0.890991 0.152557 0.902803 0.177932 0.891697 0.178858
3 16 -19.392 0.000 1.813 -19.480 0.000 0.000 -19.499 -3.901 0.000 0.890991 0.152557 0.902803 0.152560 0.902803 0.177932
3 16 -26.533 -2.675 0.000 -26.293 0.000 0.948 -25.649 -2.633 0.943 0.791218 0.309016 0.800130 0.293743 0.799094 0.310982
3 16 -26.533 -2.675 0.000 -27.039 0.000 0.000 -26.293 0.000 0.948 0.791218 0.309016 0.791218 0.292500 0.800130 0.293743
3 16 -23.011 0.000 3.360 -24.581 -2.682 1.870 -25.333 0.000 1.977 0.827293 0.305108 0.807377 0.314607 0.810073 0.296683
3 16 -23.011 0.000 3.360 -22.637 -3.165 2.910 -24.581 -2.682 1.870 0.827293 0.305108 0.818422 0.324316 0.807377 0.314607
3 16 -25.333 0.000 1.977 -25.649 -2.633 0.943 -26.293 0.000 0.948 0.810073 0.296683 0.799094 0.310982 0.800130 0.293743
3 16 -25.333 0.000 1.977 -24.581 -2.682 1.870 -25.649 -2.633 0.943 0.810073 0.296683 0.807377 0.314607 0.799094 0.310982
3 16 -21.395 0.000 6.887 -23.935 -2.049 5.456 -21.376 -1.958 6.737 0.576190 0.349202 0.599098 0.351392 0.582587 0.360424
3 16 -21.395 0.000 6.887 -24.206 0.000 5.458 -23.935 -2.049 5.456 0.576190 0.349202 0.594706 0.338494 0.599098 0.351392
3 16 -18.221 -1.815 8.266 -21.395 0.000 6.887 -21.376 -1.958 6.737 0.562376 0.371186 0.576190 0.349202 0.582587 0.360424
3 16 -18.221 -1.815 8.266 -18.092 0.000 8.526 -21.395 0.000 6.887 0.562376 0.371186 0.555209 0.361419 0.576190 0.349202
3 16 -17.388 -1.270 9.947 -17.499 -0.524 9.684 -18.221 -1.815 8.266 0.278872 0.458357 0.280733 0.453500 0.291059 0.461912
3 16 -17.775 -0.133 9.168 -18.092 0.000 8.526 -18.221 -1.815 8.266 0.284535 0.450958 0.289194 0.450094 0.291059 0.461912
3 16 -24.206 0.000 5.458 -26.373 -2.105 3.910 -23.935 -2.049 5.456 0.594706 0.338494 0.616238 0.342942 0.599098 0.351392
3 16 -24.206 0.000 5.458 -26.934 0.000 3.824 -26.373 -2.105 3.910 0.594706 0.338494 0.614656 0.328664 0.616238 0.342942
3 16 -24.206 0.000 5.458 -25.333 0.000 1.977 -26.934 0.000 3.824 0.764457 0.438873 0.742204 0.432290 0.753889 0.421474
3 16 -24.206 0.000 5.458 -23.011 0.000 3.360 -25.333 0.000 1.977 0.764457 0.438873 0.751176 0.447201 0.742204 0.432290
3 16 -26.934 0.000 3.824 -28.272 -2.090 1.904 -26.373 -2.105 3.910 0.614656 0.328664 0.633387 0.336801 0.616238 0.342942
3 16 -26.934 0.000 3.824 -28.633 0.000 1.814 -28.272 -2.090 1.904 0.614656 0.328664 0.632738 0.323069 0.633387 0.336801
3 16 -26.934 0.000 3.824 -26.293 0.000 0.948 -28.633 0.000 1.814 0.753889 0.421474 0.735615 0.426213 0.740908 0.410787
3 16 -26.934 0.000 3.824 -25.333 0.000 1.977 -26.293 0.000 0.948 0.753889 0.421474 0.742204 0.432290 0.735615 0.426213
3 16 -28.633 0.000 1.814 -27.039 0.000 0.000 -29.526 0.000 0.000 0.740908 0.410787 0.729565 0.421504 0.729165 0.405242
3 16 -28.633 0.000 1.814 -26.293 0.000 0.948 -27.039 0.000 0.000 0.740908 0.410787 0.735615 0.426213 0.729565 0.421504
3 16 -28.633 0.000 1.814 -29.351 -2.123 0.000 -28.272 -2.090 1.904 0.632738 0.323069 0.647571 0.334653 0.633387 0.336801
3 16 -28.633 0.000 1.814 -29.526 0.000 0.000 -29.351 -2.123 0.000 0.632738 0.323069 0.647571 0.321444 0.647571 0.334653
3 16 -17.388 -1.270 9.947 -18.415 -3.877 7.817 -17.089 -5.255 10.387 0.278872 0.458357 0.294123 0.475384 0.275443 0.484279
3 16 -17.388 -1.270 9.947 -18.221 -1.815 8.266 -18.415 -3.877 7.817 0.278872 0.458357 0.291059 0.461912 0.294123 0.475384
3 16 -17.499 -0.524 9.684 -17.775 -0.133 9.168 -18.221 -1.815 8.266 0.280733 0.453500 0.284535 0.450958 0.291059 0.461912
3 16 -16.250 0.000 0.000 -19.392 0.000 1.813 -16.090 0.000 2.118 0.730037 0.499361 0.741045 0.478253 0.746326 0.498087
3 16 -16.250 0.000 0.000 -19.480 0.000 0.000 -19.392 0.000 1.813 0.730037 0.499361 0.729776 0.479043 0.741045 0.478253
3 16 -27.493 -4.168 1.891 -26.358 -7.747 0.000 -25.543 -7.281 1.726 0.633977 0.350865 0.647571 0.372989 0.635329 0.373805
3 16 -27.493 -4.168 1.891 -28.647 -4.327 0.000 -26.358 -7.747 0.000 0.633977 0.350865 0.647571 0.348488 0.647571 0.372989
3 16 -25.543 -7.281 1.726 -25.609 -4.237 3.727 -27.493 -4.168 1.891 0.635329 0.373805 0.618787 0.357549 0.633977 0.350865
3 16 -25.543 -7.281 1.726 -24.149 -7.072 3.308 -25.609 -4.237 3.727 0.635329 0.373805 0.622734 0.378028 0.618787 0.357549
3 16 -23.467 -4.127 5.148 -24.149 -7.072 3.308 -22.668 -6.760 4.544 0.604004 0.364770 0.622734 0.378028 0.611094 0.382112
3 16 -23.467 -4.127 5.148 -25.609 -4.237 3.727 -24.149 -7.072 3.308 0.604004 0.364770 0.618787 0.357549 0.622734 0.378028
3 16 -21.068 -6.586 5.601 -23.467 -4.127 5.148 -22.668 -6.760 4.544 0.599946 0.387417 0.604004 0.364770 0.611094 0.382112
3 16 -21.068 -6.586 5.601 -21.251 -3.990 6.370 -23.467 -4.127 5.148 0.599946 0.387417 0.589555 0.372343 0.604004 0.364770
3 16 -18.779 -6.655 6.862 -21.251 -3.990 6.370 -21.068 -6.586 5.601 0.585745 0.396602 0.589555 0.372343 0.599946 0.387417
3 16 -18.779 -6.655 6.862 -18.415 -3.877 7.817 -21.251 -3.990 6.370 0.585745 0.396602 0.571377 0.382194 0.589555 0.372343
3 16 -18.779 -6.655 6.862 -17.089 -5.255 10.387 -18.415 -3.877 7.817 0.300898 0.493388 0.275443 0.484279 0.294123 0.475384
3 16 -18.779 -6.655 6.862 -17.664 -8.067 9.256 -17.089 -5.255 10.387 0.300898 0.493388 0.283709 0.502572 0.275443 0.484279
3 16 -16.181 -5.256 9.510 -17.388 -1.270 9.947 -17.089 -5.255 10.387 0.817452 0.501791 0.799616 0.481096 0.821931 0.494873
3 16 -16.181 -5.256 9.510 -16.291 -1.314 8.896 -17.388 -1.270 9.947 0.817452 0.501791 0.794448 0.489558 0.799616 0.481096
3 16 -15.957 -5.256 8.889 -16.291 -1.314 8.896 -16.181 -5.256 9.510 0.270627 0.266154 0.271525 0.240467 0.275060 0.266192
3 16 -15.957 -5.256 8.889 -16.096 -0.594 8.380 -16.291 -1.314 8.896 0.270627 0.266154 0.267926 0.235795 0.271525 0.240467
3 16 -15.018 -5.256 6.288 -15.631 -0.361 7.333 -15.619 -5.256 7.954 0.252634 0.266136 0.260482 0.234290 0.264029 0.266135
3 16 -15.018 -5.256 6.288 -15.015 -0.122 6.262 -15.631 -0.361 7.333 0.252634 0.266136 0.252450 0.232743 0.260482 0.234290
3 16 -15.676 -5.256 4.200 -15.015 -0.122 6.262 -15.018 -5.256 6.288 0.570888 0.593805 0.584949 0.560394 0.585131 0.593779
3 16 -15.676 -5.256 4.200 -15.676 0.000 4.200 -15.015 -0.122 6.262 0.570888 0.593805 0.570867 0.559613 0.584949 0.560394
3 16 -18.415 -3.877 7.817 -21.376 -1.958 6.737 -21.251 -3.990 6.370 0.571377 0.382194 0.582587 0.360424 0.589555 0.372343
3 16 -18.415 -3.877 7.817 -18.221 -1.815 8.266 -21.376 -1.958 6.737 0.571377 0.382194 0.562376 0.371186 0.582587 0.360424
3 16 -21.376 -1.958 6.737 -23.467 -4.127 5.148 -21.251 -3.990 6.370 0.582587 0.360424 0.604004 0.364770 0.589555 0.372343
3 16 -21.376 -1.958 6.737 -23.935 -2.049 5.456 -23.467 -4.127 5.148 0.582587 0.360424 0.599098 0.351392 0.604004 0.364770
3 16 -23.935 -2.049 5.456 -25.609 -4.237 3.727 -23.467 -4.127 5.148 0.599098 0.351392 0.618787 0.357549 0.604004 0.364770
3 16 -23.935 -2.049 5.456 -26.373 -2.105 3.910 -25.609 -4.237 3.727 0.599098 0.351392 0.616238 0.342942 0.618787 0.357549
3 16 -27.493 -4.168 1.891 -26.373 -2.105 3.910 -28.272 -2.090 1.904 0.633977 0.350865 0.616238 0.342942 0.633387 0.336801
3 16 -27.493 -4.168 1.891 -25.609 -4.237 3.727 -26.373 -2.105 3.910 0.633977 0.350865 0.618787 0.357549 0.616238 0.342942
3 16 -28.272 -2.090 1.904 -28.647 -4.327 0.000 -27.493 -4.168 1.891 0.633387 0.336801 0.647571 0.348488 0.633977 0.350865
3 16 -28.272 -2.090 1.904 -29.351 -2.123 0.000 -28.647 -4.327 0.000 0.633387 0.336801 0.647571 0.334653 0.647571 0.348488
3 16 -19.499 -6.396 0.000 -19.301 -7.232 3.219 -19.469 -5.482 1.087 0.902803 0.194163 0.881815 0.199599 0.895727 0.188216
3 16 -19.499 -6.396 0.000 -19.510 -10.191 0.000 -19.301 -7.232 3.219 0.902803 0.194163 0.902803 0.218848 0.881815 0.199599
3 16 -19.301 -7.232 3.219 -21.263 -8.988 0.000 -22.220 -5.631 2.141 0.818995 0.359603 0.791218 0.358513 0.809540 0.339065
3 16 -19.301 -7.232 3.219 -19.510 -10.191 0.000 -21.263 -8.988 0.000 0.818995 0.359603 0.791218 0.372290 0.791218 0.358513
3 16 -19.109 -4.748 4.390 -19.469 -5.482 1.087 -19.301 -7.232 3.219 0.874109 0.183435 0.895727 0.188216 0.881815 0.199599
3 16 -19.109 -4.748 4.390 -19.422 -4.044 1.705 -19.469 -5.482 1.087 0.874109 0.183435 0.891697 0.178858 0.895727 0.188216
3 16 -19.109 -4.748 4.390 -22.220 -5.631 2.141 -22.637 -3.165 2.910 0.833628 0.346917 0.809540 0.339065 0.818422 0.324316
3 16 -19.109 -4.748 4.390 -19.301 -7.232 3.219 -22.220 -5.631 2.141 0.833628 0.346917 0.818995 0.359603 0.809540 0.339065
3 16 -19.392 0.000 1.813 -19.109 -4.748 4.390 -18.729 0.000 5.437 0.890991 0.152557 0.874109 0.183435 0.867027 0.152503
3 16 -19.392 0.000 1.813 -19.422 -4.044 1.705 -19.109 -4.748 4.390 0.890991 0.152557 0.891697 0.178858 0.874109 0.183435
3 16 -18.729 0.000 5.437 -22.637 -3.165 2.910 -23.011 0.000 3.360 0.854630 0.321641 0.818422 0.324316 0.827293 0.305108
3 16 -18.729 0.000 5.437 -19.109 -4.748 4.390 -22.637 -3.165 2.910 0.854630 0.321641 0.833628 0.346917 0.818422 0.324316
3 16 -21.395 0.000 6.887 -23.011 0.000 3.360 -24.206 0.000 5.458 0.773793 0.456720 0.751176 0.447201 0.764457 0.438873
3 16 -21.395 0.000 6.887 -18.729 0.000 5.437 -23.011 0.000 3.360 0.773793 0.456720 0.765572 0.475211 0.751176 0.447201
3 16 -21.395 0.000 6.887 -18.092 0.000 8.526 -18.729 0.000 5.437 0.773793 0.456720 0.786136 0.476154 0.765572 0.475211
3 16 -15.015 -0.122 6.262 -18.729 0.000 5.437 -18.092 0.000 8.526 0.775564 0.498591 0.765572 0.475211 0.786136 0.476154
3 16 -15.015 -0.122 6.262 -15.676 0.000 4.200 -18.729 0.000 5.437 0.775564 0.498591 0.761247 0.497241 0.765572 0.475211
3 16 -16.090 -5.256 2.037 -16.250 0.000 0.000 -16.090 0.000 2.118 0.556545 0.593808 0.543250 0.559622 0.557063 0.559619
3 16 -16.090 -5.256 2.037 -16.133 -5.256 0.000 -16.250 0.000 0.000 0.556545 0.593808 0.543191 0.593809 0.543250 0.559622
3 16 -15.676 -5.256 4.200 -16.090 0.000 2.118 -15.676 0.000 4.200 0.570888 0.593805 0.557063 0.559619 0.570867 0.559613
3 16 -15.676 -5.256 4.200 -16.090 -5.256 2.037 -16.090 0.000 2.118 0.570888 0.593805 0.556545 0.593808 0.557063 0.559619
3 16 -18.729 0.000 5.437 -16.090 0.000 2.118 -19.392 0.000 1.813 0.765572 0.475211 0.746326 0.498087 0.741045 0.478253
3 16 -18.729 0.000 5.437 -15.676 0.000 4.200 -16.090 0.000 2.118 0.765572 0.475211 0.761247 0.497241 0.746326 0.498087
3 16 -17.664 -8.067 9.256 -19.247 -9.202 5.436 -18.478 -11.241 7.654 0.283709 0.502572 0.310664 0.509950 0.295399 0.523224
3 16 -17.664 -8.067 9.256 -18.779 -6.655 6.862 -19.247 -9.202 5.436 0.283709 0.502572 0.300898 0.493388 0.310664 0.509950
3 16 -16.291 -1.314 8.896 -17.499 -0.524 9.684 -17.388 -1.270 9.947 0.794448 0.489558 0.794922 0.478860 0.799616 0.481096
3 16 -16.291 -1.314 8.896 -16.096 -0.594 8.380 -17.499 -0.524 9.684 0.794448 0.489558 0.788494 0.489533 0.794922 0.478860
3 16 -23.136 -9.905 -1.583 -24.149 -7.072 -3.308 -22.653 -9.039 -3.072 0.658895 0.396043 0.672407 0.378028 0.670392 0.393869
3 16 -23.136 -9.905 -1.583 -25.543 -7.281 -1.726 -24.149 -7.072 -3.308 0.658895 0.396043 0.659812 0.373805 0.672407 0.378028
3 16 -24.149 -7.072 -3.308 -22.085 -8.326 -4.042 -22.653 -9.039 -3.072 0.672407 0.378028 0.679072 0.392613 0.670392 0.393869
3 16 -24.149 -7.072 -3.308 -22.668 -6.760 -4.544 -22.085 -8.326 -4.042 0.672407 0.378028 0.684047 0.382112 0.679072 0.392613
3 16 -21.104 -8.514 -4.601 -22.668 -6.760 -4.544 -21.068 -6.586 -5.601 0.684464 0.397581 0.684047 0.382112 0.695195 0.387417
3 16 -21.104 -8.514 -4.601 -22.085 -8.326 -4.042 -22.668 -6.760 -4.544 0.684464 0.397581 0.679072 0.392613 0.684047 0.382112
3 16 -21.068 -6.586 -5.601 -19.247 -9.202 -5.436 -21.104 -8.514 -4.601 0.695195 0.387417 0.692720 0.408866 0.684464 0.397581
3 16 -21.068 -6.586 -5.601 -18.779 -6.655 -6.862 -19.247 -9.202 -5.436 0.695195 0.387417 0.709397 0.396602 0.692720 0.408866
3 16 -21.502 -9.963 -3.201 -22.085 -8.326 -4.042 -21.104 -8.514 -4.601 0.671712 0.403348 0.679072 0.392613 0.684464 0.397581
3 16 -21.502 -9.963 -3.201 -22.653 -9.039 -3.072 -22.085 -8.326 -4.042 0.671712 0.403348 0.670392 0.393869 0.679072 0.392613
3 16 -19.695 -11.185 -3.480 -18.478 -11.241 -7.654 -19.319 -13.721 -5.176 0.369188 0.522852 0.397509 0.523224 0.380489 0.539355
3 16 -19.695 -11.185 -3.480 -19.247 -9.202 -5.436 -18.478 -11.241 -7.654 0.369188 0.522852 0.382245 0.509950 0.397509 0.523224
3 16 -19.469 -5.482 -1.087 -19.499 -3.901 0.000 -19.422 -4.044 -1.705 0.909878 0.188216 0.902803 0.177932 0.913908 0.178858
3 16 -19.469 -5.482 -1.087 -19.499 -6.396 0.000 -19.499 -3.901 0.000 0.909878 0.188216 0.902803 0.194163 0.902803 0.177932
3 16 -22.637 -3.165 -2.910 -24.069 -4.629 -1.364 -22.220 -5.631 -2.141 0.764013 0.324316 0.780002 0.326778 0.772895 0.339065
3 16 -22.637 -3.165 -2.910 -24.581 -2.682 -1.870 -24.069 -4.629 -1.364 0.764013 0.324316 0.775058 0.314607 0.780002 0.326778
3 16 -24.581 -2.682 -1.870 -24.824 -4.536 -0.735 -24.069 -4.629 -1.364 0.775058 0.314607 0.785272 0.323601 0.780002 0.326778
3 16 -24.581 -2.682 -1.870 -25.649 -2.633 -0.943 -24.824 -4.536 -0.735 0.775058 0.314607 0.783341 0.310982 0.785272 0.323601
3 16 -25.649 -2.633 -0.943 -25.518 -4.606 0.000 -24.824 -4.536 -0.735 0.783341 0.310982 0.791218 0.321680 0.785272 0.323601
3 16 -25.649 -2.633 -0.943 -26.533 -2.675 0.000 -25.518 -4.606 0.000 0.783341 0.310982 0.791218 0.309016 0.791218 0.321680
3 16 -22.220 -5.631 -2.141 -23.855 -6.654 0.000 -21.263 -8.988 0.000 0.772895 0.339065 0.791218 0.337073 0.791218 0.358513
3 16 -22.220 -5.631 -2.141 -24.069 -4.629 -1.364 -23.855 -6.654 0.000 0.772895 0.339065 0.780002 0.326778 0.791218 0.337073
3 16 -21.502 -9.963 -3.201 -23.136 -9.905 -1.583 -22.653 -9.039 -3.072 0.671712 0.403348 0.658895 0.396043 0.670392 0.393869
3 16 -21.502 -9.963 -3.201 -21.761 -11.056 -1.518 -23.136 -9.905 -1.583 0.671712 0.403348 0.658561 0.407392 0.658895 0.396043
3 16 -24.427 -6.030 0.000 -24.069 -4.629 -1.364 -24.824 -4.536 -0.735 0.791218 0.332013 0.780002 0.326778 0.785272 0.323601
3 16 -24.427 -6.030 0.000 -23.855 -6.654 0.000 -24.069 -4.629 -1.364 0.791218 0.332013 0.791218 0.337073 0.780002 0.326778
3 16 -15.946 -5.256 -8.859 -16.291 -1.314 -8.896 -16.096 -0.594 -8.380 0.941270 0.820212 0.940172 0.794525 0.943772 0.789852
3 16 -15.946 -5.256 -8.859 -16.181 -5.256 -9.510 -16.291 -1.314 -8.896 0.941270 0.820212 0.936638 0.820250 0.940172 0.794525
3 16 -19.829 -15.029 -2.611 -19.695 -11.185 -3.480 -19.319 -13.721 -5.176 0.363472 0.547860 0.369188 0.522852 0.380489 0.539355
3 16 -19.829 -15.029 -2.611 -19.918 -12.246 -1.556 -19.695 -11.185 -3.480 0.363472 0.547860 0.356588 0.529757 0.369188 0.522852
3 16 -25.518 -4.606 0.000 -24.427 -6.030 0.000 -24.824 -4.536 -0.735 0.791218 0.321680 0.791218 0.332013 0.785272 0.323601
3 16 -25.543 -7.281 -1.726 -23.521 -10.494 0.000 -26.358 -7.747 0.000 0.659812 0.373805 0.647571 0.396812 0.647571 0.372989
3 16 -25.543 -7.281 -1.726 -23.136 -9.905 -1.583 -23.521 -10.494 0.000 0.659812 0.373805 0.658895 0.396043 0.647571 0.396812
3 16 -23.521 -10.494 0.000 -21.761 -11.056 -1.518 -21.998 -11.598 0.000 0.647571 0.396812 0.658561 0.407392 0.647571 0.408443
3 16 -23.521 -10.494 0.000 -23.136 -9.905 -1.583 -21.761 -11.056 -1.518 0.647571 0.396812 0.658895 0.396043 0.658561 0.407392
3 16 -20.000 -12.778 0.000 -19.829 -15.029 -2.611 -20.000 -15.396 0.000 0.346454 0.533221 0.363472 0.547860 0.346455 0.550248
3 16 -20.000 -12.778 0.000 -19.918 -12.246 -1.556 -19.829 -15.029 -2.611 0.346454 0.533221 0.356588 0.529757 0.363472 0.547860
3 16 -19.247 -9.202 -5.436 -17.763 -8.067 -9.061 -18.478 -11.241 -7.654 0.382245 0.509950 0.407772 0.502572 0.397509 0.523224
3 16 -19.247 -9.202 -5.436 -18.779 -6.655 -6.862 -17.763 -8.067 -9.061 0.382245 0.509950 0.392010 0.493388 0.407772 0.502572
3 16 -21.998 -11.598 0.000 -19.918 -12.246 -1.556 -20.000 -12.778 0.000 0.647571 0.408443 0.659320 0.421538 0.647571 0.423215
3 16 -21.998 -11.598 0.000 -21.761 -11.056 -1.518 -19.918 -12.246 -1.556 0.647571 0.408443 0.658561 0.407392 0.659320 0.421538
3 16 -18.427 -4.012 -7.793 -17.388 -1.270 -9.947 -17.089 -5.255 -10.387 0.398558 0.476231 0.414037 0.458357 0.417465 0.484279
3 16 -18.427 -4.012 -7.793 -18.239 -2.073 -8.229 -17.388 -1.270 -9.947 0.398558 0.476231 0.401576 0.463586 0.414037 0.458357
3 16 -21.104 -8.514 -4.601 -19.695 -11.185 -3.480 -21.502 -9.963 -3.201 0.684464 0.397581 0.674607 0.417331 0.671712 0.403348
3 16 -21.104 -8.514 -4.601 -19.247 -9.202 -5.436 -19.695 -11.185 -3.480 0.684464 0.397581 0.692720 0.408866 0.674607 0.417331
3 16 -21.761 -11.056 -1.518 -19.695 -11.185 -3.480 -19.918 -12.246 -1.556 0.658561 0.407392 0.674607 0.417331 0.659320 0.421538
3 16 -21.761 -11.056 -1.518 -21.502 -9.963 -3.201 -19.695 -11.185 -3.480 0.658561 0.407392 0.671712 0.403348 0.674607 0.417331
3 16 -18.779 -6.655 -6.862 -17.089 -5.255 -10.387 -17.763 -8.067 -9.061 0.392010 0.493388 0.417465 0.484279 0.407772 0.502572
3 16 -18.779 -6.655 -6.862 -18.427 -4.012 -7.793 -17.089 -5.255 -10.387 0.392010 0.493388 0.398558 0.476231 0.417465 0.484279
3 16 -26.533 -2.675 0.000 -26.293 0.000 -0.948 -27.039 0.000 0.000 0.791218 0.309016 0.782305 0.293743 0.791218 0.292500
3 16 -26.533 -2.675 0.000 -25.649 -2.633 -0.943 -26.293 0.000 -0.948 0.791218 0.309016 0.783341 0.310982 0.782305 0.293743
3 16 -27.039 0.000 0.000 -28.633 0.000 -1.814 -29.526 0.000 0.000 0.729565 0.421504 0.717683 0.411248 0.729165 0.405242
3 16 -27.039 0.000 0.000 -26.293 0.000 -0.948 -28.633 0.000 -1.814 0.729565 0.421504 0.723619 0.426417 0.717683 0.411248
3 16 -19.392 0.000 -1.813 -19.499 -3.901 0.000 -19.480 0.000 0.000 0.914615 0.152557 0.902803 0.177932 0.902803 0.152560
3 16 -19.392 0.000 -1.813 -19.422 -4.044 -1.705 -19.499 -3.901 0.000 0.914615 0.152557 0.913908 0.178858 0.902803 0.177932
3 16 -16.250 0.000 0.000 -19.392 0.000 -1.813 -19.480 0.000 0.000 0.730037 0.499361 0.718658 0.478766 0.729776 0.479043
3 16 -16.250 0.000 0.000 -16.090 0.000 -2.118 -19.392 0.000 -1.813 0.730037 0.499361 0.713652 0.498563 0.718658 0.478766
3 16 -23.011 0.000 -3.360 -24.581 -2.682 -1.870 -22.637 -3.165 -2.910 0.755142 0.305108 0.775058 0.314607 0.764013 0.324316
3 16 -23.011 0.000 -3.360 -25.333 0.000 -1.977 -24.581 -2.682 -1.870 0.755142 0.305108 0.772362 0.296683 0.775058 0.314607
3 16 -25.649 -2.633 -0.943 -25.333 0.000 -1.977 -26.293 0.000 -0.948 0.783341 0.310982 0.772362 0.296683 0.782305 0.293743
3 16 -25.649 -2.633 -0.943 -24.581 -2.682 -1.870 -25.333 0.000 -1.977 0.783341 0.310982 0.775058 0.314607 0.772362 0.296683
3 16 -24.206 0.000 -5.458 -25.333 0.000 -1.977 -23.011 0.000 -3.360 0.695122 0.439555 0.717166 0.432678 0.708478 0.447690
3 16 -24.206 0.000 -5.458 -26.934 0.000 -3.824 -25.333 0.000 -1.977 0.695122 0.439555 0.705142 0.422254 0.717166 0.432678
3 16 -26.934 0.000 -3.824 -26.293 0.000 -0.948 -25.333 0.000 -1.977 0.705142 0.422254 0.723619 0.426417 0.717166 0.432678
3 16 -26.934 0.000 -3.824 -28.633 0.000 -1.814 -26.293 0.000 -0.948 0.705142 0.422254 0.717683 0.411248 0.723619 0.426417
3 16 -21.395 0.000 -6.887 -23.935 -2.049 -5.456 -24.206 0.000 -5.458 0.718952 0.349202 0.696043 0.351392 0.700436 0.338494
3 16 -21.395 0.000 -6.887 -21.376 -1.958 -6.737 -23.935 -2.049 -5.456 0.718952 0.349202 0.712554 0.360424 0.696043 0.351392
3 16 -16.291 -1.314 -8.896 -17.499 -0.524 -9.684 -16.096 -0.594 -8.380 0.665301 0.489248 0.665089 0.478541 0.671263 0.489372
3 16 -16.291 -1.314 -8.896 -17.388 -1.270 -9.947 -17.499 -0.524 -9.684 0.665301 0.489248 0.660344 0.480660 0.665089 0.478541
3 16 -26.373 -2.105 -3.910 -24.206 0.000 -5.458 -23.935 -2.049 -5.456 0.678903 0.342942 0.700436 0.338494 0.696043 0.351392
3 16 -26.373 -2.105 -3.910 -26.934 0.000 -3.824 -24.206 0.000 -5.458 0.678903 0.342942 0.680485 0.328664 0.700436 0.338494
3 16 -28.272 -2.090 -1.904 -26.934 0.000 -3.824 -26.373 -2.105 -3.910 0.661754 0.336801 0.680485 0.328664 0.678903 0.342942
3 16 -28.272 -2.090 -1.904 -28.633 0.000 -1.814 -26.934 0.000 -3.824 0.661754 0.336801 0.662403 0.323069 0.680485 0.328664
3 16 -29.351 -2.123 0.000 -28.633 0.000 -1.814 -28.272 -2.090 -1.904 0.647571 0.334653 0.662403 0.323069 0.661754 0.336801
3 16 -29.351 -2.123 0.000 -29.526 0.000 0.000 -28.633 0.000 -1.814 0.647571 0.334653 0.647571 0.321444 0.662403 0.323069
3 16 -18.092 0.000 -8.526 -15.776 -0.340 -7.674 -17.775 -0.133 -9.168 0.673915 0.476051 0.675877 0.492045 0.669408 0.477139
3 16 -18.092 0.000 -8.526 -15.015 -0.122 -6.262 -15.776 -0.340 -7.674 0.673915 0.476051 0.684080 0.498773 0.675877 0.492045
3 16 -17.388 -1.270 -9.947 -16.181 -5.256 -9.510 -17.089 -5.255 -10.387 0.660344 0.480660 0.641997 0.500902 0.637693 0.493875
3 16 -17.388 -1.270 -9.947 -16.291 -1.314 -8.896 -16.181 -5.256 -9.510 0.660344 0.480660 0.665301 0.489248 0.641997 0.500902
3 16 -17.499 -0.524 -9.684 -17.388 -1.270 -9.947 -18.239 -2.073 -8.229 0.412176 0.453500 0.414037 0.458357 0.401576 0.463586
3 16 -16.250 0.000 0.000 -16.090 -5.256 -2.108 -16.090 0.000 -2.118 0.543250 0.559622 0.529492 0.593808 0.529438 0.559619
3 16 -16.250 0.000 0.000 -16.133 -5.256 0.000 -16.090 -5.256 -2.108 0.543250 0.559622 0.543191 0.593809 0.529492 0.593808
3 16 -16.090 0.000 -2.118 -18.729 0.000 -5.437 -19.392 0.000 -1.813 0.713652 0.498563 0.694676 0.475214 0.718658 0.478766
3 16 -16.090 0.000 -2.118 -15.676 0.000 -4.200 -18.729 0.000 -5.437 0.713652 0.498563 0.698562 0.497790 0.694676 0.475214
3 16 -16.090 0.000 -2.118 -15.676 -5.256 -4.200 -15.676 0.000 -4.200 0.529438 0.559619 0.515613 0.593805 0.515634 0.559613
3 16 -16.090 0.000 -2.118 -16.090 -5.256 -2.108 -15.676 -5.256 -4.200 0.529438 0.559619 0.529492 0.593808 0.515613 0.593805
3 16 -15.015 -0.122 -6.262 -15.676 -5.256 -4.200 -15.018 -5.256 -6.289 0.501552 0.560394 0.515613 0.593805 0.501370 0.593779
3 16 -15.015 -0.122 -6.262 -15.676 0.000 -4.200 -15.676 -5.256 -4.200 0.501552 0.560394 0.515634 0.559613 0.515613 0.593805
3 16 -15.018 -5.256 -6.289 -15.776 -0.340 -7.674 -15.015 -0.122 -6.262 0.959063 0.820194 0.948816 0.788207 0.959247 0.786801
3 16 -15.018 -5.256 -6.289 -15.622 -5.256 -7.962 -15.776 -0.340 -7.674 0.959063 0.820194 0.947518 0.820193 0.948816 0.788207
3 16 -15.622 -5.256 -7.962 -16.096 -0.594 -8.380 -15.776 -0.340 -7.674 0.947518 0.820193 0.943772 0.789852 0.948816 0.788207
3 16 -15.622 -5.256 -7.962 -15.946 -5.256 -8.859 -16.096 -0.594 -8.380 0.947518 0.820193 0.941270 0.820212 0.943772 0.789852
3 16 -27.493 -4.168 -1.891 -26.358 -7.747 0.000 -28.647 -4.327 0.000 0.661165 0.350865 0.647571 0.372989 0.647571 0.348488
3 16 -27.493 -4.168 -1.891 -25.543 -7.281 -1.726 -26.358 -7.747 0.000 0.661165 0.350865 0.659812 0.373805 0.647571 0.372989
3 16 -25.543 -7.281 -1.726 -25.609 -4.237 -3.727 -24.149 -7.072 -3.308 0.659812 0.373805 0.676354 0.357549 0.672407 0.378028
3 16 -25.543 -7.281 -1.726 -27.493 -4.168 -1.891 -25.609 -4.237 -3.727 0.659812 0.373805 0.661165 0.350865 0.676354 0.357549
3 16 -23.467 -4.127 -5.148 -24.149 -7.072 -3.308 -25.609 -4.237 -3.727 0.691137 0.364770 0.672407 0.378028 0.676354 0.357549
3 16 -23.467 -4.127 -5.148 -22.668 -6.760 -4.544 -24.149 -7.072 -3.308 0.691137 0.364770 0.684047 0.382112 0.672407 0.378028
3 16 -23.467 -4.127 -5.148 -21.068 -6.586 -5.601 -22.668 -6.760 -4.544 0.691137 0.364770 0.695195 0.387417 0.684047 0.382112
3 16 -23.467 -4.127 -5.148 -21.251 -3.990 -6.370 -21.068 -6.586 -5.601 0.691137 0.364770 0.705586 0.372343 0.695195 0.387417
3 16 -21.251 -3.990 -6.370 -18.779 -6.655 -6.862 -21.068 -6.586 -5.601 0.705586 0.372343 0.709397 0.396602 0.695195 0.387417
3 16 -21.251 -3.990 -6.370 -18.427 -4.012 -7.793 -18.779 -6.655 -6.862 0.705586 0.372343 0.723189 0.382925 0.709397 0.396602
3 16 -18.427 -4.012 -7.793 -21.376 -1.958 -6.737 -18.239 -2.073 -8.229 0.723189 0.382925 0.712554 0.360424 0.731744 0.372581
3 16 -18.427 -4.012 -7.793 -21.251 -3.990 -6.370 -21.376 -1.958 -6.737 0.723189 0.382925 0.705586 0.372343 0.712554 0.360424
3 16 -21.376 -1.958 -6.737 -23.467 -4.127 -5.148 -23.935 -2.049 -5.456 0.712554 0.360424 0.691137 0.364770 0.696043 0.351392
3 16 -21.376 -1.958 -6.737 -21.251 -3.990 -6.370 -23.467 -4.127 -5.148 0.712554 0.360424 0.705586 0.372343 0.691137 0.364770
3 16 -23.935 -2.049 -5.456 -25.609 -4.237 -3.727 -26.373 -2.105 -3.910 0.696043 0.351392 0.676354 0.357549 0.678903 0.342942
3 16 -23.935 -2.049 -5.456 -23.467 -4.127 -5.148 -25.609 -4.237 -3.727 0.696043 0.351392 0.691137 0.364770 0.676354 0.357549
3 16 -26.373 -2.105 -3.910 -27.493 -4.168 -1.891 -28.272 -2.090 -1.904 0.678903 0.342942 0.661165 0.350865 0.661754 0.336801
3 16 -26.373 -2.105 -3.910 -25.609 -4.237 -3.727 -27.493 -4.168 -1.891 0.678903 0.342942 0.676354 0.357549 0.661165 0.350865
3 16 -28.272 -2.090 -1.904 -28.647 -4.327 0.000 -29.351 -2.123 0.000 0.661754 0.336801 0.647571 0.348488 0.647571 0.334653
3 16 -28.272 -2.090 -1.904 -27.493 -4.168 -1.891 -28.647 -4.327 0.000 0.661754 0.336801 0.661165 0.350865 0.647571 0.348488
3 16 -19.499 -6.396 0.000 -19.301 -7.232 -3.220 -19.510 -10.191 0.000 0.902803 0.194163 0.923790 0.199599 0.902803 0.218848
3 16 -19.499 -6.396 0.000 -19.469 -5.482 -1.087 -19.301 -7.232 -3.220 0.902803 0.194163 0.909878 0.188216 0.923790 0.199599
3 16 -19.301 -7.232 -3.220 -21.263 -8.988 0.000 -19.510 -10.191 0.000 0.763441 0.359603 0.791218 0.358513 0.791218 0.372290
3 16 -19.301 -7.232 -3.220 -22.220 -5.631 -2.141 -21.263 -8.988 0.000 0.763441 0.359603 0.772895 0.339065 0.791218 0.358513
3 16 -18.092 0.000 -8.526 -21.395 0.000 -6.887 -18.729 0.000 -5.437 0.673915 0.476051 0.686151 0.456942 0.694676 0.475214
3 16 -19.469 -5.482 -1.087 -19.109 -4.748 -4.390 -19.301 -7.232 -3.220 0.909878 0.188216 0.931496 0.183435 0.923790 0.199599
3 16 -19.469 -5.482 -1.087 -19.422 -4.044 -1.705 -19.109 -4.748 -4.390 0.909878 0.188216 0.913908 0.178858 0.931496 0.183435
3 16 -22.220 -5.631 -2.141 -19.109 -4.748 -4.390 -22.637 -3.165 -2.910 0.772895 0.339065 0.748807 0.346917 0.764013 0.324316
3 16 -22.220 -5.631 -2.141 -19.301 -7.232 -3.220 -19.109 -4.748 -4.390 0.772895 0.339065 0.763441 0.359603 0.748807 0.346917
3 16 -19.392 0.000 -1.813 -19.109 -4.748 -4.390 -19.422 -4.044 -1.705 0.914615 0.152557 0.931496 0.183435 0.913908 0.178858
3 16 -19.392 0.000 -1.813 -18.729 0.000 -5.437 -19.109 -4.748 -4.390 0.914615 0.152557 0.938579 0.152503 0.931496 0.183435
3 16 -22.637 -3.165 -2.910 -18.729 0.000 -5.437 -23.011 0.000 -3.360 0.764013 0.324316 0.727805 0.321641 0.755142 0.305108
3 16 -22.637 -3.165 -2.910 -19.109 -4.748 -4.390 -18.729 0.000 -5.437 0.764013 0.324316 0.748807 0.346917 0.727805 0.321641
3 16 -23.011 0.000 -3.360 -21.395 0.000 -6.887 -24.206 0.000 -5.458 0.708478 0.447690 0.686151 0.456942 0.695122 0.439555
3 16 -23.011 0.000 -3.360 -18.729 0.000 -5.437 -21.395 0.000 -6.887 0.708478 0.447690 0.694676 0.475214 0.686151 0.456942
3 16 -16.096 -0.594 -8.380 -17.775 -0.133 -9.168 -15.776 -0.340 -7.674 0.671263 0.489372 0.669408 0.477139 0.675877 0.492045
3 16 -16.096 -0.594 -8.380 -17.499 -0.524 -9.684 -17.775 -0.133 -9.168 0.671263 0.489372 0.665089 0.478541 0.669408 0.477139
3 16 -21.395 0.000 -6.887 -18.239 -2.073 -8.229 -21.376 -1.958 -6.737 0.718952 0.349202 0.731744 0.372581 0.712554 0.360424
3 16 -21.395 0.000 -6.887 -18.092 0.000 -8.526 -18.239 -2.073 -8.229 0.718952 0.349202 0.739932 0.361419 0.731744 0.372581
3 16 -18.092 0.000 -8.526 -17.775 -0.133 -9.168 -18.239 -2.073 -8.229 0.403715 0.450094 0.408374 0.450958 0.401576 0.463586
3 16 -17.775 -0.133 -9.168 -17.499 -0.524 -9.684 -18.239 -2.073 -8.229 0.408374 0.450958 0.412176 0.453500 0.401576 0.463586
3 16 -18.729 0.000 -5.437 -15.015 -0.122 -6.262 -18.092 0.000 -8.526 0.694676 0.475214 0.684080 0.498773 0.673915 0.476051
3 16 -18.729 0.000 -5.437 -15.676 0.000 -4.200 -15.015 -0.122 -6.262 0.694676 0.475214 0.698562 0.497790 0.684080 0.498773
3 16 -18.092 0.000 8.526 -15.631 -0.361 7.333 -15.015 -0.122 6.262 0.786136 0.476154 0.782163 0.493377 0.775564 0.498591
3 16 -18.092 0.000 8.526 -17.775 -0.133 9.168 -15.631 -0.361 7.333 0.786136 0.476154 0.790632 0.477352 0.782163 0.493377
3 16 -17.775 -0.133 9.168 -16.096 -0.594 8.380 -15.631 -0.361 7.333 0.790632 0.477352 0.788494 0.489533 0.782163 0.493377
3 16 -17.775 -0.133 9.168 -17.499 -0.524 9.684 -16.096 -0.594 8.380 0.790632 0.477352 0.794922 0.478860 0.788494 0.489533
3 16 -16.096 -0.594 8.380 -15.619 -5.256 7.954 -15.631 -0.361 7.333 0.267926 0.235795 0.264029 0.266135 0.260482 0.234290
3 16 -16.096 -0.594 8.380 -15.957 -5.256 8.889 -15.619 -5.256 7.954 0.267926 0.235795 0.270627 0.266154 0.264029 0.266135
3 16 4.419 -6.500 -4.419 3.477 -6.500 -2.401 5.814 -6.500 -2.192 0.508525 0.375211 0.496570 0.383402 0.492750 0.368625
3 16 4.419 -6.500 -4.419 2.822 -6.500 -2.822 3.477 -6.500 -2.401 0.508525 0.375211 0.499970 0.387161 0.496570 0.383402
3 16 5.814 -6.500 -2.192 6.250 -23.574 0.000 6.250 -6.500 0.000 0.215770 0.325491 0.199629 0.436397 0.201031 0.325102
3 16 5.814 -6.500 -2.192 5.814 -23.574 -2.192 6.250 -23.574 0.000 0.215770 0.325491 0.214176 0.436808 0.199629 0.436397
3 16 2.353 -6.500 -3.537 4.419 -6.500 -4.419 2.309 -6.500 -5.796 0.505058 0.389411 0.508525 0.375211 0.519603 0.387290
3 16 2.353 -6.500 -3.537 2.822 -6.500 -2.822 4.419 -6.500 -4.419 0.505058 0.389411 0.499970 0.387161 0.508525 0.375211
3 16 4.419 -6.500 4.419 2.596 -6.500 3.350 2.796 -6.500 5.504 0.454136 0.737534 0.450932 0.750908 0.441734 0.740261
3 16 4.419 -6.500 4.419 2.818 -6.500 2.816 2.596 -6.500 3.350 0.454136 0.737534 0.454441 0.752273 0.450932 0.750908
3 16 3.351 -6.500 2.591 4.419 -6.500 4.419 5.512 -6.500 2.784 0.457899 0.750784 0.454136 0.737534 0.466736 0.739778
3 16 3.351 -6.500 2.591 2.818 -6.500 2.816 4.419 -6.500 4.419 0.457899 0.750784 0.454441 0.752273 0.454136 0.737534
3 16 2.392 -6.500 5.774 2.392 -0.021 5.774 2.796 -6.500 5.504 0.153663 0.324305 0.154106 0.281755 0.156930 0.324412
3 16 5.814 -23.574 -2.192 3.477 -6.500 -2.401 3.477 -23.574 -2.401 0.884191 0.836005 0.899551 0.724937 0.899551 0.836005
3 16 5.814 -23.574 -2.192 5.814 -6.500 -2.192 3.477 -6.500 -2.401 0.884191 0.836005 0.884191 0.724937 0.899551 0.724937
3 16 2.822 -23.574 -2.822 2.353 -6.500 -3.537 2.353 -23.574 -3.537 0.904620 0.836005 0.910183 0.724937 0.910183 0.836005
3 16 2.822 -23.574 -2.822 2.822 -6.500 -2.822 2.353 -6.500 -3.537 0.904620 0.836005 0.904620 0.724937 0.910183 0.724937
3 16 2.353 -6.500 -3.537 2.309 -23.574 -5.796 2.353 -23.574 -3.537 0.910183 0.724937 0.925061 0.836005 0.910183 0.836005
3 16 2.353 -6.500 -3.537 2.309 -6.500 -5.796 2.309 -23.574 -5.796 0.910183 0.724937 0.925061 0.724937 0.925061 0.836005
3 16 3.477 -6.500 -2.401 2.822 -23.574 -2.822 3.477 -23.574 -2.401 0.899551 0.724937 0.904620 0.836005 0.899551 0.836005
3 16 3.477 -6.500 -2.401 2.822 -6.500 -2.822 2.822 -23.574 -2.822 0.899551 0.724937 0.904620 0.724937 0.904620 0.836005
3 16 3.477 -23.574 -2.401 4.419 -23.574 -4.419 5.814 -23.574 -2.192 0.353343 0.010831 0.358260 0.024463 0.341609 0.020591
3 16 3.477 -23.574 -2.401 2.822 -23.574 -2.822 4.419 -23.574 -4.419 0.353343 0.010831 0.358298 0.009766 0.358260 0.024463
3 16 4.419 -23.574 -4.419 2.353 -23.574 -3.537 2.309 -23.574 -5.796 0.358260 0.024463 0.363742 0.010913 0.374307 0.021132
3 16 4.419 -23.574 -4.419 2.822 -23.574 -2.822 2.353 -23.574 -3.537 0.358260 0.024463 0.358298 0.009766 0.363742 0.010913
3 16 2.309 -23.574 -5.796 0.000 -6.500 -6.250 0.000 -23.574 -6.250 0.247151 0.436885 0.263671 0.327546 0.262609 0.436376
3 16 2.309 -23.574 -5.796 2.309 -6.500 -5.796 0.000 -6.500 -6.250 0.247151 0.436885 0.248246 0.326666 0.263671 0.327546
3 16 0.000 -23.574 6.250 2.392 -6.500 5.774 2.392 -23.574 5.774 0.136744 0.435557 0.153663 0.324305 0.152430 0.435930
3 16 0.000 -23.574 6.250 0.000 -6.500 6.250 2.392 -6.500 5.774 0.136744 0.435557 0.137665 0.324179 0.153663 0.324305
3 16 6.250 -23.574 0.000 5.512 -6.500 2.784 6.250 -6.500 0.000 0.199629 0.436397 0.181910 0.324790 0.201031 0.325102
3 16 6.250 -23.574 0.000 5.512 -23.574 2.784 5.512 -6.500 2.784 0.199629 0.436397 0.180732 0.436466 0.181910 0.324790
3 16 2.596 -23.574 3.350 4.419 -23.574 4.419 2.796 -23.574 5.504 0.642414 0.149131 0.645850 0.162447 0.633402 0.159936
3 16 2.596 -23.574 3.350 2.818 -23.574 2.816 4.419 -23.574 4.419 0.642414 0.149131 0.645898 0.147706 0.645850 0.162447
3 16 3.351 -23.574 2.591 5.512 -6.500 2.784 5.512 -23.574 2.784 0.905847 0.958745 0.919957 0.847676 0.919962 0.958746
3 16 3.351 -23.574 2.591 3.351 -6.500 2.591 5.512 -6.500 2.784 0.905847 0.958745 0.905841 0.847679 0.919957 0.847676
3 16 4.419 -23.574 4.419 3.351 -23.574 2.591 5.512 -23.574 2.784 0.645850 0.162447 0.649381 0.149134 0.658409 0.159984
3 16 4.419 -23.574 4.419 2.818 -23.574 2.816 3.351 -23.574 2.591 0.645850 0.162447 0.645898 0.147706 0.649381 0.149134
3 16 2.796 -6.500 5.504 2.596 -23.574 3.350 2.796 -23.574 5.504 0.884240 0.847676 0.898318 0.958745 0.884247 0.958749
3 16 2.796 -6.500 5.504 2.596 -6.500 3.350 2.596 -23.574 3.350 0.884240 0.847676 0.898311 0.847681 0.898318 0.958745
3 16 2.818 -23.574 2.816 3.351 -6.500 2.591 3.351 -23.574 2.591 0.902082 0.958745 0.905841 0.847679 0.905847 0.958745
3 16 2.818 -23.574 2.816 2.818 -6.500 2.816 3.351 -6.500 2.591 0.902082 0.958745 0.902076 0.847680 0.905841 0.847679
3 16 2.818 -23.574 2.816 2.596 -6.500 3.350 2.818 -6.500 2.816 0.902082 0.958745 0.898311 0.847681 0.902076 0.847680
3 16 2.818 -23.574 2.816 2.596 -23.574 3.350 2.596 -6.500 3.350 0.902082 0.958745 0.898318 0.958745 0.898311 0.847681
3 16 2.392 -23.574 5.774 2.796 -6.500 5.504 2.796 -23.574 5.504 0.152430 0.435930 0.156930 0.324412 0.155632 0.436154
3 16 2.392 -23.574 5.774 2.392 -6.500 5.774 2.796 -6.500 5.504 0.152430 0.435930 0.153663 0.324305 0.156930 0.324412
3 16 4.419 -0.021 -4.419 7.514 -0.021 -3.112 5.751 -0.021 -5.751 0.650960 0.572500 0.647526 0.594079 0.639030 0.575266
3 16 4.419 -0.021 -4.419 5.814 -0.021 -2.192 7.514 -0.021 -3.112 0.650960 0.572500 0.658452 0.587866 0.647526 0.594079
3 16 5.814 -0.021 -2.192 8.133 -0.021 0.000 7.514 -0.021 -3.112 0.658452 0.587866 0.662574 0.608207 0.647526 0.594079
3 16 5.814 -0.021 -2.192 6.250 -0.021 0.000 8.133 -0.021 0.000 0.658452 0.587866 0.669054 0.597815 0.662574 0.608207
3 16 8.133 -0.021 0.000 5.774 -0.021 2.392 7.514 -0.021 3.112 0.662574 0.608207 0.683894 0.603421 0.681884 0.615502
3 16 8.133 -0.021 0.000 6.250 -0.021 0.000 5.774 -0.021 2.392 0.662574 0.608207 0.669054 0.597815 0.683894 0.603421
3 16 5.751 -0.021 5.751 2.392 -0.021 5.774 3.112 -0.021 7.514 0.702515 0.614852 0.714228 0.596423 0.721328 0.606356
3 16 5.751 -0.021 5.751 4.419 -0.021 4.419 2.392 -0.021 5.774 0.702515 0.614852 0.699749 0.602922 0.714228 0.596423
3 16 7.514 -0.021 3.112 4.419 -0.021 4.419 5.751 -0.021 5.751 0.681884 0.615502 0.699749 0.602922 0.702515 0.614852
3 16 7.514 -0.021 3.112 5.774 -0.021 2.392 4.419 -0.021 4.419 0.681884 0.615502 0.683894 0.603421 0.699749 0.602922
3 16 0.000 -0.021 -8.133 2.309 -0.021 -5.796 3.112 -0.021 -7.514 0.645674 0.535325 0.650623 0.556114 0.638379 0.554635
3 16 0.000 -0.021 -8.133 0.000 -0.021 -6.250 2.309 -0.021 -5.796 0.645674 0.535325 0.656066 0.541805 0.650623 0.556114
3 16 3.112 -0.021 -7.514 4.419 -0.021 -4.419 5.751 -0.021 -5.751 0.638379 0.554635 0.650960 0.572500 0.639030 0.575266
3 16 3.112 -0.021 -7.514 2.309 -0.021 -5.796 4.419 -0.021 -4.419 0.638379 0.554635 0.650623 0.556114 0.650960 0.572500
3 16 0.000 -0.021 8.133 2.392 -0.021 5.774 0.000 -0.021 6.250 0.735456 0.591307 0.714228 0.596423 0.725064 0.584828
3 16 0.000 -0.021 8.133 3.112 -0.021 7.514 2.392 -0.021 5.774 0.735456 0.591307 0.721328 0.606356 0.714228 0.596423
3 16 0.000 -0.021 -6.250 2.309 -6.500 -5.796 2.309 -0.021 -5.796 0.266734 0.285295 0.248246 0.326666 0.251363 0.284101
3 16 0.000 -0.021 -6.250 0.000 -6.500 -6.250 2.309 -6.500 -5.796 0.266734 0.285295 0.263671 0.327546 0.248246 0.326666
3 16 2.309 -0.021 -5.796 4.419 -6.500 -4.419 4.419 -0.021 -4.419 0.251363 0.284101 0.232625 0.323078 0.234361 0.282986
3 16 2.309 -0.021 -5.796 2.309 -6.500 -5.796 4.419 -6.500 -4.419 0.251363 0.284101 0.248246 0.326666 0.232625 0.323078
3 16 4.419 -0.021 -4.419 5.814 -6.500 -2.192 5.814 -0.021 -2.192 0.234361 0.282986 0.215770 0.325491 0.217048 0.282744
3 16 4.419 -0.021 -4.419 4.419 -6.500 -4.419 5.814 -6.500 -2.192 0.234361 0.282986 0.232625 0.323078 0.215770 0.325491
3 16 5.814 -0.021 -2.192 6.250 -6.500 0.000 6.250 -0.021 0.000 0.217048 0.282744 0.201031 0.325102 0.202437 0.282488
3 16 5.814 -0.021 -2.192 5.814 -6.500 -2.192 6.250 -6.500 0.000 0.217048 0.282744 0.215770 0.325491 0.201031 0.325102
3 16 6.250 -6.500 0.000 5.774 -0.021 2.392 6.250 -0.021 0.000 0.201031 0.325102 0.186516 0.282068 0.202437 0.282488
3 16 6.250 -6.500 0.000 5.512 -6.500 2.784 5.774 -0.021 2.392 0.201031 0.325102 0.181910 0.324790 0.186516 0.282068
3 16 0.000 -0.021 6.250 2.392 -6.500 5.774 0.000 -6.500 6.250 0.138231 0.281493 0.153663 0.324305 0.137665 0.324179
3 16 0.000 -0.021 6.250 2.392 -0.021 5.774 2.392 -6.500 5.774 0.138231 0.281493 0.154106 0.281755 0.153663 0.324305
3 16 4.419 -0.021 4.419 2.796 -6.500 5.504 2.392 -0.021 5.774 0.170178 0.281658 0.156930 0.324412 0.154106 0.281755
3 16 4.419 -0.021 4.419 4.419 -6.500 4.419 2.796 -6.500 5.504 0.170178 0.281658 0.169449 0.322448 0.156930 0.324412
3 16 5.512 -6.500 2.784 4.419 -0.021 4.419 5.774 -0.021 2.392 0.181910 0.324790 0.170178 0.281658 0.186516 0.282068
3 16 5.512 -6.500 2.784 4.419 -6.500 4.419 4.419 -0.021 4.419 0.181910 0.324790 0.169449 0.322448 0.170178 0.281658
3 16 -4.419 -6.500 4.419 -3.477 -6.500 2.401 -5.814 -6.500 2.192 0.448823 0.192341 0.460894 0.184322 0.464502 0.199152
3 16 -4.419 -6.500 4.419 -2.822 -6.500 2.822 -3.477 -6.500 2.401 0.448823 0.192341 0.457549 0.180514 0.460894 0.184322
3 16 -5.814 -6.500 2.192 -6.250 -23.574 0.000 -6.250 -6.500 0.000 0.089510 0.324037 0.074367 0.435298 0.074768 0.324034
3 16 -5.814 -6.500 2.192 -5.814 -23.574 2.192 -6.250 -23.574 0.000 0.089510 0.324037 0.088857 0.435566 0.074367 0.435298
3 16 -2.353 -6.500 3.537 -4.419 -6.500 4.419 -2.309 -6.500 5.796 0.452493 0.178192 0.448823 0.192341 0.437919 0.180104
3 16 -2.353 -6.500 3.537 -2.822 -6.500 2.822 -4.419 -6.500 4.419 0.452493 0.178192 0.457549 0.180514 0.448823 0.192341
3 16 -4.419 -6.500 -4.419 -2.596 -6.500 -3.350 -2.796 -6.500 -5.504 0.460334 0.956243 0.457130 0.969616 0.447932 0.958970
3 16 -4.419 -6.500 -4.419 -2.818 -6.500 -2.816 -2.596 -6.500 -3.350 0.460334 0.956243 0.460639 0.970981 0.457130 0.969616
3 16 -3.351 -6.500 -2.591 -4.419 -6.500 -4.419 -5.512 -6.500 -2.784 0.464097 0.969493 0.460334 0.956243 0.472934 0.958487
3 16 -3.351 -6.500 -2.591 -2.818 -6.500 -2.816 -4.419 -6.500 -4.419 0.464097 0.969493 0.460639 0.970981 0.460334 0.956243
3 16 -2.392 -6.500 -5.774 -2.392 -0.021 -5.774 -2.796 -6.500 -5.504 0.027466 0.324573 0.025737 0.282411 0.030724 0.324563
3 16 -5.814 -23.574 2.192 -3.477 -6.500 2.401 -3.477 -23.574 2.401 0.389287 0.729156 0.404647 0.618088 0.404647 0.729156
3 16 -5.814 -23.574 2.192 -5.814 -6.500 2.192 -3.477 -6.500 2.401 0.389287 0.729156 0.389287 0.618088 0.404647 0.618088
3 16 -2.822 -23.574 2.822 -2.353 -6.500 3.537 -2.353 -23.574 3.537 0.409716 0.729156 0.415279 0.618088 0.415279 0.729156
3 16 -2.822 -23.574 2.822 -2.822 -6.500 2.822 -2.353 -6.500 3.537 0.409716 0.729156 0.409716 0.618088 0.415279 0.618088
3 16 -2.353 -6.500 3.537 -2.309 -23.574 5.796 -2.353 -23.574 3.537 0.415279 0.618088 0.430157 0.729156 0.415279 0.729156
3 16 -2.353 -6.500 3.537 -2.309 -6.500 5.796 -2.309 -23.574 5.796 0.415279 0.618088 0.430157 0.618088 0.430157 0.729156
3 16 -3.477 -6.500 2.401 -2.822 -23.574 2.822 -3.477 -23.574 2.401 0.404647 0.618088 0.409716 0.729156 0.404647 0.729156
3 16 -3.477 -6.500 2.401 -2.822 -6.500 2.822 -2.822 -23.574 2.822 0.404647 0.618088 0.409716 0.618088 0.409716 0.729156
3 16 -3.477 -23.574 2.401 -4.419 -23.574 4.419 -5.814 -23.574 2.192 0.231753 0.468679 0.227071 0.454964 0.243654 0.459121
3 16 -3.477 -23.574 2.401 -2.822 -23.574 2.822 -4.419 -23.574 4.419 0.231753 0.468679 0.226780 0.469658 0.227071 0.454964
3 16 -4.419 -23.574 4.419 -2.353 -23.574 3.537 -2.309 -23.574 5.796 0.227071 0.454964 0.221357 0.468418 0.210969 0.458019
3 16 -4.419 -23.574 4.419 -2.822 -23.574 2.822 -2.353 -23.574 3.537 0.227071 0.454964 0.226780 0.469658 0.221357 0.468418
3 16 0.000 -23.574 6.250 -2.309 -6.500 5.796 0.000 -6.500 6.250 0.136744 0.435557 0.122136 0.324126 0.137665 0.324179
3 16 0.000 -23.574 6.250 -2.309 -23.574 5.796 -2.309 -6.500 5.796 0.136744 0.435557 0.121533 0.435672 0.122136 0.324126
3 16 0.000 -23.574 -6.250 -2.392 -6.500 -5.774 -2.392 -23.574 -5.774 0.011052 0.434472 0.027466 0.324573 0.026947 0.435156
3 16 0.000 -23.574 -6.250 0.000 -6.500 -6.250 -2.392 -6.500 -5.774 0.011052 0.434472 0.011539 0.325086 0.027466 0.324573
3 16 -6.250 -23.574 0.000 -5.512 -6.500 -2.784 -6.250 -6.500 0.000 0.074367 0.435298 0.055671 0.324202 0.074768 0.324034
3 16 -6.250 -23.574 0.000 -5.512 -23.574 -2.784 -5.512 -6.500 -2.784 0.074367 0.435298 0.055430 0.435577 0.055671 0.324202
3 16 -2.596 -23.574 -3.350 -4.419 -23.574 -4.419 -2.796 -23.574 -5.504 0.529415 0.288363 0.532851 0.301678 0.520403 0.299167
3 16 -2.596 -23.574 -3.350 -2.818 -23.574 -2.816 -4.419 -23.574 -4.419 0.529415 0.288363 0.532900 0.286937 0.532851 0.301678
3 16 -3.351 -23.574 -2.591 -5.512 -6.500 -2.784 -5.512 -23.574 -2.784 0.953526 0.958745 0.967635 0.847676 0.967641 0.958746
3 16 -3.351 -23.574 -2.591 -3.351 -6.500 -2.591 -5.512 -6.500 -2.784 0.953526 0.958745 0.953519 0.847679 0.967635 0.847676
3 16 -4.419 -23.574 -4.419 -3.351 -23.574 -2.591 -5.512 -23.574 -2.784 0.532851 0.301678 0.536383 0.288365 0.545410 0.299216
3 16 -4.419 -23.574 -4.419 -2.818 -23.574 -2.816 -3.351 -23.574 -2.591 0.532851 0.301678 0.532900 0.286937 0.536383 0.288365
3 16 -2.796 -6.500 -5.504 -2.596 -23.574 -3.350 -2.796 -23.574 -5.504 0.931918 0.847676 0.945996 0.958745 0.931926 0.958749
3 16 -2.796 -6.500 -5.504 -2.596 -6.500 -3.350 -2.596 -23.574 -3.350 0.931918 0.847676 0.945989 0.847681 0.945996 0.958745
3 16 -2.818 -23.574 -2.816 -3.351 -6.500 -2.591 -3.351 -23.574 -2.591 0.949761 0.958745 0.953519 0.847679 0.953526 0.958745
3 16 -2.818 -23.574 -2.816 -2.818 -6.500 -2.816 -3.351 -6.500 -2.591 0.949761 0.958745 0.949754 0.847680 0.953519 0.847679
3 16 -2.818 -23.574 -2.816 -2.596 -6.500 -3.350 -2.818 -6.500 -2.816 0.949761 0.958745 0.945989 0.847681 0.949754 0.847680
3 16 -2.818 -23.574 -2.816 -2.596 -23.574 -3.350 -2.596 -6.500 -3.350 0.949761 0.958745 0.945996 0.958745 0.945989 0.847681
3 16 -2.392 -23.574 -5.774 -2.796 -6.500 -5.504 -2.796 -23.574 -5.504 0.026947 0.435156 0.030724 0.324563 0.030192 0.435391
3 16 -2.392 -23.574 -5.774 -2.392 -6.500 -5.774 -2.796 -6.500 -5.504 0.026947 0.435156 0.027466 0.324573 0.030724 0.324563
3 16 -4.419 -0.021 4.419 -7.514 -0.021 3.112 -5.751 -0.021 5.751 0.730171 0.554133 0.733605 0.532554 0.742101 0.551366
3 16 -4.419 -0.021 4.419 -5.814 -0.021 2.192 -7.514 -0.021 3.112 0.730171 0.554133 0.722678 0.538767 0.733605 0.532554
3 16 -5.814 -0.021 2.192 -8.133 -0.021 0.000 -7.514 -0.021 3.112 0.722678 0.538767 0.718556 0.518425 0.733605 0.532554
3 16 -5.814 -0.021 2.192 -6.250 -0.021 0.000 -8.133 -0.021 0.000 0.722678 0.538767 0.712077 0.528817 0.718556 0.518425
3 16 -8.133 -0.021 0.000 -5.774 -0.021 -2.392 -7.514 -0.021 -3.112 0.718556 0.518425 0.697237 0.523211 0.699247 0.511130
3 16 -8.133 -0.021 0.000 -6.250 -0.021 0.000 -5.774 -0.021 -2.392 0.718556 0.518425 0.712077 0.528817 0.697237 0.523211
3 16 -5.751 -0.021 -5.751 -2.392 -0.021 -5.774 -3.112 -0.021 -7.514 0.678615 0.511781 0.666902 0.530209 0.659803 0.520277
3 16 -5.751 -0.021 -5.751 -4.419 -0.021 -4.419 -2.392 -0.021 -5.774 0.678615 0.511781 0.681381 0.523711 0.666902 0.530209
3 16 -7.514 -0.021 -3.112 -4.419 -0.021 -4.419 -5.751 -0.021 -5.751 0.699247 0.511130 0.681381 0.523711 0.678615 0.511781
3 16 -7.514 -0.021 -3.112 -5.774 -0.021 -2.392 -4.419 -0.021 -4.419 0.699247 0.511130 0.697237 0.523211 0.681381 0.523711
3 16 0.000 -0.021 8.133 -2.309 -0.021 5.796 -3.112 -0.021 7.514 0.735456 0.591307 0.730507 0.570518 0.742751 0.571998
3 16 0.000 -0.021 8.133 0.000 -0.021 6.250 -2.309 -0.021 5.796 0.735456 0.591307 0.725064 0.584828 0.730507 0.570518
3 16 -3.112 -0.021 7.514 -4.419 -0.021 4.419 -5.751 -0.021 5.751 0.742751 0.571998 0.730171 0.554133 0.742101 0.551366
3 16 -3.112 -0.021 7.514 -2.309 -0.021 5.796 -4.419 -0.021 4.419 0.742751 0.571998 0.730507 0.570518 0.730171 0.554133
3 16 0.000 -0.021 -8.133 -2.392 -0.021 -5.774 0.000 -0.021 -6.250 0.645674 0.535325 0.666902 0.530209 0.656066 0.541805
3 16 0.000 -0.021 -8.133 -3.112 -0.021 -7.514 -2.392 -0.021 -5.774 0.645674 0.535325 0.659803 0.520277 0.666902 0.530209
3 16 0.000 -0.021 6.250 -2.309 -6.500 5.796 -2.309 -0.021 5.796 0.138231 0.281493 0.122136 0.324126 0.122912 0.281169
3 16 0.000 -0.021 6.250 0.000 -6.500 6.250 -2.309 -6.500 5.796 0.138231 0.281493 0.137665 0.324179 0.122136 0.324126
3 16 -2.309 -0.021 5.796 -4.419 -6.500 4.419 -4.419 -0.021 4.419 0.122912 0.281169 0.106282 0.321056 0.105994 0.280801
3 16 -2.309 -0.021 5.796 -2.309 -6.500 5.796 -4.419 -6.500 4.419 0.122912 0.281169 0.122136 0.324126 0.106282 0.321056
3 16 -4.419 -0.021 4.419 -5.814 -6.500 2.192 -5.814 -0.021 2.192 0.105994 0.280801 0.089510 0.324037 0.088789 0.281172
3 16 -4.419 -0.021 4.419 -4.419 -6.500 4.419 -5.814 -6.500 2.192 0.105994 0.280801 0.106282 0.321056 0.089510 0.324037
3 16 -5.814 -0.021 2.192 -6.250 -6.500 0.000 -6.250 -0.021 0.000 0.088789 0.281172 0.074768 0.324034 0.074224 0.281371
3 16 -5.814 -0.021 2.192 -5.814 -6.500 2.192 -6.250 -6.500 0.000 0.088789 0.281172 0.089510 0.324037 0.074768 0.324034
3 16 -6.250 -6.500 0.000 -5.774 -0.021 -2.392 -6.250 -0.021 0.000 0.074768 0.324034 0.058289 0.281442 0.074224 0.281371
3 16 -6.250 -6.500 0.000 -5.512 -6.500 -2.784 -5.774 -0.021 -2.392 0.074768 0.324034 0.055671 0.324202 0.058289 0.281442
3 16 0.000 -0.021 -6.250 -2.392 -6.500 -5.774 0.000 -6.500 -6.250 0.009766 0.283058 0.027466 0.324573 0.011539 0.325086
3 16 0.000 -0.021 -6.250 -2.392 -0.021 -5.774 -2.392 -6.500 -5.774 0.009766 0.283058 0.025737 0.282411 0.027466 0.324573
3 16 -4.419 -0.021 -4.419 -2.796 -6.500 -5.504 -2.392 -0.021 -5.774 0.041885 0.281598 0.030724 0.324563 0.025737 0.282411
3 16 -4.419 -0.021 -4.419 -4.419 -6.500 -4.419 -2.796 -6.500 -5.504 0.041885 0.281598 0.043122 0.322238 0.030724 0.324563
3 16 -5.512 -6.500 -2.784 -4.419 -0.021 -4.419 -5.774 -0.021 -2.392 0.055671 0.324202 0.041885 0.281598 0.058289 0.281442
3 16 -5.512 -6.500 -2.784 -4.419 -6.500 -4.419 -4.419 -0.021 -4.419 0.055671 0.324202 0.043122 0.322238 0.041885 0.281598
3 16 2.309 -23.574 -5.796 4.419 -24.036 -4.419 4.419 -23.574 -4.419 0.247151 0.436885 0.231142 0.443293 0.231095 0.440343
3 16 2.309 -23.574 -5.796 2.309 -24.036 -5.796 4.419 -24.036 -4.419 0.247151 0.436885 0.247557 0.439890 0.231142 0.443293
3 16 5.814 -23.574 -2.192 6.250 -24.036 0.000 6.250 -23.574 0.000 0.214176 0.436808 0.199603 0.439404 0.199629 0.436397
3 16 5.814 -23.574 -2.192 5.814 -24.036 -2.192 6.250 -24.036 0.000 0.214176 0.436808 0.213861 0.439827 0.199603 0.439404
3 16 4.419 -23.574 -4.419 5.814 -24.036 -2.192 5.814 -23.574 -2.192 0.231095 0.440343 0.213861 0.439827 0.214176 0.436808
3 16 4.419 -23.574 -4.419 4.419 -24.036 -4.419 5.814 -24.036 -2.192 0.231095 0.440343 0.231142 0.443293 0.213861 0.439827
3 16 0.000 -23.574 -6.250 2.309 -24.036 -5.796 2.309 -23.574 -5.796 0.262609 0.436376 0.247557 0.439890 0.247151 0.436885
3 16 0.000 -23.574 -6.250 0.000 -24.036 -6.250 2.309 -24.036 -5.796 0.262609 0.436376 0.262777 0.439342 0.247557 0.439890
3 16 2.392 -23.574 5.774 0.000 -24.036 6.250 0.000 -23.574 6.250 0.152430 0.435930 0.136723 0.438537 0.136744 0.435557
3 16 2.392 -23.574 5.774 2.392 -24.036 5.774 0.000 -24.036 6.250 0.152430 0.435930 0.152220 0.438894 0.136723 0.438537
3 16 4.419 -23.574 4.419 2.796 -24.036 5.504 2.796 -23.574 5.504 0.168106 0.438704 0.155254 0.439365 0.155632 0.436154
3 16 4.419 -23.574 4.419 4.419 -24.036 4.419 2.796 -24.036 5.504 0.168106 0.438704 0.168066 0.441606 0.155254 0.439365
3 16 5.512 -23.574 2.784 4.419 -24.036 4.419 4.419 -23.574 4.419 0.180732 0.436466 0.168066 0.441606 0.168106 0.438704
3 16 5.512 -23.574 2.784 5.512 -24.036 2.784 4.419 -24.036 4.419 0.180732 0.436466 0.181063 0.439677 0.168066 0.441606
3 16 6.250 -23.574 0.000 5.512 -24.036 2.784 5.512 -23.574 2.784 0.199629 0.436397 0.181063 0.439677 0.180732 0.436466
3 16 6.250 -23.574 0.000 6.250 -24.036 0.000 5.512 -24.036 2.784 0.199629 0.436397 0.199603 0.439404 0.181063 0.439677
3 16 2.796 -23.574 5.504 2.392 -24.036 5.774 2.392 -23.574 5.774 0.155632 0.436154 0.152220 0.438894 0.152430 0.435930
3 16 2.796 -23.574 5.504 2.796 -24.036 5.504 2.392 -24.036 5.774 0.155632 0.436154 0.155254 0.439365 0.152220 0.438894
3 16 -2.309 -23.574 5.796 -4.419 -24.036 4.419 -4.419 -23.574 4.419 0.121533 0.435672 0.105574 0.442063 0.105568 0.439114
3 16 -2.309 -23.574 5.796 -2.309 -24.036 5.796 -4.419 -24.036 4.419 0.121533 0.435672 0.121857 0.438690 0.105574 0.442063
3 16 -5.814 -23.574 2.192 -6.250 -24.036 0.000 -6.250 -23.574 0.000 0.088857 0.435566 0.074329 0.438305 0.074367 0.435298
3 16 -5.814 -23.574 2.192 -5.814 -24.036 2.192 -6.250 -24.036 0.000 0.088857 0.435566 0.088512 0.438582 0.074329 0.438305
3 16 -4.419 -23.574 4.419 -5.814 -24.036 2.192 -5.814 -23.574 2.192 0.105568 0.439114 0.088512 0.438582 0.088857 0.435566
3 16 -4.419 -23.574 4.419 -4.419 -24.036 4.419 -5.814 -24.036 2.192 0.105568 0.439114 0.105574 0.442063 0.088512 0.438582
3 16 0.000 -23.574 6.250 -2.309 -24.036 5.796 -2.309 -23.574 5.796 0.136744 0.435557 0.121857 0.438690 0.121533 0.435672
3 16 0.000 -23.574 6.250 0.000 -24.036 6.250 -2.309 -24.036 5.796 0.136744 0.435557 0.136723 0.438537 0.121857 0.438690
3 16 -2.392 -23.574 -5.774 0.000 -24.036 -6.250 0.000 -23.574 -6.250 0.026947 0.435156 0.010863 0.437449 0.011052 0.434472
3 16 -2.392 -23.574 -5.774 -2.392 -24.036 -5.774 0.000 -24.036 -6.250 0.026947 0.435156 0.026668 0.438114 0.010863 0.437449
3 16 -4.419 -23.574 -4.419 -2.796 -24.036 -5.504 -2.796 -23.574 -5.504 0.042715 0.437880 0.029743 0.438583 0.030192 0.435391
3 16 -4.419 -23.574 -4.419 -4.419 -24.036 -4.419 -2.796 -24.036 -5.504 0.042715 0.437880 0.042654 0.440782 0.029743 0.438583
3 16 -5.512 -23.574 -2.784 -4.419 -24.036 -4.419 -4.419 -23.574 -4.419 0.055430 0.435577 0.042654 0.440782 0.042715 0.437880
3 16 -5.512 -23.574 -2.784 -5.512 -24.036 -2.784 -4.419 -24.036 -4.419 0.055430 0.435577 0.055742 0.438781 0.042654 0.440782
3 16 -6.250 -23.574 0.000 -5.512 -24.036 -2.784 -5.512 -23.574 -2.784 0.074367 0.435298 0.055742 0.438781 0.055430 0.435577
3 16 -6.250 -23.574 0.000 -6.250 -24.036 0.000 -5.512 -24.036 -2.784 0.074367 0.435298 0.074329 0.438305 0.055742 0.438781
3 16 -2.796 -23.574 -5.504 -2.392 -24.036 -5.774 -2.392 -23.574 -5.774 0.030192 0.435391 0.026668 0.438114 0.026947 0.435156
3 16 -2.796 -23.574 -5.504 -2.796 -24.036 -5.504 -2.392 -24.036 -5.774 0.030192 0.435391 0.029743 0.438583 0.026668 0.438114
3 16 0.000 -24.032 8.530 2.392 -24.036 5.774 4.056 -24.000 8.069 0.093559 0.108631 0.099746 0.131549 0.081316 0.132196
3 16 0.000 -24.032 8.530 0.000 -24.036 6.250 2.392 -24.036 5.774 0.093559 0.108631 0.105866 0.116914 0.099746 0.131549
3 16 8.003 -24.034 0.000 5.512 -24.036 2.784 6.250 -24.036 0.000 0.110522 0.182805 0.104158 0.159387 0.116891 0.173343
3 16 8.003 -24.034 0.000 8.069 -24.000 4.056 5.512 -24.036 2.784 0.110522 0.182805 0.088396 0.168425 0.104158 0.159387
3 16 2.309 -24.036 -5.796 0.000 -24.032 -8.530 4.056 -24.000 -8.069 0.162484 0.173131 0.185627 0.170601 0.168403 0.190814
3 16 2.309 -24.036 -5.796 0.000 -24.036 -6.250 0.000 -24.032 -8.530 0.162484 0.173131 0.173321 0.162318 0.185627 0.170601
3 16 4.419 -24.036 -4.419 6.326 -24.000 -4.944 5.814 -24.036 -2.192 0.147389 0.179516 0.143292 0.191717 0.130303 0.178955
3 16 4.419 -24.036 -4.419 4.944 -24.000 -6.326 6.326 -24.000 -4.944 0.147389 0.179516 0.155776 0.189278 0.143292 0.191717
3 16 2.309 -24.036 -5.796 4.944 -24.000 -6.326 4.419 -24.036 -4.419 0.162484 0.173131 0.155776 0.189278 0.147389 0.179516
3 16 2.309 -24.036 -5.796 4.056 -24.000 -8.069 4.944 -24.000 -6.326 0.162484 0.173131 0.168403 0.190814 0.155776 0.189278
3 16 15.056 -24.000 -13.674 14.142 -24.030 -14.142 15.936 -24.015 -12.072 0.570439 0.123210 0.576799 0.125268 0.559023 0.126533
3 16 13.674 -24.000 -15.056 14.142 -24.030 -14.142 15.056 -24.000 -13.674 0.583159 0.123207 0.576799 0.125268 0.570439 0.123210
3 16 16.250 -24.000 -10.000 15.936 -24.015 -12.072 17.321 -24.030 -10.000 0.134529 0.263632 0.146847 0.269466 0.130639 0.269411
3 16 4.944 -28.450 -6.326 4.056 -28.450 -8.069 10.000 -28.450 -10.000 0.916818 0.448758 0.928094 0.454647 0.903867 0.487296
3 16 6.326 -28.450 -4.944 4.944 -28.450 -6.326 10.000 -28.450 -10.000 0.904276 0.446642 0.916818 0.448758 0.903867 0.487296
3 16 8.069 -28.450 -4.056 6.326 -28.450 -4.944 10.000 -28.450 -10.000 0.891693 0.448505 0.904276 0.446642 0.903867 0.487296
3 16 10.000 -28.450 -3.750 8.069 -28.450 -4.056 10.000 -28.450 -10.000 0.880302 0.454166 0.891693 0.448505 0.903867 0.487296
3 16 11.931 -28.450 -4.056 10.000 -28.450 -3.750 10.000 -28.450 -10.000 0.871217 0.463069 0.880302 0.454166 0.903867 0.487296
3 16 13.674 -28.450 -4.944 11.931 -28.450 -4.056 10.000 -28.450 -10.000 0.865329 0.474344 0.871217 0.463069 0.903867 0.487296
3 16 15.056 -28.450 -6.326 13.674 -28.450 -4.944 10.000 -28.450 -10.000 0.863212 0.486887 0.865329 0.474344 0.903867 0.487296
3 16 15.944 -28.450 -8.069 15.056 -28.450 -6.326 10.000 -28.450 -10.000 0.865076 0.499470 0.863212 0.486887 0.903867 0.487296
3 16 16.250 -28.450 -10.000 15.944 -28.450 -8.069 10.000 -28.450 -10.000 0.870736 0.510861 0.865076 0.499470 0.903867 0.487296
3 16 15.944 -28.450 -11.931 16.250 -28.450 -10.000 10.000 -28.450 -10.000 0.879640 0.519946 0.870736 0.510861 0.903867 0.487296
3 16 15.056 -28.450 -13.674 15.944 -28.450 -11.931 10.000 -28.450 -10.000 0.890915 0.525834 0.879640 0.519946 0.903867 0.487296
3 16 13.674 -28.450 -15.056 15.056 -28.450 -13.674 10.000 -28.450 -10.000 0.903458 0.527950 0.890915 0.525834 0.903867 0.487296
3 16 11.931 -28.450 -15.944 13.674 -28.450 -15.056 10.000 -28.450 -10.000 0.916040 0.526087 0.903458 0.527950 0.903867 0.487296
3 16 10.000 -28.450 -16.250 11.931 -28.450 -15.944 10.000 -28.450 -10.000 0.927432 0.520427 0.916040 0.526087 0.903867 0.487296
3 16 8.069 -28.450 -15.944 10.000 -28.450 -16.250 10.000 -28.450 -10.000 0.936516 0.511523 0.927432 0.520427 0.903867 0.487296
3 16 6.326 -28.450 -15.056 8.069 -28.450 -15.944 10.000 -28.450 -10.000 0.942405 0.500248 0.936516 0.511523 0.903867 0.487296
3 16 4.944 -28.450 -13.674 6.326 -28.450 -15.056 10.000 -28.450 -10.000 0.944521 0.487705 0.942405 0.500248 0.903867 0.487296
3 16 4.056 -28.450 -11.931 4.944 -28.450 -13.674 10.000 -28.450 -10.000 0.942657 0.475122 0.944521 0.487705 0.903867 0.487296
3 16 3.750 -28.450 -10.000 4.056 -28.450 -11.931 10.000 -28.450 -10.000 0.936997 0.463731 0.942657 0.475122 0.903867 0.487296
3 16 4.056 -28.450 -8.069 3.750 -28.450 -10.000 10.000 -28.450 -10.000 0.928094 0.454647 0.936997 0.463731 0.903867 0.487296
3 16 4.944 -24.000 -6.326 4.056 -28.450 -8.069 4.944 -28.450 -6.326 0.022486 0.875158 0.035284 0.904071 0.022564 0.904105
3 16 4.944 -24.000 -6.326 4.056 -24.000 -8.069 4.056 -28.450 -8.069 0.022486 0.875158 0.035206 0.875124 0.035284 0.904071
3 16 8.069 -24.000 -4.056 6.326 -28.450 -4.944 8.069 -28.450 -4.056 0.251586 0.875050 0.264244 0.904024 0.251524 0.903997
3 16 8.069 -24.000 -4.056 6.326 -24.000 -4.944 6.326 -28.450 -4.944 0.251586 0.875050 0.264306 0.875077 0.264244 0.904024
3 16 10.000 -24.000 -3.750 8.069 -28.450 -4.056 10.000 -28.450 -3.750 0.238866 0.875023 0.251524 0.903997 0.238804 0.903970
3 16 10.000 -24.000 -3.750 8.069 -24.000 -4.056 8.069 -28.450 -4.056 0.238866 0.875023 0.251586 0.875050 0.251524 0.903997
3 16 10.000 -24.000 -3.750 11.931 -28.450 -4.056 11.931 -24.000 -4.056 0.238866 0.875023 0.226084 0.903943 0.226146 0.874995
3 16 10.000 -24.000 -3.750 10.000 -28.450 -3.750 11.931 -28.450 -4.056 0.238866 0.875023 0.238804 0.903970 0.226084 0.903943
3 16 15.056 -24.000 -6.326 13.674 -28.450 -4.944 15.056 -28.450 -6.326 0.200706 0.874941 0.213364 0.903916 0.200644 0.903888
3 16 15.056 -24.000 -6.326 13.674 -24.000 -4.944 13.674 -28.450 -4.944 0.200706 0.874941 0.213426 0.874968 0.213364 0.903916
3 16 15.056 -24.000 -6.326 15.944 -28.450 -8.069 15.944 -24.000 -8.069 0.200706 0.874941 0.187924 0.903861 0.187986 0.874914
3 16 15.056 -24.000 -6.326 15.056 -28.450 -6.326 15.944 -28.450 -8.069 0.200706 0.874941 0.200644 0.903888 0.187924 0.903861
3 16 15.936 -24.015 -12.072 15.056 -28.450 -13.674 15.056 -24.000 -13.674 0.161636 0.874955 0.149764 0.903812 0.149747 0.874865
3 16 15.936 -24.015 -12.072 15.944 -28.450 -11.931 15.056 -28.450 -13.674 0.161636 0.874955 0.162484 0.903807 0.149764 0.903812
3 16 13.674 -24.000 -15.056 15.056 -28.450 -13.674 13.674 -28.450 -15.056 0.137027 0.874873 0.149764 0.903812 0.137044 0.903820
3 16 13.674 -24.000 -15.056 15.056 -24.000 -13.674 15.056 -28.450 -13.674 0.137027 0.874873 0.149747 0.874865 0.149764 0.903812
3 16 10.000 -24.000 -16.250 11.931 -28.450 -15.944 10.000 -28.450 -16.250 0.111526 0.874916 0.124324 0.903829 0.111605 0.903863
3 16 10.000 -24.000 -16.250 12.084 -24.015 -15.924 11.931 -28.450 -15.944 0.111526 0.874916 0.125246 0.874977 0.124324 0.903829
3 16 8.069 -24.000 -15.944 10.000 -28.450 -16.250 8.069 -28.450 -15.944 0.098806 0.874951 0.111605 0.903863 0.098885 0.903898
3 16 8.069 -24.000 -15.944 10.000 -24.000 -16.250 10.000 -28.450 -16.250 0.098806 0.874951 0.111526 0.874916 0.111605 0.903863
3 16 6.326 -24.000 -15.056 8.069 -28.450 -15.944 6.326 -28.450 -15.056 0.086086 0.874985 0.098885 0.903898 0.086165 0.903933
3 16 6.326 -24.000 -15.056 8.069 -24.000 -15.944 8.069 -28.450 -15.944 0.086086 0.874985 0.098806 0.874951 0.098885 0.903898
3 16 4.944 -24.000 -13.674 6.326 -28.450 -15.056 4.944 -28.450 -13.674 0.073366 0.875020 0.086165 0.903933 0.073444 0.903967
3 16 4.944 -24.000 -13.674 6.326 -24.000 -15.056 6.326 -28.450 -15.056 0.073366 0.875020 0.086086 0.874985 0.086165 0.903933
3 16 4.056 -24.000 -11.931 4.944 -28.450 -13.674 4.056 -28.450 -11.931 0.060646 0.875055 0.073444 0.903967 0.060724 0.904002
3 16 4.056 -24.000 -11.931 4.944 -24.000 -13.674 4.944 -28.450 -13.674 0.060646 0.875055 0.073366 0.875020 0.073444 0.903967
3 16 4.056 -24.000 -11.931 3.750 -28.450 -10.000 3.750 -24.000 -10.000 0.060646 0.875055 0.048004 0.904036 0.047926 0.875089
3 16 4.056 -24.000 -11.931 4.056 -28.450 -11.931 3.750 -28.450 -10.000 0.060646 0.875055 0.060724 0.904002 0.048004 0.904036
3 16 13.674 -28.450 -15.056 12.084 -24.015 -15.924 13.674 -24.000 -15.056 0.137044 0.903820 0.125246 0.874977 0.137027 0.874873
3 16 13.674 -28.450 -15.056 11.931 -28.450 -15.944 12.084 -24.015 -15.924 0.137044 0.903820 0.124324 0.903829 0.125246 0.874977
3 16 13.674 -24.000 -15.056 12.084 -24.015 -15.924 14.142 -24.030 -14.142 0.583159 0.123207 0.594464 0.126525 0.576799 0.125268
3 16 4.944 -24.000 -13.674 5.176 -24.030 -19.319 6.326 -24.000 -15.056 0.195426 0.215963 0.225043 0.237723 0.197865 0.228447
3 16 4.944 -24.000 -13.674 2.611 -24.030 -19.829 5.176 -24.030 -19.319 0.195426 0.215963 0.237117 0.225730 0.225043 0.237723
3 16 6.326 -28.450 -4.944 4.944 -24.000 -6.326 4.944 -28.450 -6.326 0.009844 0.904140 0.022486 0.875158 0.022564 0.904105
3 16 6.326 -28.450 -4.944 6.326 -24.000 -4.944 4.944 -24.000 -6.326 0.009844 0.904140 0.009766 0.875193 0.022486 0.875158
3 16 11.931 -28.450 -4.056 13.674 -24.000 -4.944 11.931 -24.000 -4.056 0.226084 0.903943 0.213426 0.874968 0.226146 0.874995
3 16 11.931 -28.450 -4.056 13.674 -28.450 -4.944 13.674 -24.000 -4.944 0.226084 0.903943 0.213364 0.903916 0.213426 0.874968
3 16 19.829 -24.030 -2.611 11.931 -24.000 -4.056 13.674 -24.000 -4.944 0.081652 0.256103 0.118140 0.218736 0.116602 0.231362
3 16 19.829 -24.030 -2.611 20.000 -24.030 0.000 11.931 -24.000 -4.056 0.081652 0.256103 0.066944 0.247543 0.118140 0.218736
3 16 15.944 -28.450 -8.069 16.250 -24.000 -10.000 15.944 -24.000 -8.069 0.187924 0.903861 0.175266 0.874887 0.187986 0.874914
3 16 15.944 -28.450 -8.069 16.250 -28.450 -10.000 16.250 -24.000 -10.000 0.187924 0.903861 0.175204 0.903834 0.175266 0.874887
3 16 15.944 -24.000 -8.069 17.321 -24.030 -10.000 18.478 -24.030 -7.654 0.125218 0.254966 0.130639 0.269411 0.113775 0.267131
3 16 15.944 -24.000 -8.069 16.250 -24.000 -10.000 17.321 -24.030 -10.000 0.125218 0.254966 0.134529 0.263632 0.130639 0.269411
3 16 3.750 -28.450 -10.000 4.056 -24.000 -8.069 3.750 -24.000 -10.000 0.048004 0.904036 0.035206 0.875124 0.047926 0.875089
3 16 3.750 -28.450 -10.000 4.056 -28.450 -8.069 4.056 -24.000 -8.069 0.048004 0.904036 0.035284 0.904071 0.035206 0.875124
3 16 0.000 -24.032 -8.530 3.750 -24.000 -10.000 4.056 -24.000 -8.069 0.185627 0.170601 0.179937 0.196178 0.168403 0.190814
3 16 0.000 -24.032 -8.530 0.000 -24.030 -10.296 3.750 -24.000 -10.000 0.185627 0.170601 0.195158 0.177017 0.179937 0.196178
3 16 15.056 -24.000 -6.326 18.478 -24.030 -7.654 19.319 -24.030 -5.176 0.119041 0.243847 0.113775 0.267131 0.097352 0.262669
3 16 15.056 -24.000 -6.326 15.944 -24.000 -8.069 18.478 -24.030 -7.654 0.119041 0.243847 0.125218 0.254966 0.113775 0.267131
3 16 10.000 -24.030 -17.321 8.069 -24.000 -15.944 7.654 -24.030 -18.478 0.196741 0.256497 0.196327 0.241073 0.211507 0.248037
3 16 10.000 -24.030 -17.321 10.000 -24.000 -16.250 8.069 -24.000 -15.944 0.196741 0.256497 0.190962 0.252607 0.196327 0.241073
3 16 7.654 -24.030 -18.478 6.326 -24.000 -15.056 5.176 -24.030 -19.319 0.211507 0.248037 0.197865 0.228447 0.225043 0.237723
3 16 7.654 -24.030 -18.478 8.069 -24.000 -15.944 6.326 -24.000 -15.056 0.211507 0.248037 0.196327 0.241073 0.197865 0.228447
3 16 19.319 -24.030 -5.176 13.674 -24.000 -4.944 15.056 -24.000 -6.326 0.097352 0.262669 0.116602 0.231362 0.119041 0.243847
3 16 19.319 -24.030 -5.176 19.829 -24.030 -2.611 13.674 -24.000 -4.944 0.097352 0.262669 0.081652 0.256103 0.116602 0.231362
3 16 10.000 -24.000 -16.250 10.000 -24.030 -17.321 12.084 -24.015 -15.924 0.190962 0.252607 0.196741 0.256497 0.181635 0.262670
3 16 15.944 -28.450 -11.931 16.250 -24.000 -10.000 16.250 -28.450 -10.000 0.162484 0.903807 0.175266 0.874887 0.175204 0.903834
3 16 15.944 -28.450 -11.931 15.936 -24.015 -12.072 16.250 -24.000 -10.000 0.162484 0.903807 0.161636 0.874955 0.175266 0.874887
3 16 4.944 -24.000 -13.674 0.000 -24.030 -20.000 2.611 -24.030 -19.829 0.195426 0.215963 0.247523 0.212264 0.237117 0.225730
3 16 4.944 -24.000 -13.674 4.056 -24.000 -11.931 0.000 -24.030 -20.000 0.195426 0.215963 0.189248 0.204843 0.247523 0.212264
3 16 8.003 -24.034 0.000 10.000 -24.000 -3.750 9.919 -24.030 0.000 0.110522 0.182805 0.123505 0.207203 0.103562 0.193145
3 16 8.003 -24.034 0.000 8.069 -24.000 -4.056 10.000 -24.000 -3.750 0.110522 0.182805 0.132172 0.197892 0.123505 0.207203
3 16 9.919 -24.030 0.000 11.931 -24.000 -4.056 20.000 -24.030 0.000 0.103562 0.193145 0.118140 0.218736 0.066944 0.247543
3 16 9.919 -24.030 0.000 10.000 -24.000 -3.750 11.931 -24.000 -4.056 0.103562 0.193145 0.123505 0.207203 0.118140 0.218736
3 16 0.000 -24.030 -10.296 4.056 -24.000 -11.931 3.750 -24.000 -10.000 0.195158 0.177017 0.189248 0.204843 0.179937 0.196178
3 16 0.000 -24.030 -10.296 0.000 -24.030 -20.000 4.056 -24.000 -11.931 0.195158 0.177017 0.247523 0.212264 0.189248 0.204843
3 16 14.142 -24.030 14.142 15.063 -24.000 13.680 15.913 -24.015 12.059 0.763588 0.778874 0.769948 0.776816 0.781364 0.780139
3 16 14.142 -24.030 14.142 13.674 -24.000 15.052 15.063 -24.000 13.680 0.763588 0.778874 0.757253 0.776831 0.769948 0.776816
3 16 17.321 -24.030 10.000 15.913 -24.015 12.059 16.257 -24.000 10.001 0.022712 0.196760 0.016603 0.181803 0.026573 0.191014
3 16 15.040 -28.450 13.668 15.913 -24.015 12.059 15.063 -24.000 13.680 0.658664 0.942286 0.646703 0.913432 0.658649 0.913339
3 16 15.040 -28.450 13.668 15.951 -28.450 11.932 15.913 -24.015 12.059 0.658664 0.942286 0.645920 0.942284 0.646703 0.913432
3 16 13.662 -28.450 15.029 15.063 -24.000 13.680 13.674 -24.000 15.052 0.671333 0.942289 0.658649 0.913339 0.671346 0.913342
3 16 13.662 -28.450 15.029 15.040 -28.450 13.668 15.063 -24.000 13.680 0.671333 0.942289 0.658664 0.942286 0.658649 0.913339
3 16 4.056 -28.450 8.069 4.944 -28.450 6.326 10.000 -28.450 10.000 0.942564 0.087755 0.944525 0.100323 0.903869 0.100228
3 16 4.944 -28.450 6.326 6.326 -28.450 4.944 10.000 -28.450 10.000 0.944525 0.100323 0.942506 0.112882 0.903869 0.100228
3 16 6.326 -28.450 4.944 8.069 -28.450 4.056 10.000 -28.450 10.000 0.942506 0.112882 0.936704 0.124202 0.903869 0.100228
3 16 8.069 -28.450 4.056 10.000 -28.450 3.750 10.000 -28.450 10.000 0.936704 0.124202 0.927689 0.133175 0.903869 0.100228
3 16 10.000 -28.450 3.750 11.931 -28.450 4.056 10.000 -28.450 10.000 0.927689 0.133175 0.916342 0.138924 0.903869 0.100228
3 16 11.931 -28.450 4.056 13.674 -28.450 4.944 10.000 -28.450 10.000 0.916342 0.138924 0.903774 0.140884 0.903869 0.100228
3 16 13.674 -28.450 4.944 15.056 -28.450 6.326 10.000 -28.450 10.000 0.903774 0.140884 0.891215 0.138865 0.903869 0.100228
3 16 15.056 -28.450 6.326 15.944 -28.450 8.069 10.000 -28.450 10.000 0.891215 0.138865 0.879895 0.133064 0.903869 0.100228
3 16 15.944 -28.450 8.069 16.250 -28.450 10.000 10.000 -28.450 10.000 0.879895 0.133064 0.870921 0.124048 0.903869 0.100228
3 16 16.250 -28.450 10.000 15.951 -28.450 11.932 10.000 -28.450 10.000 0.870921 0.124048 0.865173 0.112701 0.903869 0.100228
3 16 15.951 -28.450 11.932 15.040 -28.450 13.668 10.000 -28.450 10.000 0.865173 0.112701 0.863321 0.100100 0.903869 0.100228
3 16 15.040 -28.450 13.668 13.662 -28.450 15.029 10.000 -28.450 10.000 0.863321 0.100100 0.865396 0.087675 0.903869 0.100228
3 16 13.662 -28.450 15.029 11.925 -28.450 15.933 10.000 -28.450 10.000 0.865396 0.087675 0.871107 0.076291 0.903869 0.100228
3 16 11.925 -28.450 15.933 10.000 -28.450 16.250 10.000 -28.450 10.000 0.871107 0.076291 0.880048 0.067281 0.903869 0.100228
3 16 10.000 -28.450 16.250 8.069 -28.450 15.944 10.000 -28.450 10.000 0.880048 0.067281 0.891395 0.061532 0.903869 0.100228
3 16 8.069 -28.450 15.944 6.326 -28.450 15.056 10.000 -28.450 10.000 0.891395 0.061532 0.903964 0.059572 0.903869 0.100228
3 16 6.326 -28.450 15.056 4.944 -28.450 13.674 10.000 -28.450 10.000 0.903964 0.059572 0.916522 0.061591 0.903869 0.100228
3 16 4.944 -28.450 13.674 4.056 -28.450 11.931 10.000 -28.450 10.000 0.916522 0.061591 0.927843 0.067392 0.903869 0.100228
3 16 4.056 -28.450 11.931 3.750 -28.450 10.000 10.000 -28.450 10.000 0.927843 0.067392 0.936816 0.076408 0.903869 0.100228
3 16 3.750 -28.450 10.000 4.056 -28.450 8.069 10.000 -28.450 10.000 0.936816 0.076408 0.942564 0.087755 0.903869 0.100228
3 16 4.056 -24.000 8.069 4.944 -28.450 6.326 4.056 -28.450 8.069 0.773190 0.913564 0.785840 0.942542 0.773120 0.942511
3 16 4.056 -24.000 8.069 4.944 -24.000 6.326 4.944 -28.450 6.326 0.773190 0.913564 0.785910 0.913595 0.785840 0.942542
3 16 8.069 -24.000 4.056 6.326 -28.450 4.944 6.326 -24.000 4.944 0.556810 0.913553 0.544160 0.942531 0.544089 0.913584
3 16 8.069 -24.000 4.056 8.069 -28.450 4.056 6.326 -28.450 4.944 0.556810 0.913553 0.556880 0.942500 0.544160 0.942531
3 16 8.069 -24.000 4.056 10.000 -28.450 3.750 8.069 -28.450 4.056 0.556810 0.913553 0.569600 0.942469 0.556880 0.942500
3 16 8.069 -24.000 4.056 10.000 -24.000 3.750 10.000 -28.450 3.750 0.556810 0.913553 0.569530 0.913522 0.569600 0.942469
3 16 10.000 -24.000 3.750 11.931 -28.450 4.056 10.000 -28.450 3.750 0.569530 0.913522 0.582320 0.942438 0.569600 0.942469
3 16 10.000 -24.000 3.750 11.931 -24.000 4.056 11.931 -28.450 4.056 0.569530 0.913522 0.582250 0.913491 0.582320 0.942438
3 16 15.056 -24.000 6.326 13.674 -28.450 4.944 13.674 -24.000 4.944 0.607690 0.913429 0.595040 0.942408 0.594970 0.913460
3 16 15.056 -24.000 6.326 15.056 -28.450 6.326 13.674 -28.450 4.944 0.607690 0.913429 0.607760 0.942377 0.595040 0.942408
3 16 15.056 -24.000 6.326 15.944 -28.450 8.069 15.056 -28.450 6.326 0.607690 0.913429 0.620480 0.942346 0.607760 0.942377
3 16 15.056 -24.000 6.326 15.944 -24.000 8.069 15.944 -28.450 8.069 0.607690 0.913429 0.620410 0.913399 0.620480 0.942346
3 16 10.000 -24.000 16.250 11.925 -28.450 15.933 12.066 -24.015 15.890 0.696869 0.913379 0.684093 0.942295 0.683229 0.913443
3 16 10.000 -24.000 16.250 10.000 -28.450 16.250 11.925 -28.450 15.933 0.696869 0.913379 0.696799 0.942326 0.684093 0.942295
3 16 10.000 -24.000 16.250 8.069 -28.450 15.944 10.000 -28.450 16.250 0.696869 0.913379 0.709519 0.942357 0.696799 0.942326
3 16 10.000 -24.000 16.250 8.069 -24.000 15.944 8.069 -28.450 15.944 0.696869 0.913379 0.709589 0.913410 0.709519 0.942357
3 16 8.069 -24.000 15.944 6.326 -28.450 15.056 8.069 -28.450 15.944 0.709589 0.913410 0.722239 0.942388 0.709519 0.942357
3 16 8.069 -24.000 15.944 6.326 -24.000 15.056 6.326 -28.450 15.056 0.709589 0.913410 0.722310 0.913440 0.722239 0.942388
3 16 6.326 -24.000 15.056 4.944 -28.450 13.674 6.326 -28.450 15.056 0.722310 0.913440 0.734959 0.942418 0.722239 0.942388
3 16 6.326 -24.000 15.056 4.944 -24.000 13.674 4.944 -28.450 13.674 0.722310 0.913440 0.735030 0.913471 0.734959 0.942418
3 16 4.944 -24.000 13.674 4.056 -28.450 11.931 4.944 -28.450 13.674 0.735030 0.913471 0.747679 0.942449 0.734959 0.942418
3 16 4.944 -24.000 13.674 4.056 -24.000 11.931 4.056 -28.450 11.931 0.735030 0.913471 0.747750 0.913502 0.747679 0.942449
3 16 4.056 -24.000 11.931 3.750 -28.450 10.000 4.056 -28.450 11.931 0.747750 0.913502 0.760399 0.942480 0.747679 0.942449
3 16 4.056 -24.000 11.931 3.750 -24.000 10.000 3.750 -28.450 10.000 0.747750 0.913502 0.760470 0.913533 0.760399 0.942480
3 16 13.662 -28.450 15.029 12.066 -24.015 15.890 11.925 -28.450 15.933 0.671333 0.942289 0.683229 0.913443 0.684093 0.942295
3 16 13.662 -28.450 15.029 13.674 -24.000 15.052 12.066 -24.015 15.890 0.671333 0.942289 0.671346 0.913342 0.683229 0.913443
3 16 12.066 -24.015 15.890 13.674 -24.000 15.052 14.142 -24.030 14.142 0.745923 0.780130 0.757253 0.776831 0.763588 0.778874
3 16 15.944 -24.000 8.069 17.321 -24.030 10.000 16.257 -24.000 10.001 0.038136 0.196347 0.022712 0.196760 0.026573 0.191014
3 16 15.944 -24.000 8.069 18.478 -24.030 7.654 17.321 -24.030 10.000 0.038136 0.196347 0.031172 0.211527 0.022712 0.196760
3 16 6.326 -28.450 4.944 4.944 -24.000 6.326 6.326 -24.000 4.944 0.544160 0.942531 0.531369 0.913615 0.544089 0.913584
3 16 6.326 -28.450 4.944 4.944 -28.450 6.326 4.944 -24.000 6.326 0.544160 0.942531 0.531440 0.942562 0.531369 0.913615
3 16 4.419 -24.036 4.419 6.326 -24.000 4.944 4.944 -24.000 6.326 0.099693 0.147411 0.089932 0.155799 0.087492 0.143315
3 16 4.419 -24.036 4.419 5.512 -24.036 2.784 6.326 -24.000 4.944 0.099693 0.147411 0.104158 0.159387 0.089932 0.155799
3 16 13.674 -28.450 4.944 11.931 -24.000 4.056 13.674 -24.000 4.944 0.595040 0.942408 0.582250 0.913491 0.594970 0.913460
3 16 13.674 -28.450 4.944 11.931 -28.450 4.056 11.931 -24.000 4.056 0.595040 0.942408 0.582320 0.942438 0.582250 0.913491
3 16 19.829 -24.030 2.611 11.931 -24.000 4.056 20.000 -24.030 0.000 0.053478 0.237137 0.074366 0.189269 0.066944 0.247543
3 16 19.829 -24.030 2.611 13.674 -24.000 4.944 11.931 -24.000 4.056 0.053478 0.237137 0.063246 0.195446 0.074366 0.189269
3 16 16.250 -28.450 10.000 15.944 -24.000 8.069 16.257 -24.000 10.001 0.633200 0.942315 0.620410 0.913399 0.633141 0.913368
3 16 16.250 -28.450 10.000 15.944 -28.450 8.069 15.944 -24.000 8.069 0.633200 0.942315 0.620480 0.942346 0.620410 0.913399
3 16 3.750 -28.450 10.000 4.056 -24.000 8.069 4.056 -28.450 8.069 0.760399 0.942480 0.773190 0.913564 0.773120 0.942511
3 16 3.750 -28.450 10.000 3.750 -24.000 10.000 4.056 -24.000 8.069 0.760399 0.942480 0.760470 0.913533 0.773190 0.913564
3 16 0.000 -24.032 8.530 3.750 -24.000 10.000 0.000 -24.030 10.296 0.093559 0.108631 0.072006 0.123530 0.084028 0.102216
3 16 0.000 -24.032 8.530 4.056 -24.000 8.069 3.750 -24.000 10.000 0.093559 0.108631 0.081316 0.132196 0.072006 0.123530
3 16 18.478 -24.030 7.654 15.056 -24.000 6.326 19.319 -24.030 5.176 0.031172 0.211527 0.050762 0.197885 0.041486 0.225063
3 16 18.478 -24.030 7.654 15.944 -24.000 8.069 15.056 -24.000 6.326 0.031172 0.211527 0.038136 0.196347 0.050762 0.197885
3 16 8.069 -24.000 15.944 10.000 -24.030 17.321 7.654 -24.030 18.478 0.024243 0.125246 0.009798 0.130668 0.012077 0.113804
3 16 8.069 -24.000 15.944 10.000 -24.000 16.250 10.000 -24.030 17.321 0.024243 0.125246 0.015578 0.134558 0.009798 0.130668
3 16 6.326 -24.000 15.056 7.654 -24.030 18.478 5.176 -24.030 19.319 0.035362 0.119068 0.012077 0.113804 0.016538 0.097381
3 16 6.326 -24.000 15.056 8.069 -24.000 15.944 7.654 -24.030 18.478 0.035362 0.119068 0.024243 0.125246 0.012077 0.113804
3 16 19.319 -24.030 5.176 13.674 -24.000 4.944 19.829 -24.030 2.611 0.041486 0.225063 0.063246 0.195446 0.053478 0.237137
3 16 19.319 -24.030 5.176 15.056 -24.000 6.326 13.674 -24.000 4.944 0.041486 0.225063 0.050762 0.197885 0.063246 0.195446
3 16 10.000 -24.030 17.321 10.000 -24.000 16.250 12.066 -24.015 15.890 0.009798 0.130668 0.015578 0.134558 0.009799 0.146914
3 16 15.951 -28.450 11.932 16.257 -24.000 10.001 15.913 -24.015 12.059 0.645920 0.942284 0.633141 0.913368 0.646703 0.913432
3 16 15.951 -28.450 11.932 16.250 -28.450 10.000 16.257 -24.000 10.001 0.645920 0.942284 0.633200 0.942315 0.633141 0.913368
3 16 2.796 -24.036 5.504 4.419 -24.036 4.419 4.944 -24.000 6.326 0.099380 0.134700 0.099693 0.147411 0.087492 0.143315
3 16 5.512 -24.036 2.784 8.069 -24.000 4.056 6.326 -24.000 4.944 0.104158 0.159387 0.088396 0.168425 0.089932 0.155799
3 16 8.003 -24.034 0.000 10.000 -24.000 3.750 8.069 -24.000 4.056 0.110522 0.182805 0.083032 0.179958 0.088396 0.168425
3 16 8.003 -24.034 0.000 9.919 -24.030 0.000 10.000 -24.000 3.750 0.110522 0.182805 0.103562 0.193145 0.083032 0.179958
3 16 9.919 -24.030 0.000 11.931 -24.000 4.056 10.000 -24.000 3.750 0.103562 0.193145 0.074366 0.189269 0.083032 0.179958
3 16 9.919 -24.030 0.000 20.000 -24.030 0.000 11.931 -24.000 4.056 0.103562 0.193145 0.066944 0.247543 0.074366 0.189269
3 16 4.944 -24.000 13.674 5.176 -24.030 19.319 2.611 -24.030 19.829 0.047846 0.116628 0.016538 0.097381 0.023103 0.081680
3 16 4.944 -24.000 13.674 6.326 -24.000 15.056 5.176 -24.030 19.319 0.047846 0.116628 0.035362 0.119068 0.016538 0.097381
3 16 2.611 -24.030 19.829 4.056 -24.000 11.931 4.944 -24.000 13.674 0.023103 0.081680 0.060473 0.118166 0.047846 0.116628
3 16 2.611 -24.030 19.829 0.000 -24.030 20.000 4.056 -24.000 11.931 0.023103 0.081680 0.031662 0.066971 0.060473 0.118166
3 16 0.000 -24.030 10.296 4.056 -24.000 11.931 0.000 -24.030 20.000 0.084028 0.102216 0.060473 0.118166 0.031662 0.066971
3 16 0.000 -24.030 10.296 3.750 -24.000 10.000 4.056 -24.000 11.931 0.084028 0.102216 0.072006 0.123530 0.060473 0.118166
3 16 -12.087 -8.067 -15.922 -10.387 -5.255 -17.089 -10.325 -8.067 -17.126 0.294456 0.334586 0.307865 0.316288 0.308340 0.334583
3 16 -12.087 -8.067 -15.922 -12.088 -5.256 -15.921 -10.387 -5.255 -17.089 0.294456 0.334586 0.294444 0.316301 0.307865 0.316288
3 16 -10.325 -8.067 -17.126 -10.387 -5.255 -17.089 -9.046 -8.067 -17.770 0.308340 0.334583 0.307865 0.316288 0.317661 0.334581
3 16 -14.142 -8.067 -14.142 -12.088 -5.256 -15.921 -12.087 -8.067 -15.922 0.276772 0.334591 0.294444 0.316301 0.294456 0.334586
3 16 -14.142 -8.067 -14.142 -14.142 -5.256 -14.142 -12.088 -5.256 -15.921 0.276772 0.334591 0.276766 0.316307 0.294444 0.316301
3 16 -2.611 -24.030 -19.829 0.000 -15.396 -20.000 0.000 -24.030 -20.000 0.361859 0.438423 0.378876 0.382256 0.378876 0.438423
3 16 -2.611 -24.030 -19.829 -2.611 -15.029 -19.829 0.000 -15.396 -20.000 0.361859 0.438423 0.361859 0.379868 0.378876 0.382256
3 16 -7.654 -24.030 -18.478 -5.176 -13.721 -19.319 -5.176 -24.030 -19.319 0.327825 0.438424 0.344841 0.371364 0.344842 0.438423
3 16 -7.654 -24.030 -18.478 -7.654 -11.241 -18.478 -5.176 -13.721 -19.319 0.327825 0.438424 0.327821 0.355232 0.344841 0.371364
3 16 -15.923 -8.067 12.086 -17.089 -5.255 10.387 -17.120 -8.067 10.335 0.262048 0.502577 0.275443 0.484279 0.275842 0.502574
3 16 -15.923 -8.067 12.086 -15.921 -5.256 12.088 -17.089 -5.255 10.387 0.262048 0.502577 0.262022 0.484293 0.275443 0.484279
3 16 -17.120 -8.067 10.335 -17.089 -5.255 10.387 -17.664 -8.067 9.256 0.275842 0.502574 0.275443 0.484279 0.283709 0.502572
3 16 -14.142 -8.067 14.142 -15.921 -5.256 12.088 -15.923 -8.067 12.086 0.244351 0.502582 0.262022 0.484293 0.262048 0.502577
3 16 -14.142 -8.067 14.142 -14.142 -5.256 14.142 -15.921 -5.256 12.088 0.244351 0.502582 0.244344 0.484299 0.262022 0.484293
3 16 -19.829 -24.030 2.611 -20.000 -15.396 0.000 -20.000 -24.030 0.000 0.329438 0.606415 0.346455 0.550248 0.346455 0.606415
3 16 -19.829 -24.030 2.611 -19.829 -15.029 2.611 -20.000 -15.396 0.000 0.329438 0.606415 0.329437 0.547860 0.346455 0.550248
3 16 -19.319 -24.030 5.176 -19.829 -15.029 2.611 -19.829 -24.030 2.611 0.312421 0.606415 0.329437 0.547860 0.329438 0.606415
3 16 -19.319 -24.030 5.176 -19.319 -13.721 5.176 -19.829 -15.029 2.611 0.312421 0.606415 0.312419 0.539355 0.329437 0.547860
3 16 -18.478 -24.030 7.654 -19.319 -13.721 5.176 -19.319 -24.030 5.176 0.295403 0.606416 0.312419 0.539355 0.312421 0.606415
3 16 -18.478 -24.030 7.654 -18.478 -11.241 7.654 -19.319 -13.721 5.176 0.295403 0.606416 0.295399 0.523224 0.312419 0.539355
3 16 -17.089 -5.255 -10.387 -15.924 -8.067 -12.085 -17.126 -8.067 -10.325 0.417465 0.484279 0.430857 0.502577 0.416991 0.502574
3 16 -17.089 -5.255 -10.387 -15.921 -5.256 -12.088 -15.924 -8.067 -12.085 0.417465 0.484279 0.430887 0.484293 0.430857 0.502577
3 16 -15.921 -5.256 -12.088 -14.142 -8.067 -14.142 -15.924 -8.067 -12.085 0.430887 0.484293 0.448558 0.502582 0.430857 0.502577
3 16 -15.921 -5.256 -12.088 -14.142 -5.256 -14.142 -14.142 -8.067 -14.142 0.430887 0.484293 0.448564 0.484299 0.448558 0.502582
3 16 0.000 -24.032 8.530 -2.309 -24.036 5.796 0.000 -24.036 6.250 0.093559 0.108631 0.116703 0.106100 0.105866 0.116914
3 16 0.000 -24.032 8.530 -4.056 -24.000 8.069 -2.309 -24.036 5.796 0.093559 0.108631 0.110782 0.088418 0.116703 0.106100
3 16 -5.814 -24.036 2.192 -8.003 -24.034 0.000 -6.250 -24.036 0.000 0.148883 0.100275 0.168664 0.096425 0.162295 0.105887
3 16 -5.814 -24.036 2.192 -8.069 -24.000 4.056 -8.003 -24.034 0.000 0.148883 0.100275 0.147013 0.081338 0.168664 0.096425
3 16 -8.003 -24.034 0.000 -5.512 -24.036 -2.784 -6.250 -24.036 0.000 0.168664 0.096425 0.175029 0.119843 0.162295 0.105887
3 16 -8.003 -24.034 0.000 -8.069 -24.000 -4.056 -5.512 -24.036 -2.784 0.168664 0.096425 0.190791 0.110804 0.175029 0.119843
3 16 -2.392 -24.036 -5.774 0.000 -24.032 -8.530 0.000 -24.036 -6.250 0.179442 0.147683 0.185627 0.170601 0.173321 0.162318
3 16 -2.392 -24.036 -5.774 -4.056 -24.000 -8.069 0.000 -24.032 -8.530 0.179442 0.147683 0.197871 0.147036 0.185627 0.170601
3 16 -4.419 -24.036 -4.419 -4.944 -24.000 -6.326 -2.796 -24.036 -5.504 0.179494 0.131819 0.191695 0.135916 0.179807 0.144531
3 16 -14.142 -24.030 -14.142 -15.056 -24.000 -13.674 -15.936 -24.015 -12.072 0.561431 0.810113 0.567791 0.808055 0.579207 0.811378
3 16 -14.142 -24.030 -14.142 -13.674 -24.000 -15.056 -15.056 -24.000 -13.674 0.561431 0.810113 0.555071 0.808052 0.567791 0.808055
3 16 -15.936 -24.015 -12.072 -16.250 -24.000 -10.000 -17.321 -24.030 -10.000 0.262625 0.097461 0.252583 0.088244 0.256473 0.082465
3 16 -4.056 -28.450 -8.069 -4.944 -28.450 -6.326 -10.000 -28.450 -10.000 0.849148 0.681425 0.848432 0.668725 0.888882 0.672816
3 16 -4.944 -28.450 -6.326 -6.326 -28.450 -4.944 -10.000 -28.450 -10.000 0.848432 0.668725 0.851676 0.656426 0.888882 0.672816
3 16 -6.326 -28.450 -4.944 -8.069 -28.450 -4.056 -10.000 -28.450 -10.000 0.851676 0.656426 0.858562 0.645731 0.888882 0.672816
3 16 -8.069 -28.450 -4.056 -10.000 -28.450 -3.750 -10.000 -28.450 -10.000 0.858562 0.645731 0.868416 0.637687 0.888882 0.672816
3 16 -10.000 -28.450 -3.750 -11.931 -28.450 -4.056 -10.000 -28.450 -10.000 0.868416 0.637687 0.880273 0.633082 0.888882 0.672816
3 16 -11.931 -28.450 -4.056 -13.674 -28.450 -4.944 -10.000 -28.450 -10.000 0.880273 0.633082 0.892973 0.632367 0.888882 0.672816
3 16 -13.674 -28.450 -4.944 -15.056 -28.450 -6.326 -10.000 -28.450 -10.000 0.892973 0.632367 0.905273 0.635611 0.888882 0.672816
3 16 -15.056 -28.450 -6.326 -15.944 -28.450 -8.069 -10.000 -28.450 -10.000 0.905273 0.635611 0.915968 0.642497 0.888882 0.672816
3 16 -15.944 -28.450 -8.069 -16.250 -28.450 -10.000 -10.000 -28.450 -10.000 0.915968 0.642497 0.924011 0.652350 0.888882 0.672816
3 16 -16.250 -28.450 -10.000 -15.944 -28.450 -11.931 -10.000 -28.450 -10.000 0.924011 0.652350 0.928616 0.664208 0.888882 0.672816
3 16 -15.944 -28.450 -11.931 -15.056 -28.450 -13.674 -10.000 -28.450 -10.000 0.928616 0.664208 0.929332 0.676908 0.888882 0.672816
3 16 -15.056 -28.450 -13.674 -13.674 -28.450 -15.056 -10.000 -28.450 -10.000 0.929332 0.676908 0.926088 0.689207 0.888882 0.672816
3 16 -13.674 -28.450 -15.056 -11.931 -28.450 -15.944 -10.000 -28.450 -10.000 0.926088 0.689207 0.919202 0.699902 0.888882 0.672816
3 16 -11.931 -28.450 -15.944 -10.000 -28.450 -16.250 -10.000 -28.450 -10.000 0.919202 0.699902 0.909348 0.707946 0.888882 0.672816
3 16 -10.000 -28.450 -16.250 -8.069 -28.450 -15.944 -10.000 -28.450 -10.000 0.909348 0.707946 0.897491 0.712551 0.888882 0.672816
3 16 -8.069 -28.450 -15.944 -6.326 -28.450 -15.056 -10.000 -28.450 -10.000 0.897491 0.712551 0.884791 0.713266 0.888882 0.672816
3 16 -6.326 -28.450 -15.056 -4.944 -28.450 -13.674 -10.000 -28.450 -10.000 0.884791 0.713266 0.872491 0.710022 0.888882 0.672816
3 16 -4.944 -28.450 -13.674 -4.056 -28.450 -11.931 -10.000 -28.450 -10.000 0.872491 0.710022 0.861796 0.703136 0.888882 0.672816
3 16 -4.056 -28.450 -11.931 -3.750 -28.450 -10.000 -10.000 -28.450 -10.000 0.861796 0.703136 0.853753 0.693282 0.888882 0.672816
3 16 -3.750 -28.450 -10.000 -4.056 -28.450 -8.069 -10.000 -28.450 -10.000 0.853753 0.693282 0.849148 0.681425 0.888882 0.672816
3 16 -4.056 -28.450 -8.069 -4.944 -24.000 -6.326 -4.944 -28.450 -6.326 0.773119 0.901864 0.785910 0.872948 0.785839 0.901895
3 16 -4.056 -28.450 -8.069 -4.056 -24.000 -8.069 -4.944 -24.000 -6.326 0.773119 0.901864 0.773190 0.872917 0.785910 0.872948
3 16 -6.326 -28.450 -4.944 -8.069 -24.000 -4.056 -8.069 -28.450 -4.056 0.544160 0.901884 0.556810 0.872906 0.556880 0.901853
3 16 -6.326 -28.450 -4.944 -6.326 -24.000 -4.944 -8.069 -24.000 -4.056 0.544160 0.901884 0.544089 0.872937 0.556810 0.872906
3 16 -8.069 -28.450 -4.056 -10.000 -24.000 -3.750 -10.000 -28.450 -3.750 0.556880 0.901853 0.569530 0.872875 0.569600 0.901822
3 16 -8.069 -28.450 -4.056 -8.069 -24.000 -4.056 -10.000 -24.000 -3.750 0.556880 0.901853 0.556810 0.872906 0.569530 0.872875
3 16 -11.931 -28.450 -4.056 -10.000 -24.000 -3.750 -11.931 -24.000 -4.056 0.582320 0.901791 0.569530 0.872875 0.582250 0.872844
3 16 -11.931 -28.450 -4.056 -10.000 -28.450 -3.750 -10.000 -24.000 -3.750 0.582320 0.901791 0.569600 0.901822 0.569530 0.872875
3 16 -13.674 -28.450 -4.944 -15.056 -24.000 -6.326 -15.056 -28.450 -6.326 0.595040 0.901760 0.607690 0.872782 0.607760 0.901729
3 16 -13.674 -28.450 -4.944 -13.674 -24.000 -4.944 -15.056 -24.000 -6.326 0.595040 0.901760 0.594970 0.872813 0.607690 0.872782
3 16 -15.944 -28.450 -8.069 -15.056 -24.000 -6.326 -15.944 -24.000 -8.069 0.620480 0.901699 0.607690 0.872782 0.620410 0.872751
3 16 -15.944 -28.450 -8.069 -15.056 -28.450 -6.326 -15.056 -24.000 -6.326 0.620480 0.901699 0.607760 0.901729 0.607690 0.872782
3 16 -15.936 -24.015 -12.072 -15.056 -28.450 -13.674 -15.944 -28.450 -11.931 0.646759 0.872785 0.658640 0.901639 0.645920 0.901637
3 16 -15.936 -24.015 -12.072 -15.056 -24.000 -13.674 -15.056 -28.450 -13.674 0.646759 0.872785 0.658648 0.872691 0.658640 0.901639
3 16 -15.056 -28.450 -13.674 -13.674 -24.000 -15.056 -13.674 -28.450 -15.056 0.658640 0.901639 0.671368 0.872695 0.671359 0.901642
3 16 -15.056 -28.450 -13.674 -15.056 -24.000 -13.674 -13.674 -24.000 -15.056 0.658640 0.901639 0.658648 0.872691 0.671368 0.872695
3 16 -11.931 -28.450 -15.944 -10.000 -24.000 -16.250 -10.000 -28.450 -16.250 0.684079 0.901648 0.696869 0.872732 0.696799 0.901679
3 16 -11.931 -28.450 -15.944 -12.084 -24.015 -15.924 -10.000 -24.000 -16.250 0.684079 0.901648 0.683149 0.872796 0.696869 0.872732
3 16 -10.000 -28.450 -16.250 -8.069 -24.000 -15.944 -8.069 -28.450 -15.944 0.696799 0.901679 0.709589 0.872762 0.709519 0.901710
3 16 -10.000 -28.450 -16.250 -10.000 -24.000 -16.250 -8.069 -24.000 -15.944 0.696799 0.901679 0.696869 0.872732 0.709589 0.872762
3 16 -8.069 -28.450 -15.944 -6.326 -24.000 -15.056 -6.326 -28.450 -15.056 0.709519 0.901710 0.722310 0.872793 0.722239 0.901740
3 16 -8.069 -28.450 -15.944 -8.069 -24.000 -15.944 -6.326 -24.000 -15.056 0.709519 0.901710 0.709589 0.872762 0.722310 0.872793
3 16 -6.326 -28.450 -15.056 -4.944 -24.000 -13.674 -4.944 -28.450 -13.674 0.722239 0.901740 0.735030 0.872824 0.734959 0.901771
3 16 -6.326 -28.450 -15.056 -6.326 -24.000 -15.056 -4.944 -24.000 -13.674 0.722239 0.901740 0.722310 0.872793 0.735030 0.872824
3 16 -4.944 -28.450 -13.674 -4.056 -24.000 -11.931 -4.056 -28.450 -11.931 0.734959 0.901771 0.747750 0.872855 0.747679 0.901802
3 16 -4.944 -28.450 -13.674 -4.944 -24.000 -13.674 -4.056 -24.000 -11.931 0.734959 0.901771 0.735030 0.872824 0.747750 0.872855
3 16 -3.750 -28.450 -10.000 -4.056 -24.000 -11.931 -3.750 -24.000 -10.000 0.760399 0.901833 0.747750 0.872855 0.760470 0.872886
3 16 -3.750 -28.450 -10.000 -4.056 -28.450 -11.931 -4.056 -24.000 -11.931 0.760399 0.901833 0.747679 0.901802 0.747750 0.872855
3 16 -12.084 -24.015 -15.924 -13.674 -28.450 -15.056 -13.674 -24.000 -15.056 0.683149 0.872796 0.671359 0.901642 0.671368 0.872695
3 16 -12.084 -24.015 -15.924 -11.931 -28.450 -15.944 -13.674 -28.450 -15.056 0.683149 0.872796 0.684079 0.901648 0.671359 0.901642
3 16 -12.084 -24.015 -15.924 -13.674 -24.000 -15.056 -14.142 -24.030 -14.142 0.543766 0.811370 0.555071 0.808052 0.561431 0.810113
3 16 -17.763 -8.067 -9.061 -17.089 -5.255 -10.387 -17.126 -8.067 -10.325 0.407772 0.502572 0.417465 0.484279 0.416991 0.502574
3 16 -4.944 -24.000 -13.674 -5.176 -24.030 -19.319 -2.611 -24.030 -19.829 0.231341 0.162606 0.262648 0.181855 0.256082 0.197555
3 16 -4.944 -24.000 -13.674 -6.326 -24.000 -15.056 -5.176 -24.030 -19.319 0.231341 0.162606 0.243825 0.160167 0.262648 0.181855
3 16 -5.176 -24.030 -19.319 -2.611 -15.029 -19.829 -2.611 -24.030 -19.829 0.344842 0.438423 0.361859 0.379868 0.361859 0.438423
3 16 -5.176 -24.030 -19.319 -5.176 -13.721 -19.319 -2.611 -15.029 -19.829 0.344842 0.438423 0.344841 0.371364 0.361859 0.379868
3 16 -4.944 -24.000 -6.326 -6.326 -28.450 -4.944 -4.944 -28.450 -6.326 0.531369 0.872968 0.544160 0.901884 0.531440 0.901915
3 16 -4.944 -24.000 -6.326 -6.326 -24.000 -4.944 -6.326 -28.450 -4.944 0.531369 0.872968 0.544089 0.872937 0.544160 0.901884
3 16 -13.674 -24.000 -4.944 -11.931 -28.450 -4.056 -11.931 -24.000 -4.056 0.594970 0.872813 0.582320 0.901791 0.582250 0.872844
3 16 -13.674 -24.000 -4.944 -13.674 -28.450 -4.944 -11.931 -28.450 -4.056 0.594970 0.872813 0.595040 0.901760 0.582320 0.901791
3 16 -11.931 -24.000 -4.056 -19.829 -24.030 -2.611 -13.674 -24.000 -4.944 0.204820 0.089959 0.225705 0.042090 0.215939 0.083781
3 16 -11.931 -24.000 -4.056 -20.000 -24.030 0.000 -19.829 -24.030 -2.611 0.204820 0.089959 0.212239 0.031684 0.225705 0.042090
3 16 -16.250 -24.000 -10.000 -15.944 -28.450 -8.069 -15.944 -24.000 -8.069 0.633130 0.872721 0.620480 0.901699 0.620410 0.872751
3 16 -16.250 -24.000 -10.000 -16.250 -28.450 -10.000 -15.944 -28.450 -8.069 0.633130 0.872721 0.633200 0.901668 0.620480 0.901699
3 16 -15.944 -24.000 -8.069 -17.321 -24.030 -10.000 -16.250 -24.000 -10.000 0.241050 0.082880 0.256473 0.082465 0.252583 0.088244
3 16 -15.944 -24.000 -8.069 -18.478 -24.030 -7.654 -17.321 -24.030 -10.000 0.241050 0.082880 0.248013 0.067699 0.256473 0.082465
3 16 -4.056 -24.000 -8.069 -3.750 -28.450 -10.000 -3.750 -24.000 -10.000 0.773190 0.872917 0.760399 0.901833 0.760470 0.872886
3 16 -4.056 -24.000 -8.069 -4.056 -28.450 -8.069 -3.750 -28.450 -10.000 0.773190 0.872917 0.773119 0.901864 0.760399 0.901833
3 16 -3.750 -24.000 -10.000 0.000 -24.032 -8.530 -4.056 -24.000 -8.069 0.207181 0.155703 0.185627 0.170601 0.197871 0.147036
3 16 -3.750 -24.000 -10.000 0.000 -24.030 -10.296 0.000 -24.032 -8.530 0.207181 0.155703 0.195158 0.177017 0.185627 0.170601
3 16 -15.056 -24.000 -6.326 -18.478 -24.030 -7.654 -15.944 -24.000 -8.069 0.228423 0.081342 0.248013 0.067699 0.241050 0.082880
3 16 -15.056 -24.000 -6.326 -19.319 -24.030 -5.176 -18.478 -24.030 -7.654 0.228423 0.081342 0.237698 0.054163 0.248013 0.067699
3 16 -8.069 -24.000 -15.944 -10.000 -24.030 -17.321 -7.654 -24.030 -18.478 0.254944 0.153990 0.269389 0.148568 0.267109 0.165433
3 16 -8.069 -24.000 -15.944 -10.000 -24.000 -16.250 -10.000 -24.030 -17.321 0.254944 0.153990 0.263610 0.144678 0.269389 0.148568
3 16 -6.326 -24.000 -15.056 -7.654 -24.030 -18.478 -5.176 -24.030 -19.319 0.243825 0.160167 0.267109 0.165433 0.262648 0.181855
3 16 -6.326 -24.000 -15.056 -8.069 -24.000 -15.944 -7.654 -24.030 -18.478 0.243825 0.160167 0.254944 0.153990 0.267109 0.165433
3 16 -13.674 -24.000 -4.944 -19.319 -24.030 -5.176 -15.056 -24.000 -6.326 0.215939 0.083781 0.237698 0.054163 0.228423 0.081342
3 16 -13.674 -24.000 -4.944 -19.829 -24.030 -2.611 -19.319 -24.030 -5.176 0.215939 0.083781 0.225705 0.042090 0.237698 0.054163
3 16 -10.000 -24.030 -17.321 -10.000 -24.000 -16.250 -12.084 -24.015 -15.924 0.269389 0.148568 0.263610 0.144678 0.269423 0.132250
3 16 -16.250 -24.000 -10.000 -15.944 -28.450 -11.931 -16.250 -28.450 -10.000 0.633130 0.872721 0.645920 0.901637 0.633200 0.901668
3 16 -16.250 -24.000 -10.000 -15.936 -24.015 -12.072 -15.944 -28.450 -11.931 0.633130 0.872721 0.646759 0.872785 0.645920 0.901637
3 16 -2.392 -24.036 -5.774 -4.944 -24.000 -6.326 -4.056 -24.000 -8.069 0.179442 0.147683 0.191695 0.135916 0.197871 0.147036
3 16 -2.392 -24.036 -5.774 -2.796 -24.036 -5.504 -4.944 -24.000 -6.326 0.179442 0.147683 0.179807 0.144531 0.191695 0.135916
3 16 0.000 -24.030 -20.000 -4.944 -24.000 -13.674 -2.611 -24.030 -19.829 0.247523 0.212264 0.231341 0.162606 0.256082 0.197555
3 16 0.000 -24.030 -20.000 -4.056 -24.000 -11.931 -4.944 -24.000 -13.674 0.247523 0.212264 0.218714 0.161068 0.231341 0.162606
3 16 -8.003 -24.034 0.000 -10.000 -24.000 -3.750 -8.069 -24.000 -4.056 0.168664 0.096425 0.196155 0.099271 0.190791 0.110804
3 16 -8.003 -24.034 0.000 -9.919 -24.030 0.000 -10.000 -24.000 -3.750 0.168664 0.096425 0.175624 0.086085 0.196155 0.099271
3 16 -11.931 -24.000 -4.056 -9.919 -24.030 0.000 -20.000 -24.030 0.000 0.204820 0.089959 0.175624 0.086085 0.212239 0.031684
3 16 -11.931 -24.000 -4.056 -10.000 -24.000 -3.750 -9.919 -24.030 0.000 0.204820 0.089959 0.196155 0.099271 0.175624 0.086085
3 16 -4.056 -24.000 -11.931 0.000 -24.030 -10.296 -3.750 -24.000 -10.000 0.218714 0.161068 0.195158 0.177017 0.207181 0.155703
3 16 -4.056 -24.000 -11.931 0.000 -24.030 -20.000 0.000 -24.030 -10.296 0.218714 0.161068 0.247523 0.212264 0.195158 0.177017
3 16 -15.056 -24.000 13.674 -14.142 -24.030 14.142 -15.936 -24.015 12.072 0.956636 0.334971 0.962996 0.337029 0.945220 0.338294
3 16 -13.674 -24.000 15.056 -14.142 -24.030 14.142 -15.056 -24.000 13.674 0.969356 0.334968 0.962996 0.337029 0.956636 0.334971
3 16 -15.936 -24.015 12.072 -17.321 -24.030 10.000 -16.250 -24.000 10.000 0.132334 0.009766 0.148542 0.009820 0.144653 0.015599
3 16 -15.936 -24.015 12.072 -15.056 -28.450 13.674 -15.056 -24.000 13.674 0.404473 0.915558 0.392593 0.944412 0.392584 0.915464
3 16 -15.936 -24.015 12.072 -15.944 -28.450 11.931 -15.056 -28.450 13.674 0.404473 0.915558 0.405313 0.944410 0.392593 0.944412
3 16 -15.056 -24.000 13.674 -13.674 -28.450 15.056 -13.674 -24.000 15.056 0.392584 0.915464 0.379873 0.944415 0.379864 0.915468
3 16 -15.056 -24.000 13.674 -15.056 -28.450 13.674 -13.674 -28.450 15.056 0.392584 0.915464 0.392593 0.944412 0.379873 0.944415
3 16 -4.944 -28.450 6.326 -4.056 -28.450 8.069 -10.000 -28.450 10.000 0.875253 0.618299 0.864113 0.612159 0.889067 0.580061
3 16 -6.326 -28.450 4.944 -4.944 -28.450 6.326 -10.000 -28.450 10.000 0.887746 0.620696 0.875253 0.618299 0.889067 0.580061
3 16 -8.069 -28.450 4.056 -6.326 -28.450 4.944 -10.000 -28.450 10.000 0.900367 0.619115 0.887746 0.620696 0.889067 0.580061
3 16 -10.000 -28.450 3.750 -8.069 -28.450 4.056 -10.000 -28.450 10.000 0.911883 0.613712 0.900367 0.619115 0.889067 0.580061
3 16 -11.931 -28.450 4.056 -10.000 -28.450 3.750 -10.000 -28.450 10.000 0.921165 0.605015 0.911883 0.613712 0.889067 0.580061
3 16 -13.674 -28.450 4.944 -11.931 -28.450 4.056 -10.000 -28.450 10.000 0.927305 0.593875 0.921165 0.605015 0.889067 0.580061
3 16 -15.056 -28.450 6.326 -13.674 -28.450 4.944 -10.000 -28.450 10.000 0.929702 0.581382 0.927305 0.593875 0.889067 0.580061
3 16 -15.944 -28.450 8.069 -15.056 -28.450 6.326 -10.000 -28.450 10.000 0.928121 0.568761 0.929702 0.581382 0.889067 0.580061
3 16 -16.250 -28.450 10.000 -15.944 -28.450 8.069 -10.000 -28.450 10.000 0.922718 0.557246 0.928121 0.568761 0.889067 0.580061
3 16 -15.944 -28.450 11.931 -16.250 -28.450 10.000 -10.000 -28.450 10.000 0.914020 0.547964 0.922718 0.557246 0.889067 0.580061
3 16 -15.056 -28.450 13.674 -15.944 -28.450 11.931 -10.000 -28.450 10.000 0.902880 0.541824 0.914020 0.547964 0.889067 0.580061
3 16 -13.674 -28.450 15.056 -15.056 -28.450 13.674 -10.000 -28.450 10.000 0.890388 0.539426 0.902880 0.541824 0.889067 0.580061
3 16 -11.931 -28.450 15.944 -13.674 -28.450 15.056 -10.000 -28.450 10.000 0.877767 0.541007 0.890388 0.539426 0.889067 0.580061
3 16 -10.000 -28.450 16.250 -11.931 -28.450 15.944 -10.000 -28.450 10.000 0.866251 0.546410 0.877767 0.541007 0.889067 0.580061
3 16 -8.069 -28.450 15.944 -10.000 -28.450 16.250 -10.000 -28.450 10.000 0.856969 0.555108 0.866251 0.546410 0.889067 0.580061
3 16 -6.326 -28.450 15.056 -8.069 -28.450 15.944 -10.000 -28.450 10.000 0.850829 0.566248 0.856969 0.555108 0.889067 0.580061
3 16 -4.944 -28.450 13.674 -6.326 -28.450 15.056 -10.000 -28.450 10.000 0.848432 0.578740 0.850829 0.566248 0.889067 0.580061
3 16 -4.056 -28.450 11.931 -4.944 -28.450 13.674 -10.000 -28.450 10.000 0.850013 0.591361 0.848432 0.578740 0.889067 0.580061
3 16 -3.750 -28.450 10.000 -4.056 -28.450 11.931 -10.000 -28.450 10.000 0.855416 0.602877 0.850013 0.591361 0.889067 0.580061
3 16 -4.056 -28.450 8.069 -3.750 -28.450 10.000 -10.000 -28.450 10.000 0.864113 0.612159 0.855416 0.602877 0.889067 0.580061
3 16 -4.944 -28.450 6.326 -4.056 -24.000 8.069 -4.056 -28.450 8.069 0.265393 0.944668 0.278043 0.915690 0.278113 0.944637
3 16 -4.944 -28.450 6.326 -4.944 -24.000 6.326 -4.056 -24.000 8.069 0.265393 0.944668 0.265323 0.915720 0.278043 0.915690
3 16 -6.326 -28.450 4.944 -8.069 -24.000 4.056 -6.326 -24.000 4.944 0.507073 0.944657 0.494423 0.915679 0.507143 0.915709
3 16 -6.326 -28.450 4.944 -8.069 -28.450 4.056 -8.069 -24.000 4.056 0.507073 0.944657 0.494353 0.944626 0.494423 0.915679
3 16 -10.000 -28.450 3.750 -8.069 -24.000 4.056 -8.069 -28.450 4.056 0.481633 0.944595 0.494423 0.915679 0.494353 0.944626
3 16 -10.000 -28.450 3.750 -10.000 -24.000 3.750 -8.069 -24.000 4.056 0.481633 0.944595 0.481703 0.915648 0.494423 0.915679
3 16 -11.931 -28.450 4.056 -10.000 -24.000 3.750 -10.000 -28.450 3.750 0.468913 0.944564 0.481703 0.915648 0.481633 0.944595
3 16 -11.931 -28.450 4.056 -11.931 -24.000 4.056 -10.000 -24.000 3.750 0.468913 0.944564 0.468983 0.915617 0.481703 0.915648
3 16 -13.674 -28.450 4.944 -15.056 -24.000 6.326 -13.674 -24.000 4.944 0.456193 0.944533 0.443543 0.915555 0.456263 0.915586
3 16 -13.674 -28.450 4.944 -15.056 -28.450 6.326 -15.056 -24.000 6.326 0.456193 0.944533 0.443473 0.944502 0.443543 0.915555
3 16 -15.944 -28.450 8.069 -15.056 -24.000 6.326 -15.056 -28.450 6.326 0.430753 0.944471 0.443543 0.915555 0.443473 0.944502
3 16 -15.944 -28.450 8.069 -15.944 -24.000 8.069 -15.056 -24.000 6.326 0.430753 0.944471 0.430823 0.915524 0.443543 0.915555
3 16 -11.931 -28.450 15.944 -10.000 -24.000 16.250 -12.084 -24.015 15.924 0.367153 0.944421 0.354363 0.915504 0.368083 0.915569
3 16 -11.931 -28.450 15.944 -10.000 -28.450 16.250 -10.000 -24.000 16.250 0.367153 0.944421 0.354433 0.944452 0.354363 0.915504
3 16 -8.069 -28.450 15.944 -10.000 -24.000 16.250 -10.000 -28.450 16.250 0.341713 0.944482 0.354363 0.915504 0.354433 0.944452
3 16 -8.069 -28.450 15.944 -8.069 -24.000 15.944 -10.000 -24.000 16.250 0.341713 0.944482 0.341643 0.915535 0.354363 0.915504
3 16 -6.326 -28.450 15.056 -8.069 -24.000 15.944 -8.069 -28.450 15.944 0.328993 0.944513 0.341643 0.915535 0.341713 0.944482
3 16 -6.326 -28.450 15.056 -6.326 -24.000 15.056 -8.069 -24.000 15.944 0.328993 0.944513 0.328923 0.915566 0.341643 0.915535
3 16 -4.944 -28.450 13.674 -6.326 -24.000 15.056 -6.326 -28.450 15.056 0.316273 0.944544 0.328923 0.915566 0.328993 0.944513
3 16 -4.944 -28.450 13.674 -4.944 -24.000 13.674 -6.326 -24.000 15.056 0.316273 0.944544 0.316203 0.915597 0.328923 0.915566
3 16 -4.056 -28.450 11.931 -4.944 -24.000 13.674 -4.944 -28.450 13.674 0.303553 0.944575 0.316203 0.915597 0.316273 0.944544
3 16 -4.056 -28.450 11.931 -4.056 -24.000 11.931 -4.944 -24.000 13.674 0.303553 0.944575 0.303483 0.915628 0.316203 0.915597
3 16 -3.750 -28.450 10.000 -4.056 -24.000 11.931 -4.056 -28.450 11.931 0.290833 0.944606 0.303483 0.915628 0.303553 0.944575
3 16 -3.750 -28.450 10.000 -3.750 -24.000 10.000 -4.056 -24.000 11.931 0.290833 0.944606 0.290763 0.915659 0.303483 0.915628
3 16 -13.674 -28.450 15.056 -12.084 -24.015 15.924 -13.674 -24.000 15.056 0.379873 0.944415 0.368083 0.915569 0.379864 0.915468
3 16 -13.674 -28.450 15.056 -11.931 -28.450 15.944 -12.084 -24.015 15.924 0.379873 0.944415 0.367153 0.944421 0.368083 0.915569
3 16 -13.674 -24.000 15.056 -12.084 -24.015 15.924 -14.142 -24.030 14.142 0.969356 0.334968 0.980661 0.338286 0.962996 0.337029
3 16 -17.321 -24.030 10.000 -15.944 -24.000 8.069 -16.250 -24.000 10.000 0.148542 0.009820 0.153964 0.024265 0.144653 0.015599
3 16 -17.321 -24.030 10.000 -18.478 -24.030 7.654 -15.944 -24.000 8.069 0.148542 0.009820 0.165407 0.012099 0.153964 0.024265
3 16 -2.611 -15.029 19.829 -5.176 -24.030 19.319 -2.611 -24.030 19.829 0.400184 0.107531 0.417200 0.166086 0.400184 0.166086
3 16 -2.611 -15.029 19.829 -5.176 -13.721 19.319 -5.176 -24.030 19.319 0.400184 0.107531 0.417201 0.099026 0.417200 0.166086
3 16 -4.944 -24.000 6.326 -6.326 -28.450 4.944 -6.326 -24.000 4.944 0.519863 0.915740 0.507073 0.944657 0.507143 0.915709
3 16 -4.944 -24.000 6.326 -4.944 -28.450 6.326 -6.326 -28.450 4.944 0.519863 0.915740 0.519793 0.944688 0.507073 0.944657
3 16 -6.326 -24.000 4.944 -4.419 -24.036 4.419 -4.944 -24.000 6.326 0.135893 0.087514 0.131796 0.099715 0.123408 0.089953
3 16 -6.326 -24.000 4.944 -5.814 -24.036 2.192 -4.419 -24.036 4.419 0.135893 0.087514 0.148883 0.100275 0.131796 0.099715
3 16 -11.931 -24.000 4.056 -13.674 -28.450 4.944 -13.674 -24.000 4.944 0.468983 0.915617 0.456193 0.944533 0.456263 0.915586
3 16 -11.931 -24.000 4.056 -11.931 -28.450 4.056 -13.674 -28.450 4.944 0.468983 0.915617 0.468913 0.944564 0.456193 0.944533
3 16 -11.931 -24.000 4.056 -19.829 -24.030 2.611 -20.000 -24.030 0.000 0.161044 0.060495 0.197530 0.023126 0.212239 0.031684
3 16 -11.931 -24.000 4.056 -13.674 -24.000 4.944 -19.829 -24.030 2.611 0.161044 0.060495 0.162581 0.047868 0.197530 0.023126
3 16 -15.944 -24.000 8.069 -16.250 -28.450 10.000 -16.250 -24.000 10.000 0.430823 0.915524 0.418033 0.944440 0.418103 0.915493
3 16 -15.944 -24.000 8.069 -15.944 -28.450 8.069 -16.250 -28.450 10.000 0.430823 0.915524 0.430753 0.944471 0.418033 0.944440
3 16 -4.056 -24.000 8.069 -3.750 -28.450 10.000 -4.056 -28.450 8.069 0.278043 0.915690 0.290833 0.944606 0.278113 0.944637
3 16 -4.056 -24.000 8.069 -3.750 -24.000 10.000 -3.750 -28.450 10.000 0.278043 0.915690 0.290763 0.915659 0.290833 0.944606
3 16 0.000 -24.032 8.530 -3.750 -24.000 10.000 -4.056 -24.000 8.069 0.093559 0.108631 0.099248 0.083054 0.110782 0.088418
3 16 0.000 -24.032 8.530 0.000 -24.030 10.296 -3.750 -24.000 10.000 0.093559 0.108631 0.084028 0.102216 0.099248 0.083054
3 16 -15.056 -24.000 6.326 -18.478 -24.030 7.654 -19.319 -24.030 5.176 0.160142 0.035384 0.165407 0.012099 0.181830 0.016560
3 16 -15.056 -24.000 6.326 -15.944 -24.000 8.069 -18.478 -24.030 7.654 0.160142 0.035384 0.153964 0.024265 0.165407 0.012099
3 16 -10.000 -24.030 17.321 -8.069 -24.000 15.944 -7.654 -24.030 18.478 0.082441 0.022736 0.082856 0.038159 0.067675 0.031197
3 16 -10.000 -24.030 17.321 -10.000 -24.000 16.250 -8.069 -24.000 15.944 0.082441 0.022736 0.088220 0.026626 0.082856 0.038159
3 16 -7.654 -24.030 18.478 -6.326 -24.000 15.056 -5.176 -24.030 19.319 0.067675 0.031197 0.081319 0.050786 0.054140 0.041512
3 16 -7.654 -24.030 18.478 -8.069 -24.000 15.944 -6.326 -24.000 15.056 0.067675 0.031197 0.082856 0.038159 0.081319 0.050786
3 16 -19.319 -24.030 5.176 -13.674 -24.000 4.944 -15.056 -24.000 6.326 0.181830 0.016560 0.162581 0.047868 0.160142 0.035384
3 16 -19.319 -24.030 5.176 -19.829 -24.030 2.611 -13.674 -24.000 4.944 0.181830 0.016560 0.197530 0.023126 0.162581 0.047868
3 16 -10.000 -24.000 16.250 -10.000 -24.030 17.321 -12.084 -24.015 15.924 0.088220 0.026626 0.082441 0.022736 0.097547 0.016562
3 16 -16.250 -24.000 10.000 -15.944 -28.450 11.931 -15.936 -24.015 12.072 0.418103 0.915493 0.405313 0.944410 0.404473 0.915558
3 16 -16.250 -24.000 10.000 -16.250 -28.450 10.000 -15.944 -28.450 11.931 0.418103 0.915493 0.418033 0.944440 0.405313 0.944410
3 16 -4.944 -24.000 6.326 -2.309 -24.036 5.796 -4.056 -24.000 8.069 0.123408 0.089953 0.116703 0.106100 0.110782 0.088418
3 16 -4.944 -24.000 6.326 -4.419 -24.036 4.419 -2.309 -24.036 5.796 0.123408 0.089953 0.131796 0.099715 0.116703 0.106100
3 16 -8.069 -24.000 4.056 -5.814 -24.036 2.192 -6.326 -24.000 4.944 0.147013 0.081338 0.148883 0.100275 0.135893 0.087514
3 16 -10.000 -24.000 3.750 -8.003 -24.034 0.000 -8.069 -24.000 4.056 0.155679 0.072028 0.168664 0.096425 0.147013 0.081338
3 16 -10.000 -24.000 3.750 -9.919 -24.030 0.000 -8.003 -24.034 0.000 0.155679 0.072028 0.175624 0.086085 0.168664 0.096425
3 16 -11.931 -24.000 4.056 -9.919 -24.030 0.000 -10.000 -24.000 3.750 0.161044 0.060495 0.175624 0.086085 0.155679 0.072028
3 16 -11.931 -24.000 4.056 -20.000 -24.030 0.000 -9.919 -24.030 0.000 0.161044 0.060495 0.212239 0.031684 0.175624 0.086085
3 16 -4.944 -24.000 13.674 -5.176 -24.030 19.319 -6.326 -24.000 15.056 0.083758 0.063270 0.054140 0.041512 0.081319 0.050786
3 16 -4.944 -24.000 13.674 -2.611 -24.030 19.829 -5.176 -24.030 19.319 0.083758 0.063270 0.042066 0.053505 0.054140 0.041512
3 16 -4.056 -24.000 11.931 -2.611 -24.030 19.829 -4.944 -24.000 13.674 0.089936 0.074389 0.042066 0.053505 0.083758 0.063270
3 16 -4.056 -24.000 11.931 0.000 -24.030 20.000 -2.611 -24.030 19.829 0.089936 0.074389 0.031662 0.066971 0.042066 0.053505
3 16 0.000 -24.030 10.296 -4.056 -24.000 11.931 -3.750 -24.000 10.000 0.084028 0.102216 0.089936 0.074389 0.099248 0.083054
3 16 0.000 -24.030 10.296 0.000 -24.030 20.000 -4.056 -24.000 11.931 0.084028 0.102216 0.031662 0.066971 0.089936 0.074389
3 16 -19.319 -13.721 -5.176 -18.478 -24.030 -7.654 -19.319 -24.030 -5.176 0.380489 0.539355 0.397505 0.606416 0.380488 0.606415
3 16 -19.319 -13.721 -5.176 -18.478 -11.241 -7.654 -18.478 -24.030 -7.654 0.380489 0.539355 0.397509 0.523224 0.397505 0.606416
3 16 -19.829 -15.029 -2.611 -19.319 -24.030 -5.176 -19.829 -24.030 -2.611 0.363472 0.547860 0.380488 0.606415 0.363471 0.606415
3 16 -19.829 -15.029 -2.611 -19.319 -13.721 -5.176 -19.319 -24.030 -5.176 0.363472 0.547860 0.380489 0.539355 0.380488 0.606415
3 16 -20.000 -15.396 0.000 -19.829 -24.030 -2.611 -20.000 -24.030 0.000 0.346455 0.550248 0.363471 0.606415 0.346455 0.606415
3 16 -20.000 -15.396 0.000 -19.829 -15.029 -2.611 -19.829 -24.030 -2.611 0.346455 0.550248 0.363472 0.547860 0.363471 0.606415
3 16 -10.387 -5.255 17.089 -12.087 -8.067 15.922 -10.336 -8.067 17.120 0.454178 0.043950 0.467588 0.062249 0.453787 0.062245
3 16 -10.387 -5.255 17.089 -12.088 -5.256 15.921 -12.087 -8.067 15.922 0.454178 0.043950 0.467599 0.043964 0.467588 0.062249
3 16 -12.087 -8.067 15.922 -14.142 -5.256 14.142 -14.142 -8.067 14.142 0.467588 0.062249 0.485277 0.043970 0.485270 0.062254
3 16 -12.087 -8.067 15.922 -12.088 -5.256 15.921 -14.142 -5.256 14.142 0.467588 0.062249 0.467599 0.043964 0.485277 0.043970
3 16 0.000 -15.396 20.000 -2.611 -24.030 19.829 0.000 -24.030 20.000 0.383167 0.109919 0.400184 0.166086 0.383167 0.166086
3 16 0.000 -15.396 20.000 -2.611 -15.029 19.829 -2.611 -24.030 19.829 0.383167 0.109919 0.400184 0.107531 0.400184 0.166086
3 16 -5.176 -13.721 19.319 -7.654 -24.030 18.478 -5.176 -24.030 19.319 0.417201 0.099026 0.434217 0.166087 0.417200 0.166086
3 16 -5.176 -13.721 19.319 -7.654 -11.241 18.478 -7.654 -24.030 18.478 0.417201 0.099026 0.434221 0.082895 0.434217 0.166087
3 16 -9.262 -8.067 17.661 -10.387 -5.255 17.089 -10.336 -8.067 17.120 0.445953 0.062243 0.454178 0.043950 0.453787 0.062245
3 16 8.114 -5.256 -14.055 9.670 -16.599 -13.020 9.879 -5.256 -12.875 0.520367 0.177735 0.508260 0.251525 0.506559 0.177752
3 16 8.114 -5.256 -14.055 8.114 -16.557 -14.055 9.670 -16.599 -13.020 0.520367 0.177735 0.520409 0.251247 0.508260 0.251525
3 16 9.670 -16.599 -13.020 11.475 -5.256 -11.475 9.879 -5.256 -12.875 0.508260 0.251525 0.492750 0.177767 0.506559 0.177752
3 16 9.670 -16.599 -13.020 11.475 -16.652 -11.475 11.475 -5.256 -11.475 0.508260 0.251525 0.492793 0.251875 0.492750 0.177767
3 16 12.088 -5.256 -15.921 9.510 -5.256 -16.181 10.629 -5.256 -14.479 0.663532 0.955248 0.676584 0.965914 0.663611 0.968592
3 16 12.088 -5.256 -15.921 10.387 -5.255 -17.089 9.510 -5.256 -16.181 0.663532 0.955248 0.676729 0.957700 0.676584 0.965914
3 16 12.088 -5.256 -15.921 12.746 -5.256 -12.746 14.142 -5.256 -14.142 0.663532 0.955248 0.645900 0.966824 0.645900 0.953983
3 16 12.088 -5.256 -15.921 10.629 -5.256 -14.479 12.746 -5.256 -12.746 0.663532 0.955248 0.663611 0.968592 0.645900 0.966824
3 16 8.114 -5.256 -14.055 9.879 -5.256 -12.875 10.629 -5.256 -14.479 0.673223 0.982112 0.659679 0.979418 0.663611 0.968592
3 16 12.746 -5.256 -12.746 9.879 -5.256 -12.875 11.475 -5.256 -11.475 0.645900 0.966824 0.659679 0.979418 0.645900 0.978515
3 16 12.746 -5.256 -12.746 10.629 -5.256 -14.479 9.879 -5.256 -12.875 0.645900 0.966824 0.663611 0.968592 0.659679 0.979418
3 16 7.829 -5.256 -15.574 6.288 -5.256 -15.018 8.114 -5.256 -14.055 0.681526 0.976439 0.686052 0.986080 0.673223 0.982112
3 16 6.288 -5.256 -15.018 8.114 -16.557 -14.055 8.114 -5.256 -14.055 0.533791 0.177688 0.520409 0.251247 0.520367 0.177735
3 16 6.288 -5.256 -15.018 6.269 -16.557 -15.016 8.114 -16.557 -14.055 0.533791 0.177688 0.533945 0.251243 0.520409 0.251247
3 16 6.591 -25.554 -10.083 8.308 -20.250 -8.309 8.313 -25.554 -8.313 0.954533 0.543854 0.970597 0.509353 0.970597 0.543853
3 16 6.591 -25.554 -10.083 6.529 -20.250 -10.076 8.308 -20.250 -8.309 0.954533 0.543854 0.954279 0.509353 0.970597 0.509353
3 16 9.602 -20.250 -13.067 8.114 -20.250 -14.055 6.529 -20.250 -10.076 0.833156 0.009766 0.844543 0.012067 0.833538 0.037659
3 16 4.200 -20.250 -15.676 6.529 -20.250 -10.076 6.262 -20.250 -15.015 0.870004 0.022613 0.833538 0.037659 0.857480 0.016170
3 16 6.529 -20.250 -10.076 4.200 -20.250 -15.676 0.821 -20.250 -16.218 0.833538 0.037659 0.870004 0.022613 0.888039 0.035662
3 16 6.262 -20.250 -15.015 6.529 -20.250 -10.076 8.114 -20.250 -14.055 0.857480 0.016170 0.833538 0.037659 0.844543 0.012067
3 16 9.602 -25.554 -13.067 8.313 -25.554 -8.313 11.476 -25.554 -11.476 0.213956 0.132181 0.229892 0.104386 0.229892 0.133478
3 16 9.602 -25.554 -13.067 6.591 -25.554 -10.083 8.313 -25.554 -8.313 0.213956 0.132181 0.213830 0.104607 0.229892 0.104386
3 16 6.591 -25.554 -10.083 9.602 -20.250 -13.067 6.529 -20.250 -10.076 0.199927 0.743990 0.172350 0.709489 0.200249 0.709489
3 16 6.591 -25.554 -10.083 9.602 -25.554 -13.067 9.602 -20.250 -13.067 0.199927 0.743990 0.172350 0.743991 0.172350 0.709489
3 16 9.602 -25.554 -13.067 11.475 -20.618 -11.475 9.602 -20.250 -13.067 0.508798 0.309773 0.492796 0.277666 0.508795 0.275271
3 16 9.602 -25.554 -13.067 11.476 -25.554 -11.476 11.475 -20.618 -11.475 0.508798 0.309773 0.492798 0.309772 0.492796 0.277666
3 16 3.112 -20.250 -7.514 5.751 -20.250 -5.751 6.529 -20.250 -10.076 0.837465 0.065162 0.817220 0.061135 0.833538 0.037659
3 16 0.821 -20.250 -8.141 0.821 -16.280 -16.228 0.821 -11.903 -8.133 0.191102 0.969859 0.138498 0.944036 0.191155 0.915564
3 16 0.821 -20.250 -8.141 0.821 -20.250 -16.218 0.821 -16.280 -16.228 0.191102 0.969859 0.138561 0.969859 0.138498 0.944036
3 16 6.529 -20.250 -10.076 0.821 -20.250 -8.141 3.112 -20.250 -7.514 0.833538 0.037659 0.850887 0.072814 0.837465 0.065162
3 16 6.529 -20.250 -10.076 0.821 -20.250 -16.218 0.821 -20.250 -8.141 0.833538 0.037659 0.888039 0.035662 0.850887 0.072814
3 16 12.087 -8.067 -15.922 14.142 -5.256 -14.142 14.142 -8.067 -14.142 0.463296 0.334586 0.480986 0.316308 0.480980 0.334591
3 16 12.087 -8.067 -15.922 12.088 -5.256 -15.921 14.142 -5.256 -14.142 0.463296 0.334586 0.463309 0.316301 0.480986 0.316308
3 16 10.387 -5.255 -17.089 12.087 -8.067 -15.922 10.323 -8.067 -17.128 0.449887 0.316288 0.463296 0.334586 0.449394 0.334583
3 16 10.387 -5.255 -17.089 12.088 -5.256 -15.921 12.087 -8.067 -15.922 0.449887 0.316288 0.463309 0.316301 0.463296 0.334586
3 16 8.966 -8.067 -17.811 10.387 -5.255 -17.089 10.323 -8.067 -17.128 0.439505 0.334581 0.449887 0.316288 0.449394 0.334583
3 16 5.176 -13.721 -19.319 7.654 -24.030 -18.478 5.176 -24.030 -19.319 0.412911 0.371364 0.429927 0.438424 0.412910 0.438424
3 16 5.176 -13.721 -19.319 7.654 -11.241 -18.478 7.654 -24.030 -18.478 0.412911 0.371364 0.429931 0.355232 0.429927 0.438424
3 16 2.611 -15.029 -19.829 5.176 -24.030 -19.319 2.611 -24.030 -19.829 0.395894 0.379868 0.412910 0.438424 0.395893 0.438423
3 16 2.611 -15.029 -19.829 5.176 -13.721 -19.319 5.176 -24.030 -19.319 0.395894 0.379868 0.412911 0.371364 0.412910 0.438424
3 16 0.000 -15.396 -20.000 2.611 -24.030 -19.829 0.000 -24.030 -20.000 0.378876 0.382256 0.395893 0.438423 0.378876 0.438423
3 16 0.000 -15.396 -20.000 2.611 -15.029 -19.829 2.611 -24.030 -19.829 0.378876 0.382256 0.395894 0.379868 0.395893 0.438423
3 16 3.112 -9.685 -7.514 5.751 -20.250 -5.751 3.112 -20.250 -7.514 0.855184 0.789547 0.876043 0.858242 0.855284 0.858275
3 16 3.112 -9.685 -7.514 5.751 -9.685 -5.751 5.751 -20.250 -5.751 0.855184 0.789547 0.875946 0.789529 0.876043 0.858242
3 16 3.112 -20.250 -7.514 0.821 -11.903 -8.133 3.112 -9.685 -7.514 0.855284 0.858275 0.839728 0.804008 0.855184 0.789547
3 16 3.112 -20.250 -7.514 0.821 -20.250 -8.141 0.821 -11.903 -8.133 0.855284 0.858275 0.839808 0.858302 0.839728 0.804008
3 16 -9.674 -16.379 -13.017 -8.114 -5.256 -14.055 -9.879 -5.256 -12.875 0.643117 0.250090 0.630976 0.177735 0.644784 0.177752
3 16 -9.674 -16.379 -13.017 -8.114 -16.379 -14.055 -8.114 -5.256 -14.055 0.643117 0.250090 0.630935 0.250086 0.630976 0.177735
3 16 -11.475 -16.379 -11.475 -9.879 -5.256 -12.875 -11.475 -5.256 -11.475 0.658551 0.250096 0.644784 0.177752 0.658594 0.177767
3 16 -11.475 -16.379 -11.475 -9.674 -16.379 -13.017 -9.879 -5.256 -12.875 0.658551 0.250096 0.643117 0.250090 0.644784 0.177752
3 16 -9.510 -5.256 -16.181 -12.088 -5.256 -15.921 -10.629 -5.256 -14.479 0.647161 0.639790 0.660212 0.629125 0.660133 0.642469
3 16 -9.510 -5.256 -16.181 -10.387 -5.255 -17.089 -12.088 -5.256 -15.921 0.647161 0.639790 0.647016 0.631576 0.660212 0.629125
3 16 -12.088 -5.256 -15.921 -12.746 -5.256 -12.746 -10.629 -5.256 -14.479 0.660212 0.629125 0.677845 0.640701 0.660133 0.642469
3 16 -12.088 -5.256 -15.921 -14.142 -5.256 -14.142 -12.746 -5.256 -12.746 0.660212 0.629125 0.677845 0.627859 0.677845 0.640701
3 16 -9.879 -5.256 -12.875 -8.114 -5.256 -14.055 -10.629 -5.256 -14.479 0.664065 0.653295 0.650522 0.655989 0.660133 0.642469
3 16 -9.879 -5.256 -12.875 -12.746 -5.256 -12.746 -11.475 -5.256 -11.475 0.664065 0.653295 0.677845 0.640701 0.677845 0.652392
3 16 -9.879 -5.256 -12.875 -10.629 -5.256 -14.479 -12.746 -5.256 -12.746 0.664065 0.653295 0.660133 0.642469 0.677845 0.640701
3 16 -8.763 -5.256 -15.911 -9.510 -5.256 -16.181 -10.629 -5.256 -14.479 0.644965 0.644468 0.647161 0.639790 0.660133 0.642469
3 16 -8.114 -16.379 -14.055 -6.289 -5.256 -15.018 -8.114 -5.256 -14.055 0.630935 0.250086 0.617552 0.177688 0.630976 0.177735
3 16 -8.114 -16.379 -14.055 -6.269 -16.376 -15.016 -6.289 -5.256 -15.018 0.630935 0.250086 0.617401 0.250062 0.617552 0.177688
3 16 -6.591 -25.554 -10.083 -8.309 -20.250 -8.309 -6.529 -20.250 -10.076 0.346337 0.484597 0.330273 0.450097 0.346591 0.450096
3 16 -6.591 -25.554 -10.083 -8.313 -25.554 -8.313 -8.309 -20.250 -8.309 0.346337 0.484597 0.330273 0.484597 0.330273 0.450097
3 16 -8.114 -20.250 -14.055 -9.602 -20.250 -13.067 -6.529 -20.250 -10.076 0.132409 0.802455 0.143796 0.800154 0.143414 0.828047
3 16 -6.529 -20.250 -10.076 -4.200 -20.250 -15.676 -6.262 -20.250 -15.015 0.143414 0.828047 0.106948 0.813002 0.119471 0.806558
3 16 -4.200 -20.250 -15.676 -6.529 -20.250 -10.076 -0.821 -20.250 -16.218 0.106948 0.813002 0.143414 0.828047 0.088912 0.826051
3 16 0.000 -16.280 -16.228 -0.821 -11.903 -8.133 0.000 -11.903 -8.133 0.982984 0.433938 0.977641 0.374075 0.982984 0.374075
3 16 0.000 -16.280 -16.228 -0.821 -16.280 -16.228 -0.821 -11.903 -8.133 0.982984 0.433938 0.977641 0.433938 0.977641 0.374075
3 16 -6.529 -20.250 -10.076 -6.262 -20.250 -15.015 -8.114 -20.250 -14.055 0.143414 0.828047 0.119471 0.806558 0.132409 0.802455
3 16 -9.602 -25.554 -13.067 -8.313 -25.554 -8.313 -6.591 -25.554 -10.083 0.591975 0.314737 0.576039 0.286942 0.592101 0.287163
3 16 -9.602 -25.554 -13.067 -11.476 -25.554 -11.476 -8.313 -25.554 -8.313 0.591975 0.314737 0.576039 0.316034 0.576039 0.286942
3 16 -6.591 -25.554 -10.083 -9.602 -20.250 -13.067 -9.602 -25.554 -13.067 0.676634 0.578598 0.704212 0.544097 0.704211 0.578599
3 16 -6.591 -25.554 -10.083 -6.529 -20.250 -10.076 -9.602 -20.250 -13.067 0.676634 0.578598 0.676312 0.544097 0.704212 0.544097
3 16 -11.475 -20.618 -11.475 -9.602 -25.554 -13.067 -9.602 -20.250 -13.067 0.658548 0.277666 0.642546 0.309773 0.642548 0.275271
3 16 -11.475 -20.618 -11.475 -11.476 -25.554 -11.476 -9.602 -25.554 -13.067 0.658548 0.277666 0.658545 0.309772 0.642546 0.309773
3 16 -5.751 -20.250 -5.751 -3.112 -20.250 -7.514 -6.529 -20.250 -10.076 0.159732 0.851523 0.139487 0.855550 0.143414 0.828047
3 16 -5.751 -20.250 -5.751 -3.112 -9.685 -7.514 -3.112 -20.250 -7.514 0.792746 0.858242 0.813605 0.789547 0.813505 0.858275
3 16 -5.751 -20.250 -5.751 -5.751 -9.685 -5.751 -3.112 -9.685 -7.514 0.792746 0.858242 0.792843 0.789529 0.813605 0.789547
3 16 -3.112 -20.250 -7.514 -0.821 -11.903 -8.133 -0.821 -20.250 -8.141 0.813505 0.858275 0.829061 0.804008 0.828981 0.858302
3 16 -3.112 -20.250 -7.514 -3.112 -9.685 -7.514 -0.821 -11.903 -8.133 0.813505 0.858275 0.813605 0.789547 0.829061 0.804008
3 16 -0.821 -16.280 -16.228 -0.821 -20.250 -8.141 -0.821 -11.903 -8.133 0.062423 0.825502 0.009819 0.851326 0.009766 0.797030
3 16 -0.821 -16.280 -16.228 -0.821 -20.250 -16.218 -0.821 -20.250 -8.141 0.062423 0.825502 0.062360 0.851326 0.009819 0.851326
3 16 -0.821 -20.250 -8.141 -6.529 -20.250 -10.076 -3.112 -20.250 -7.514 0.126064 0.863202 0.143414 0.828047 0.139487 0.855550
3 16 -0.821 -20.250 -8.141 -0.821 -20.250 -16.218 -6.529 -20.250 -10.076 0.126064 0.863202 0.088912 0.826051 0.143414 0.828047
3 16 -0.821 -11.903 -8.133 0.000 -10.061 -8.133 0.000 -11.903 -8.133 0.829061 0.804008 0.834394 0.792009 0.834395 0.803994
3 16 -0.821 -11.903 -8.133 -3.112 -9.685 -7.514 0.000 -10.061 -8.133 0.829061 0.804008 0.813605 0.789547 0.834394 0.792009
3 16 -14.055 -5.256 -8.114 -13.017 -16.326 -9.675 -12.875 -5.256 -9.879 0.487946 0.593826 0.475798 0.665837 0.474138 0.593843
3 16 -14.055 -5.256 -8.114 -14.055 -16.284 -8.114 -13.017 -16.326 -9.675 0.487946 0.593826 0.487988 0.665558 0.475798 0.665837
3 16 -13.017 -16.326 -9.675 -11.475 -5.256 -11.475 -12.875 -5.256 -9.879 0.475798 0.665837 0.460328 0.593858 0.474138 0.593843
3 16 -13.017 -16.326 -9.675 -11.475 -16.379 -11.475 -11.475 -5.256 -11.475 0.475798 0.665837 0.460372 0.666187 0.460328 0.593858
3 16 -15.921 -5.256 -12.088 -16.181 -5.256 -9.510 -14.479 -5.256 -10.629 0.695477 0.629125 0.708529 0.639790 0.695556 0.642468
3 16 -15.921 -5.256 -12.088 -17.089 -5.255 -10.387 -16.181 -5.256 -9.510 0.695477 0.629125 0.708673 0.631576 0.708529 0.639790
3 16 -15.921 -5.256 -12.088 -12.746 -5.256 -12.746 -14.142 -5.256 -14.142 0.695477 0.629125 0.677845 0.640701 0.677845 0.627859
3 16 -15.921 -5.256 -12.088 -14.479 -5.256 -10.629 -12.746 -5.256 -12.746 0.695477 0.629125 0.695556 0.642468 0.677845 0.640701
3 16 -14.055 -5.256 -8.114 -12.875 -5.256 -9.879 -14.479 -5.256 -10.629 0.705168 0.655989 0.691624 0.653295 0.695556 0.642468
3 16 -12.746 -5.256 -12.746 -12.875 -5.256 -9.879 -11.475 -5.256 -11.475 0.677845 0.640701 0.691624 0.653295 0.677845 0.652392
3 16 -12.746 -5.256 -12.746 -14.479 -5.256 -10.629 -12.875 -5.256 -9.879 0.677845 0.640701 0.695556 0.642468 0.691624 0.653295
3 16 -15.622 -5.256 -7.962 -15.018 -5.256 -6.289 -14.055 -5.256 -8.114 0.713079 0.649483 0.717997 0.659957 0.705168 0.655989
3 16 -15.018 -5.256 -6.289 -14.055 -16.284 -8.114 -14.055 -5.256 -8.114 0.501370 0.593779 0.487988 0.665558 0.487946 0.593826
3 16 -15.018 -5.256 -6.289 -15.016 -16.284 -6.269 -14.055 -16.284 -8.114 0.501370 0.593779 0.501520 0.665554 0.487988 0.665558
3 16 -10.083 -25.554 -6.591 -8.309 -20.250 -8.309 -8.313 -25.554 -8.313 0.314209 0.484597 0.330273 0.450097 0.330273 0.484597
3 16 -10.083 -25.554 -6.591 -10.076 -20.250 -6.529 -8.309 -20.250 -8.309 0.314209 0.484597 0.313955 0.450096 0.330273 0.450097
3 16 -13.067 -20.250 -9.602 -14.055 -20.250 -8.114 -10.076 -20.250 -6.529 0.175668 0.800154 0.187055 0.802455 0.176050 0.828047
3 16 -15.676 -20.250 -4.200 -10.076 -20.250 -6.529 -15.015 -20.250 -6.262 0.212516 0.813002 0.176050 0.828047 0.199992 0.806558
3 16 -10.076 -20.250 -6.529 -15.676 -20.250 -4.200 -16.218 -20.250 -0.821 0.176050 0.828047 0.212516 0.813002 0.230551 0.826050
3 16 -15.015 -20.250 -6.262 -10.076 -20.250 -6.529 -14.055 -20.250 -8.114 0.199992 0.806558 0.176050 0.828047 0.187055 0.802455
3 16 -13.067 -25.554 -9.602 -8.313 -25.554 -8.313 -11.476 -25.554 -11.476 0.560103 0.314737 0.576039 0.286942 0.576039 0.316034
3 16 -13.067 -25.554 -9.602 -10.083 -25.554 -6.591 -8.313 -25.554 -8.313 0.560103 0.314737 0.559977 0.287163 0.576039 0.286942
3 16 -10.083 -25.554 -6.591 -13.067 -20.250 -9.602 -10.076 -20.250 -6.529 0.062613 0.172122 0.035035 0.137621 0.062935 0.137622
3 16 -10.083 -25.554 -6.591 -13.067 -25.554 -9.602 -13.067 -20.250 -9.602 0.062613 0.172122 0.035036 0.172123 0.035035 0.137621
3 16 -13.067 -25.554 -9.602 -11.475 -20.618 -11.475 -13.067 -20.250 -9.602 0.476377 0.725864 0.460375 0.693757 0.476374 0.691362
3 16 -13.067 -25.554 -9.602 -11.476 -25.554 -11.476 -11.475 -20.618 -11.475 0.476377 0.725864 0.460377 0.725863 0.460375 0.693757
3 16 -7.514 -20.250 -3.112 -5.751 -20.250 -5.751 -10.076 -20.250 -6.529 0.179977 0.855550 0.159732 0.851523 0.176050 0.828047
3 16 -8.141 -20.250 -0.821 -16.228 -16.280 -0.821 -8.133 -11.903 -0.821 0.987334 0.638909 0.934730 0.613085 0.987388 0.584613
3 16 -8.141 -20.250 -0.821 -16.218 -20.250 -0.821 -16.228 -16.280 -0.821 0.987334 0.638909 0.934794 0.638909 0.934730 0.613085
3 16 -10.076 -20.250 -6.529 -8.141 -20.250 -0.821 -7.514 -20.250 -3.112 0.176050 0.828047 0.193399 0.863202 0.179977 0.855550
3 16 -10.076 -20.250 -6.529 -16.218 -20.250 -0.821 -8.141 -20.250 -0.821 0.176050 0.828047 0.230551 0.826050 0.193399 0.863202
3 16 -7.514 -9.685 -3.112 -5.751 -20.250 -5.751 -7.514 -20.250 -3.112 0.834584 0.212084 0.855444 0.280778 0.834685 0.280811
3 16 -7.514 -9.685 -3.112 -5.751 -9.685 -5.751 -5.751 -20.250 -5.751 0.834584 0.212084 0.855346 0.212065 0.855444 0.280778
3 16 -7.514 -20.250 -3.112 -8.133 -11.903 -0.821 -7.514 -9.685 -3.112 0.834685 0.280811 0.819128 0.226544 0.834584 0.212084
3 16 -7.514 -20.250 -3.112 -8.141 -20.250 -0.821 -8.133 -11.903 -0.821 0.834685 0.280811 0.819208 0.280838 0.819128 0.226544
3 16 -13.021 -16.652 9.669 -14.055 -5.256 8.114 -12.875 -5.256 9.879 0.610655 0.667961 0.598555 0.593826 0.612363 0.593843
3 16 -13.021 -16.652 9.669 -14.055 -16.610 8.114 -14.055 -5.256 8.114 0.610655 0.667961 0.598513 0.667684 0.598555 0.593826
3 16 -11.475 -16.652 11.475 -12.875 -5.256 9.879 -11.475 -5.256 11.475 0.626129 0.667966 0.612363 0.593843 0.626172 0.593858
3 16 -11.475 -16.652 11.475 -13.021 -16.652 9.669 -12.875 -5.256 9.879 0.626129 0.667966 0.610655 0.667961 0.612363 0.593843
3 16 -16.181 -5.256 9.510 -15.921 -5.256 12.088 -14.479 -5.256 10.629 0.564677 0.836876 0.577728 0.826211 0.577649 0.839554
3 16 -16.181 -5.256 9.510 -17.089 -5.255 10.387 -15.921 -5.256 12.088 0.564677 0.836876 0.564532 0.828662 0.577728 0.826211
3 16 -15.921 -5.256 12.088 -12.746 -5.256 12.746 -14.479 -5.256 10.629 0.577728 0.826211 0.595361 0.837787 0.577649 0.839554
3 16 -15.921 -5.256 12.088 -14.142 -5.256 14.142 -12.746 -5.256 12.746 0.577728 0.826211 0.595361 0.824946 0.595361 0.837787
3 16 -12.875 -5.256 9.879 -14.055 -5.256 8.114 -14.479 -5.256 10.629 0.581581 0.850381 0.568038 0.853075 0.577649 0.839554
3 16 -12.875 -5.256 9.879 -12.746 -5.256 12.746 -11.475 -5.256 11.475 0.581581 0.850381 0.595361 0.837787 0.595361 0.849478
3 16 -12.875 -5.256 9.879 -14.479 -5.256 10.629 -12.746 -5.256 12.746 0.581581 0.850381 0.577649 0.839554 0.595361 0.837787
3 16 -15.957 -5.256 8.889 -16.181 -5.256 9.510 -14.479 -5.256 10.629 0.562853 0.840762 0.564677 0.836876 0.577649 0.839554
3 16 -14.055 -16.610 8.114 -15.018 -5.256 6.288 -14.055 -5.256 8.114 0.598513 0.667684 0.585131 0.593779 0.598555 0.593826
3 16 -14.055 -16.610 8.114 -15.016 -16.607 6.269 -15.018 -5.256 6.288 0.598513 0.667684 0.584977 0.667660 0.585131 0.593779
3 16 -10.083 -25.554 6.591 -8.309 -20.250 8.308 -10.076 -20.250 6.529 0.131306 0.488235 0.115243 0.453734 0.131561 0.453734
3 16 -10.083 -25.554 6.591 -8.313 -25.554 8.313 -8.309 -20.250 8.308 0.131306 0.488235 0.115243 0.488234 0.115243 0.453734
3 16 -14.055 -20.250 8.114 -13.067 -20.250 9.602 -10.076 -20.250 6.529 0.448994 0.810225 0.460381 0.807924 0.460000 0.835817
3 16 -10.076 -20.250 6.529 -15.676 -20.250 4.200 -15.015 -20.250 6.262 0.460000 0.835817 0.423533 0.820771 0.436057 0.814328
3 16 -15.676 -20.250 4.200 -10.076 -20.250 6.529 -16.218 -20.250 0.821 0.423533 0.820771 0.460000 0.835817 0.405498 0.833820
3 16 -16.228 -16.280 0.000 -8.133 -11.903 0.821 -8.133 -11.903 0.000 0.984891 0.918163 0.979548 0.858301 0.984891 0.858301
3 16 -16.228 -16.280 0.000 -16.228 -16.280 0.821 -8.133 -11.903 0.821 0.984891 0.918163 0.979548 0.918163 0.979548 0.858301
3 16 -10.076 -20.250 6.529 -15.015 -20.250 6.262 -14.055 -20.250 8.114 0.460000 0.835817 0.436057 0.814328 0.448994 0.810225
3 16 -13.067 -25.554 9.602 -8.313 -25.554 8.313 -10.083 -25.554 6.591 0.137598 0.059469 0.121662 0.031675 0.137724 0.031895
3 16 -13.067 -25.554 9.602 -11.476 -25.554 11.476 -8.313 -25.554 8.313 0.137598 0.059469 0.121662 0.060767 0.121662 0.031675
3 16 -10.083 -25.554 6.591 -13.067 -20.250 9.602 -13.067 -25.554 9.602 0.956508 0.480118 0.984085 0.445617 0.984084 0.480119
3 16 -10.083 -25.554 6.591 -10.076 -20.250 6.529 -13.067 -20.250 9.602 0.956508 0.480118 0.956186 0.445617 0.984085 0.445617
3 16 -11.475 -20.618 11.475 -13.067 -25.554 9.602 -13.067 -20.250 9.602 0.626126 0.693757 0.610124 0.725864 0.610127 0.691362
3 16 -11.475 -20.618 11.475 -11.476 -25.554 11.476 -13.067 -25.554 9.602 0.626126 0.693757 0.626124 0.725863 0.610124 0.725864
3 16 -5.751 -20.250 5.751 -7.514 -20.250 3.112 -10.076 -20.250 6.529 0.476318 0.859293 0.456072 0.863320 0.460000 0.835817
3 16 -5.751 -20.250 5.751 -7.514 -9.685 3.112 -7.514 -20.250 3.112 0.772146 0.280778 0.793005 0.212084 0.792905 0.280811
3 16 -5.751 -20.250 5.751 -5.751 -9.685 5.751 -7.514 -9.685 3.112 0.772146 0.280778 0.772244 0.212065 0.793005 0.212084
3 16 -7.514 -20.250 3.112 -8.133 -11.903 0.821 -8.141 -20.250 0.821 0.792905 0.280811 0.808462 0.226544 0.808382 0.280838
3 16 -7.514 -20.250 3.112 -7.514 -9.685 3.112 -8.133 -11.903 0.821 0.792905 0.280811 0.793005 0.212084 0.808462 0.226544
3 16 -16.228 -16.280 0.821 -8.141 -20.250 0.821 -8.133 -11.903 0.821 0.062423 0.944282 0.009819 0.970105 0.009766 0.915810
3 16 -16.228 -16.280 0.821 -16.218 -20.250 0.821 -8.141 -20.250 0.821 0.062423 0.944282 0.062360 0.970105 0.009819 0.970105
3 16 -8.141 -20.250 0.821 -10.076 -20.250 6.529 -7.514 -20.250 3.112 0.442650 0.870972 0.460000 0.835817 0.456072 0.863320
3 16 -8.141 -20.250 0.821 -16.218 -20.250 0.821 -10.076 -20.250 6.529 0.442650 0.870972 0.405498 0.833820 0.460000 0.835817
3 16 -8.133 -11.903 0.821 -8.133 -10.061 0.000 -8.133 -11.903 0.000 0.808462 0.226544 0.813795 0.214545 0.813795 0.226531
3 16 -8.133 -11.903 0.821 -7.514 -9.685 3.112 -8.133 -10.061 0.000 0.808462 0.226544 0.793005 0.212084 0.813795 0.214545
3 16 -8.114 -5.256 14.055 -9.670 -16.599 13.020 -9.879 -5.256 12.875 0.239541 0.652307 0.227433 0.726097 0.225732 0.652324
3 16 -8.114 -5.256 14.055 -8.114 -16.557 14.055 -9.670 -16.599 13.020 0.239541 0.652307 0.239582 0.725819 0.227433 0.726097
3 16 -9.670 -16.599 13.020 -11.475 -5.256 11.475 -9.879 -5.256 12.875 0.227433 0.726097 0.211923 0.652339 0.225732 0.652324
3 16 -9.670 -16.599 13.020 -11.475 -16.652 11.475 -11.475 -5.256 11.475 0.227433 0.726097 0.211966 0.726448 0.211923 0.652339
3 16 -12.088 -5.256 15.921 -9.510 -5.256 16.181 -10.629 -5.256 14.479 0.612993 0.826211 0.626045 0.836876 0.613072 0.839554
3 16 -12.088 -5.256 15.921 -10.387 -5.255 17.089 -9.510 -5.256 16.181 0.612993 0.826211 0.626189 0.828662 0.626045 0.836876
3 16 -12.088 -5.256 15.921 -12.746 -5.256 12.746 -14.142 -5.256 14.142 0.612993 0.826211 0.595361 0.837787 0.595361 0.824946
3 16 -12.088 -5.256 15.921 -10.629 -5.256 14.479 -12.746 -5.256 12.746 0.612993 0.826211 0.613072 0.839554 0.595361 0.837787
3 16 -8.114 -5.256 14.055 -9.879 -5.256 12.875 -10.629 -5.256 14.479 0.622684 0.853075 0.609140 0.850381 0.613072 0.839554
3 16 -12.746 -5.256 12.746 -9.879 -5.256 12.875 -11.475 -5.256 11.475 0.595361 0.837787 0.609140 0.850381 0.595361 0.849478
3 16 -12.746 -5.256 12.746 -10.629 -5.256 14.479 -9.879 -5.256 12.875 0.595361 0.837787 0.613072 0.839554 0.609140 0.850381
3 16 -7.745 -5.256 15.544 -6.289 -5.256 15.018 -8.114 -5.256 14.055 0.631232 0.847925 0.635513 0.857043 0.622684 0.853075
3 16 -6.289 -5.256 15.018 -8.114 -16.557 14.055 -8.114 -5.256 14.055 0.252965 0.652260 0.239582 0.725819 0.239541 0.652307
3 16 -6.289 -5.256 15.018 -6.269 -16.557 15.016 -8.114 -16.557 14.055 0.252965 0.652260 0.253118 0.725815 0.239582 0.725819
3 16 -6.591 -25.554 10.083 -8.309 -20.250 8.308 -8.313 -25.554 8.313 0.099179 0.488235 0.115243 0.453734 0.115243 0.488234
3 16 -6.591 -25.554 10.083 -6.529 -20.250 10.076 -8.309 -20.250 8.308 0.099179 0.488235 0.098925 0.453734 0.115243 0.453734
3 16 -9.602 -20.250 13.067 -8.114 -20.250 14.055 -6.529 -20.250 10.076 0.492254 0.807924 0.503641 0.810225 0.492636 0.835817
3 16 -4.200 -20.250 15.676 -6.529 -20.250 10.076 -6.262 -20.250 15.015 0.529102 0.820771 0.492636 0.835817 0.516578 0.814328
3 16 -6.529 -20.250 10.076 -4.200 -20.250 15.676 -0.821 -20.250 16.218 0.492636 0.835817 0.529102 0.820771 0.547137 0.833820
3 16 -6.262 -20.250 15.015 -6.529 -20.250 10.076 -8.114 -20.250 14.055 0.516578 0.814328 0.492636 0.835817 0.503641 0.810225
3 16 -9.602 -25.554 13.067 -8.313 -25.554 8.313 -11.476 -25.554 11.476 0.105726 0.059469 0.121662 0.031675 0.121662 0.060767
3 16 -9.602 -25.554 13.067 -6.591 -25.554 10.083 -8.313 -25.554 8.313 0.105726 0.059469 0.105600 0.031896 0.121662 0.031675
3 16 -6.591 -25.554 10.083 -9.602 -20.250 13.067 -6.529 -20.250 10.076 0.983763 0.135703 0.956186 0.101202 0.984085 0.101202
3 16 -6.591 -25.554 10.083 -9.602 -25.554 13.067 -9.602 -20.250 13.067 0.983763 0.135703 0.956186 0.135704 0.956186 0.101202
3 16 -9.602 -25.554 13.067 -11.475 -20.618 11.475 -9.602 -20.250 13.067 0.227971 0.784346 0.211969 0.752238 0.227968 0.749843
3 16 -9.602 -25.554 13.067 -11.476 -25.554 11.476 -11.475 -20.618 11.475 0.227971 0.784346 0.211971 0.784345 0.211969 0.752238
3 16 -3.112 -20.250 7.514 -5.751 -20.250 5.751 -6.529 -20.250 10.076 0.496563 0.863320 0.476318 0.859293 0.492636 0.835817
3 16 -0.821 -20.250 8.141 -0.821 -16.280 16.228 -0.821 -11.903 8.133 0.347011 0.898039 0.294407 0.872216 0.347064 0.843744
3 16 -0.821 -20.250 8.141 -0.821 -20.250 16.218 -0.821 -16.280 16.228 0.347011 0.898039 0.294470 0.898039 0.294407 0.872216
3 16 -6.529 -20.250 10.076 -0.821 -20.250 8.141 -3.112 -20.250 7.514 0.492636 0.835817 0.509985 0.870972 0.496563 0.863320
3 16 -6.529 -20.250 10.076 -0.821 -20.250 16.218 -0.821 -20.250 8.141 0.492636 0.835817 0.547137 0.833820 0.509985 0.870972
3 16 -3.112 -9.685 7.514 -5.751 -20.250 5.751 -3.112 -20.250 7.514 0.815990 0.649277 0.836849 0.717971 0.816090 0.718004
3 16 -3.112 -9.685 7.514 -5.751 -9.685 5.751 -5.751 -20.250 5.751 0.815990 0.649277 0.836752 0.649258 0.836849 0.717971
3 16 -3.112 -20.250 7.514 -0.821 -11.903 8.133 -3.112 -9.685 7.514 0.816090 0.718004 0.800534 0.663737 0.815990 0.649277
3 16 -3.112 -20.250 7.514 -0.821 -20.250 8.141 -0.821 -11.903 8.133 0.816090 0.718004 0.800614 0.718031 0.800534 0.663737
3 16 9.674 -16.379 13.017 8.114 -5.256 14.055 9.879 -5.256 12.875 0.362290 0.724662 0.350149 0.652307 0.363957 0.652324
3 16 9.674 -16.379 13.017 8.114 -16.379 14.055 8.114 -5.256 14.055 0.362290 0.724662 0.350108 0.724658 0.350149 0.652307
3 16 11.475 -16.379 11.475 9.879 -5.256 12.875 11.475 -5.256 11.475 0.377724 0.724668 0.363957 0.652324 0.377767 0.652339
3 16 11.475 -16.379 11.475 9.674 -16.379 13.017 9.879 -5.256 12.875 0.377724 0.724668 0.362290 0.724662 0.363957 0.652324
3 16 9.510 -5.256 16.181 12.088 -5.256 15.921 10.629 -5.256 14.479 0.523196 0.966137 0.536248 0.955471 0.536169 0.968815
3 16 9.510 -5.256 16.181 10.387 -5.255 17.089 12.088 -5.256 15.921 0.523196 0.966137 0.523052 0.957923 0.536248 0.955471
3 16 12.088 -5.256 15.921 12.746 -5.256 12.746 10.629 -5.256 14.479 0.536248 0.955471 0.553880 0.967048 0.536169 0.968815
3 16 12.088 -5.256 15.921 14.142 -5.256 14.142 12.746 -5.256 12.746 0.536248 0.955471 0.553880 0.954206 0.553880 0.967048
3 16 9.879 -5.256 12.875 8.114 -5.256 14.055 10.629 -5.256 14.479 0.540101 0.979641 0.526557 0.982335 0.536169 0.968815
3 16 9.879 -5.256 12.875 12.746 -5.256 12.746 11.475 -5.256 11.475 0.540101 0.979641 0.553880 0.967048 0.553880 0.978738
3 16 9.879 -5.256 12.875 10.629 -5.256 14.479 12.746 -5.256 12.746 0.540101 0.979641 0.536169 0.968815 0.553880 0.967048
3 16 8.895 -5.256 15.959 9.510 -5.256 16.181 10.629 -5.256 14.479 0.521389 0.969986 0.523196 0.966137 0.536169 0.968815
3 16 8.114 -16.379 14.055 6.288 -5.256 15.018 8.114 -5.256 14.055 0.350108 0.724658 0.336725 0.652260 0.350149 0.652307
3 16 8.114 -16.379 14.055 6.269 -16.376 15.016 6.288 -5.256 15.018 0.350108 0.724658 0.336574 0.724634 0.336725 0.652260
3 16 6.591 -25.554 10.083 8.308 -20.250 8.308 6.529 -20.250 10.076 0.981893 0.323298 0.965829 0.288797 0.982147 0.288796
3 16 6.591 -25.554 10.083 8.313 -25.554 8.313 8.308 -20.250 8.308 0.981893 0.323298 0.965829 0.323297 0.965829 0.288797
3 16 8.114 -20.250 14.055 9.602 -20.250 13.067 6.529 -20.250 10.076 0.806107 0.383018 0.817494 0.380716 0.817112 0.408609
3 16 6.529 -20.250 10.076 4.200 -20.250 15.676 6.262 -20.250 15.015 0.817112 0.408609 0.780646 0.393564 0.793170 0.387121
3 16 4.200 -20.250 15.676 6.529 -20.250 10.076 0.821 -20.250 16.218 0.780646 0.393564 0.817112 0.408609 0.762611 0.406613
3 16 0.000 -16.280 16.228 0.821 -11.903 8.133 0.000 -11.903 8.133 0.984891 0.989696 0.979548 0.929834 0.984891 0.929834
3 16 0.000 -16.280 16.228 0.821 -16.280 16.228 0.821 -11.903 8.133 0.984891 0.989696 0.979548 0.989696 0.979548 0.929834
3 16 6.529 -20.250 10.076 6.262 -20.250 15.015 8.114 -20.250 14.055 0.817112 0.408609 0.793170 0.387121 0.806107 0.383018
3 16 9.602 -25.554 13.067 8.313 -25.554 8.313 6.591 -25.554 10.083 0.421286 0.768621 0.405350 0.740827 0.421412 0.741047
3 16 9.602 -25.554 13.067 11.476 -25.554 11.476 8.313 -25.554 8.313 0.421286 0.768621 0.405350 0.769919 0.405350 0.740827
3 16 6.591 -25.554 10.083 9.602 -20.250 13.067 9.602 -25.554 13.067 0.143111 0.244949 0.170688 0.210448 0.170688 0.244950
3 16 6.591 -25.554 10.083 6.529 -20.250 10.076 9.602 -20.250 13.067 0.143111 0.244949 0.142789 0.210449 0.170688 0.210448
3 16 11.475 -20.618 11.475 9.602 -25.554 13.067 9.602 -20.250 13.067 0.377721 0.752238 0.361719 0.784346 0.361721 0.749843
3 16 11.475 -20.618 11.475 11.476 -25.554 11.476 9.602 -25.554 13.067 0.377721 0.752238 0.377719 0.784345 0.361719 0.784346
3 16 8.308 -20.250 8.308 5.751 -20.250 5.751 6.529 -20.250 10.076 0.833430 0.408555 0.833430 0.432086 0.817112 0.408609
3 16 5.751 -20.250 5.751 3.112 -9.685 7.514 3.112 -20.250 7.514 0.753552 0.717971 0.774411 0.649277 0.774311 0.718004
3 16 5.751 -20.250 5.751 5.751 -9.685 5.751 3.112 -9.685 7.514 0.753552 0.717971 0.753649 0.649258 0.774411 0.649277
3 16 3.112 -20.250 7.514 0.821 -11.903 8.133 0.821 -20.250 8.141 0.774311 0.718004 0.789867 0.663737 0.789787 0.718031
3 16 3.112 -20.250 7.514 3.112 -9.685 7.514 0.821 -11.903 8.133 0.774311 0.718004 0.774411 0.649277 0.789867 0.663737
3 16 0.821 -16.280 16.228 0.821 -20.250 8.141 0.821 -11.903 8.133 0.810977 0.538198 0.758373 0.564022 0.758320 0.509726
3 16 0.821 -16.280 16.228 0.821 -20.250 16.218 0.821 -20.250 8.141 0.810977 0.538198 0.810914 0.564022 0.758373 0.564022
3 16 0.821 -20.250 8.141 6.529 -20.250 10.076 3.112 -20.250 7.514 0.799762 0.443765 0.817112 0.408609 0.813185 0.436113
3 16 0.821 -20.250 8.141 0.821 -20.250 16.218 6.529 -20.250 10.076 0.799762 0.443765 0.762611 0.406613 0.817112 0.408609
3 16 14.142 -8.067 14.142 12.066 -24.015 15.890 14.142 -24.030 14.142 0.281063 0.062254 0.298855 0.165992 0.281073 0.166091
3 16 14.142 -8.067 14.142 12.087 -8.067 15.922 12.066 -24.015 15.890 0.281063 0.062254 0.298747 0.062249 0.298855 0.165992
3 16 10.322 -8.067 17.128 12.066 -24.015 15.890 12.087 -8.067 15.922 0.312658 0.062245 0.298855 0.165992 0.298747 0.062249
3 16 10.322 -8.067 17.128 10.000 -24.030 17.321 12.066 -24.015 15.890 0.312658 0.062245 0.315099 0.166088 0.298855 0.165992
3 16 9.002 -8.067 17.793 10.000 -24.030 17.321 10.322 -8.067 17.128 0.322278 0.062244 0.315099 0.166088 0.312658 0.062245
3 16 9.002 -8.067 17.793 7.654 -11.241 18.478 10.000 -24.030 17.321 0.322278 0.062244 0.332112 0.082895 0.315099 0.166088
3 16 5.176 -13.721 19.319 7.654 -24.030 18.478 7.654 -11.241 18.478 0.349132 0.099026 0.332116 0.166087 0.332112 0.082895
3 16 5.176 -13.721 19.319 5.176 -24.030 19.319 7.654 -24.030 18.478 0.349132 0.099026 0.349133 0.166086 0.332116 0.166087
3 16 2.611 -15.029 19.829 5.176 -24.030 19.319 5.176 -13.721 19.319 0.366149 0.107531 0.349133 0.166086 0.349132 0.099026
3 16 2.611 -15.029 19.829 2.611 -24.030 19.829 5.176 -24.030 19.319 0.366149 0.107531 0.366150 0.166086 0.349133 0.166086
3 16 0.000 -15.396 20.000 2.611 -24.030 19.829 2.611 -15.029 19.829 0.383167 0.109919 0.366150 0.166086 0.366149 0.107531
3 16 0.000 -15.396 20.000 0.000 -24.030 20.000 2.611 -24.030 19.829 0.383167 0.109919 0.383167 0.166086 0.366150 0.166086
3 16 0.821 -11.903 8.133 0.000 -10.061 8.133 0.000 -11.903 8.133 0.789867 0.663737 0.795200 0.651738 0.795200 0.663724
3 16 0.821 -11.903 8.133 3.112 -9.685 7.514 0.000 -10.061 8.133 0.789867 0.663737 0.774411 0.649277 0.795200 0.651738
3 16 14.055 -5.256 8.114 13.017 -16.326 9.675 12.875 -5.256 9.879 0.487946 0.450116 0.475798 0.522127 0.474138 0.450133
3 16 14.055 -5.256 8.114 14.055 -16.284 8.114 13.017 -16.326 9.675 0.487946 0.450116 0.487988 0.521849 0.475798 0.522127
3 16 13.017 -16.326 9.675 11.475 -5.256 11.475 12.875 -5.256 9.879 0.475798 0.522127 0.460328 0.450148 0.474138 0.450133
3 16 13.017 -16.326 9.675 11.475 -16.379 11.475 11.475 -5.256 11.475 0.475798 0.522127 0.460372 0.522477 0.460328 0.450148
3 16 15.921 -5.256 12.088 16.181 -5.256 9.510 14.479 -5.256 10.629 0.571513 0.955471 0.584564 0.966137 0.571591 0.968815
3 16 15.921 -5.256 12.088 17.089 -5.255 10.387 16.181 -5.256 9.510 0.571513 0.955471 0.584709 0.957923 0.584564 0.966137
3 16 15.921 -5.256 12.088 12.746 -5.256 12.746 14.142 -5.256 14.142 0.571513 0.955471 0.553880 0.967048 0.553880 0.954206
3 16 15.921 -5.256 12.088 14.479 -5.256 10.629 12.746 -5.256 12.746 0.571513 0.955471 0.571591 0.968815 0.553880 0.967048
3 16 14.055 -5.256 8.114 12.875 -5.256 9.879 14.479 -5.256 10.629 0.581203 0.982335 0.567660 0.979641 0.571591 0.968815
3 16 12.746 -5.256 12.746 12.875 -5.256 9.879 11.475 -5.256 11.475 0.553880 0.967048 0.567660 0.979641 0.553880 0.978738
3 16 12.746 -5.256 12.746 14.479 -5.256 10.629 12.875 -5.256 9.879 0.553880 0.967048 0.571591 0.968815 0.567660 0.979641
3 16 16.181 -5.256 9.510 16.012 -5.256 9.042 14.479 -5.256 10.629 0.584564 0.966137 0.585938 0.969064 0.571591 0.968815
3 16 15.018 -5.256 6.288 14.055 -16.284 8.114 14.055 -5.256 8.114 0.501370 0.450069 0.487988 0.521849 0.487946 0.450116
3 16 15.018 -5.256 6.288 15.016 -16.284 6.269 14.055 -16.284 8.114 0.501370 0.450069 0.501520 0.521844 0.487988 0.521849
3 16 10.083 -25.554 6.591 8.308 -20.250 8.308 8.313 -25.554 8.313 0.949765 0.323298 0.965829 0.288797 0.965829 0.323297
3 16 10.083 -25.554 6.591 10.076 -20.250 6.529 8.308 -20.250 8.308 0.949765 0.323298 0.949511 0.288796 0.965829 0.288797
3 16 13.067 -20.250 9.602 14.055 -20.250 8.114 10.076 -20.250 6.529 0.849366 0.380716 0.860753 0.383018 0.849748 0.408609
3 16 15.676 -20.250 4.200 10.076 -20.250 6.529 15.015 -20.250 6.262 0.886214 0.393564 0.849748 0.408609 0.873691 0.387121
3 16 10.076 -20.250 6.529 15.676 -20.250 4.200 16.218 -20.250 0.821 0.849748 0.408609 0.886214 0.393564 0.904250 0.406613
3 16 15.015 -20.250 6.262 10.076 -20.250 6.529 14.055 -20.250 8.114 0.873691 0.387121 0.849748 0.408609 0.860753 0.383018
3 16 13.067 -25.554 9.602 8.313 -25.554 8.313 11.476 -25.554 11.476 0.389413 0.768621 0.405350 0.740827 0.405350 0.769919
3 16 13.067 -25.554 9.602 10.083 -25.554 6.591 8.313 -25.554 8.313 0.389413 0.768621 0.389287 0.741047 0.405350 0.740827
3 16 10.083 -25.554 6.591 13.067 -20.250 9.602 10.076 -20.250 6.529 0.966599 0.731254 0.939021 0.696753 0.966921 0.696753
3 16 10.083 -25.554 6.591 13.067 -25.554 9.602 13.067 -20.250 9.602 0.966599 0.731254 0.939022 0.731255 0.939021 0.696753
3 16 13.067 -25.554 9.602 11.475 -20.618 11.475 13.067 -20.250 9.602 0.476377 0.582155 0.460375 0.550047 0.476374 0.547652
3 16 13.067 -25.554 9.602 11.476 -25.554 11.476 11.475 -20.618 11.475 0.476377 0.582155 0.460377 0.582154 0.460375 0.550047
3 16 5.751 -20.250 5.751 8.308 -20.250 8.308 10.076 -20.250 6.529 0.833430 0.432086 0.833430 0.408555 0.849748 0.408609
3 16 8.141 -20.250 0.821 16.228 -16.280 0.821 8.133 -11.903 0.821 0.126736 0.969820 0.074132 0.943996 0.126789 0.915524
3 16 8.141 -20.250 0.821 16.218 -20.250 0.821 16.228 -16.280 0.821 0.126736 0.969820 0.074195 0.969820 0.074132 0.943996
3 16 10.076 -20.250 6.529 8.141 -20.250 0.821 7.514 -20.250 3.112 0.849748 0.408609 0.867098 0.443765 0.853675 0.436113
3 16 10.076 -20.250 6.529 16.218 -20.250 0.821 8.141 -20.250 0.821 0.849748 0.408609 0.904250 0.406613 0.867098 0.443765
3 16 14.142 -8.067 14.142 15.913 -24.015 12.059 15.924 -8.067 12.085 0.232573 0.504645 0.214693 0.608383 0.214871 0.504640
3 16 14.142 -8.067 14.142 14.142 -24.030 14.142 15.913 -24.015 12.059 0.232573 0.504645 0.232566 0.608482 0.214693 0.608383
3 16 17.128 -8.067 10.323 15.913 -24.015 12.059 17.321 -24.030 10.000 0.200987 0.504637 0.214693 0.608383 0.198537 0.608480
3 16 17.128 -8.067 10.323 15.924 -8.067 12.085 15.913 -24.015 12.059 0.200987 0.504637 0.214871 0.504640 0.214693 0.608383
3 16 17.321 -24.030 10.000 17.805 -8.067 8.977 17.128 -8.067 10.323 0.198537 0.608480 0.191182 0.504635 0.200987 0.504637
3 16 18.478 -11.241 7.654 17.805 -8.067 8.977 17.321 -24.030 10.000 0.181524 0.525286 0.191182 0.504635 0.198537 0.608480
3 16 19.319 -13.721 5.176 18.478 -24.030 7.654 19.319 -24.030 5.176 0.164505 0.541418 0.181520 0.608478 0.164504 0.608478
3 16 19.319 -13.721 5.176 18.478 -11.241 7.654 18.478 -24.030 7.654 0.164505 0.541418 0.181524 0.525286 0.181520 0.608478
3 16 19.829 -15.029 2.611 19.319 -24.030 5.176 19.829 -24.030 2.611 0.147488 0.549922 0.164504 0.608478 0.147487 0.608477
3 16 19.829 -15.029 2.611 19.319 -13.721 5.176 19.319 -24.030 5.176 0.147488 0.549922 0.164505 0.541418 0.164504 0.608478
3 16 20.000 -15.396 0.000 19.829 -24.030 2.611 20.000 -24.030 0.000 0.130470 0.552311 0.147487 0.608477 0.130470 0.608477
3 16 20.000 -15.396 0.000 19.829 -15.029 2.611 19.829 -24.030 2.611 0.130470 0.552311 0.147488 0.549922 0.147487 0.608477
3 16 7.514 -9.685 3.112 5.751 -20.250 5.751 7.514 -20.250 3.112 0.739446 0.209651 0.760323 0.278340 0.739564 0.278378
3 16 7.514 -9.685 3.112 5.751 -9.685 5.751 5.751 -20.250 5.751 0.739446 0.209651 0.760208 0.209627 0.760323 0.278340
3 16 7.514 -20.250 3.112 8.133 -11.903 0.821 7.514 -9.685 3.112 0.739564 0.278378 0.723993 0.224115 0.739446 0.209651
3 16 7.514 -20.250 3.112 8.141 -20.250 0.821 8.133 -11.903 0.821 0.739564 0.278378 0.724087 0.278409 0.723993 0.224115
3 16 13.021 -16.652 -9.669 14.055 -5.256 -8.114 12.875 -5.256 -9.879 0.610655 0.524251 0.598555 0.450116 0.612363 0.450133
3 16 13.021 -16.652 -9.669 14.055 -16.652 -8.114 14.055 -5.256 -8.114 0.610655 0.524251 0.598513 0.524247 0.598555 0.450116
3 16 11.475 -16.652 -11.475 12.875 -5.256 -9.879 11.475 -5.256 -11.475 0.626129 0.524257 0.612363 0.450133 0.626172 0.450148
3 16 11.475 -16.652 -11.475 13.021 -16.652 -9.669 12.875 -5.256 -9.879 0.626129 0.524257 0.610655 0.524251 0.612363 0.450133
3 16 16.181 -5.256 -9.510 15.921 -5.256 -12.088 14.479 -5.256 -10.629 0.615216 0.965914 0.628268 0.955248 0.628189 0.968592
3 16 16.181 -5.256 -9.510 17.089 -5.255 -10.387 15.921 -5.256 -12.088 0.615216 0.965914 0.615071 0.957700 0.628268 0.955248
3 16 15.921 -5.256 -12.088 12.746 -5.256 -12.746 14.479 -5.256 -10.629 0.628268 0.955248 0.645900 0.966824 0.628189 0.968592
3 16 15.921 -5.256 -12.088 14.142 -5.256 -14.142 12.746 -5.256 -12.746 0.628268 0.955248 0.645900 0.953983 0.645900 0.966824
3 16 12.875 -5.256 -9.879 14.055 -5.256 -8.114 14.479 -5.256 -10.629 0.632120 0.979418 0.618577 0.982112 0.628189 0.968592
3 16 12.875 -5.256 -9.879 12.746 -5.256 -12.746 11.475 -5.256 -11.475 0.632120 0.979418 0.645900 0.966824 0.645900 0.978515
3 16 12.875 -5.256 -9.879 14.479 -5.256 -10.629 12.746 -5.256 -12.746 0.632120 0.979418 0.628189 0.968592 0.645900 0.966824
3 16 16.000 -5.256 -9.009 16.181 -5.256 -9.510 14.479 -5.256 -10.629 0.613742 0.969052 0.615216 0.965914 0.628189 0.968592
3 16 14.055 -16.652 -8.114 15.018 -5.256 -6.289 14.055 -5.256 -8.114 0.598513 0.524247 0.585131 0.450069 0.598555 0.450116
3 16 14.055 -16.652 -8.114 15.016 -16.649 -6.268 15.018 -5.256 -6.289 0.598513 0.524247 0.584977 0.524223 0.585131 0.450069
3 16 10.083 -25.554 -6.591 8.308 -20.250 -8.309 10.076 -20.250 -6.529 0.986660 0.543854 0.970597 0.509353 0.986915 0.509353
3 16 10.083 -25.554 -6.591 8.313 -25.554 -8.313 8.308 -20.250 -8.309 0.986660 0.543854 0.970597 0.543853 0.970597 0.509353
3 16 14.055 -20.250 -8.114 13.067 -20.250 -9.602 10.076 -20.250 -6.529 0.789896 0.012067 0.801283 0.009766 0.800902 0.037659
3 16 10.076 -20.250 -6.529 15.676 -20.250 -4.200 15.015 -20.250 -6.262 0.800902 0.037659 0.764435 0.022613 0.776959 0.016170
3 16 15.676 -20.250 -4.200 10.076 -20.250 -6.529 16.218 -20.250 -0.821 0.764435 0.022613 0.800902 0.037659 0.746400 0.035662
3 16 16.228 -16.280 0.000 8.133 -11.903 -0.821 8.133 -11.903 0.000 0.984891 0.846630 0.979548 0.786768 0.984891 0.786768
3 16 16.228 -16.280 0.000 16.228 -16.280 -0.821 8.133 -11.903 -0.821 0.984891 0.846630 0.979548 0.846630 0.979548 0.786768
3 16 10.076 -20.250 -6.529 15.015 -20.250 -6.262 14.055 -20.250 -8.114 0.800902 0.037659 0.776959 0.016170 0.789896 0.012067
3 16 13.067 -25.554 -9.602 8.313 -25.554 -8.313 10.083 -25.554 -6.591 0.245829 0.132181 0.229892 0.104386 0.245955 0.104607
3 16 13.067 -25.554 -9.602 11.476 -25.554 -11.476 8.313 -25.554 -8.313 0.245829 0.132181 0.229892 0.133478 0.229892 0.104386
3 16 10.083 -25.554 -6.591 13.067 -20.250 -9.602 13.067 -25.554 -9.602 0.941251 0.685080 0.968828 0.650580 0.968827 0.685082
3 16 10.083 -25.554 -6.591 10.076 -20.250 -6.529 13.067 -20.250 -9.602 0.941251 0.685080 0.940929 0.650580 0.968828 0.650580
3 16 11.475 -20.618 -11.475 13.067 -25.554 -9.602 13.067 -20.250 -9.602 0.626126 0.550047 0.610124 0.582155 0.610127 0.547652
3 16 11.475 -20.618 -11.475 11.476 -25.554 -11.476 13.067 -25.554 -9.602 0.626126 0.550047 0.626124 0.582154 0.610124 0.582155
3 16 5.751 -20.250 -5.751 7.514 -20.250 -3.112 10.076 -20.250 -6.529 0.817220 0.061135 0.796974 0.065162 0.800902 0.037659
3 16 5.751 -20.250 -5.751 7.514 -9.685 -3.112 7.514 -20.250 -3.112 0.677034 0.278367 0.697867 0.209663 0.697792 0.278391
3 16 5.751 -20.250 -5.751 5.751 -9.685 -5.751 7.514 -9.685 -3.112 0.677034 0.278367 0.677104 0.209649 0.697867 0.209663
3 16 7.514 -20.250 -3.112 8.133 -11.903 -0.821 8.141 -20.250 -0.821 0.697792 0.278391 0.713327 0.224118 0.713269 0.278411
3 16 7.514 -20.250 -3.112 7.514 -9.685 -3.112 8.133 -11.903 -0.821 0.697792 0.278391 0.697867 0.209663 0.713327 0.224118
3 16 16.228 -16.280 -0.821 8.141 -20.250 -0.821 8.133 -11.903 -0.821 0.255521 0.957218 0.202917 0.983042 0.202864 0.928746
3 16 16.228 -16.280 -0.821 16.218 -20.250 -0.821 8.141 -20.250 -0.821 0.255521 0.957218 0.255458 0.983042 0.202917 0.983042
3 16 8.141 -20.250 -0.821 10.076 -20.250 -6.529 7.514 -20.250 -3.112 0.783552 0.072814 0.800902 0.037659 0.796974 0.065162
3 16 8.141 -20.250 -0.821 16.218 -20.250 -0.821 10.076 -20.250 -6.529 0.783552 0.072814 0.746400 0.035662 0.800902 0.037659
3 16 14.142 -8.067 -14.142 15.921 -5.256 -12.088 15.924 -8.067 -12.085 0.028367 0.504645 0.046038 0.486356 0.046068 0.504640
3 16 14.142 -8.067 -14.142 14.142 -5.256 -14.142 15.921 -5.256 -12.088 0.028367 0.504645 0.028360 0.486362 0.046038 0.486356
3 16 15.924 -8.067 -12.085 17.089 -5.255 -10.387 17.127 -8.067 -10.324 0.046068 0.504640 0.059459 0.486342 0.059945 0.504637
3 16 15.924 -8.067 -12.085 15.921 -5.256 -12.088 17.089 -5.255 -10.387 0.046068 0.504640 0.046038 0.486356 0.059459 0.486342
3 16 17.127 -8.067 -10.324 17.089 -5.255 -10.387 17.738 -8.067 -9.111 0.059945 0.504637 0.059459 0.486342 0.068787 0.504635
3 16 19.319 -13.721 -5.176 18.478 -24.030 -7.654 18.478 -11.241 -7.654 0.096436 0.541418 0.079420 0.608478 0.079416 0.525286
3 16 19.319 -13.721 -5.176 19.319 -24.030 -5.176 18.478 -24.030 -7.654 0.096436 0.541418 0.096436 0.608478 0.079420 0.608478
3 16 19.829 -15.029 -2.611 19.319 -24.030 -5.176 19.319 -13.721 -5.176 0.113452 0.549922 0.096436 0.608478 0.096436 0.541418
3 16 19.829 -15.029 -2.611 19.829 -24.030 -2.611 19.319 -24.030 -5.176 0.113452 0.549922 0.113453 0.608477 0.096436 0.608478
3 16 20.000 -15.396 0.000 19.829 -24.030 -2.611 19.829 -15.029 -2.611 0.130470 0.552311 0.113453 0.608477 0.113452 0.549922
3 16 20.000 -15.396 0.000 20.000 -24.030 0.000 19.829 -24.030 -2.611 0.130470 0.552311 0.130470 0.608477 0.113453 0.608477
3 16 8.133 -11.903 -0.821 8.133 -10.061 0.000 8.133 -11.903 0.000 0.713327 0.224118 0.718657 0.212118 0.718660 0.224103
3 16 8.133 -11.903 -0.821 7.514 -9.685 -3.112 8.133 -10.061 0.000 0.713327 0.224118 0.697867 0.209663 0.718657 0.212118
3 16 -7.514 -0.021 -3.112 -5.751 -9.685 -5.751 -7.514 -9.685 -3.112 0.834551 0.149219 0.855346 0.212065 0.834584 0.212084
3 16 -7.514 -0.021 -3.112 -5.751 -0.021 -5.751 -5.751 -9.685 -5.751 0.834551 0.149219 0.855310 0.149207 0.855346 0.212065
3 16 -5.751 -9.685 -5.751 -3.112 -0.021 -7.514 -3.112 -9.685 -7.514 0.792843 0.789529 0.813639 0.726682 0.813605 0.789547
3 16 -5.751 -9.685 -5.751 -5.751 -0.021 -5.751 -3.112 -0.021 -7.514 0.792843 0.789529 0.792880 0.726670 0.813639 0.726682
3 16 -3.112 -9.685 -7.514 0.000 -0.021 -8.133 0.000 -10.061 -8.133 0.813605 0.789547 0.834395 0.726690 0.834394 0.792009
3 16 -3.112 -9.685 -7.514 -3.112 -0.021 -7.514 0.000 -0.021 -8.133 0.813605 0.789547 0.813639 0.726682 0.834395 0.726690
3 16 0.000 -0.021 -8.133 3.112 -9.685 -7.514 0.000 -10.061 -8.133 0.834395 0.726690 0.855184 0.789547 0.834394 0.792009
3 16 0.000 -0.021 -8.133 3.112 -0.021 -7.514 3.112 -9.685 -7.514 0.834395 0.726690 0.855150 0.726683 0.855184 0.789547
3 16 3.112 -9.685 -7.514 5.751 -0.021 -5.751 5.751 -9.685 -5.751 0.855184 0.789547 0.875909 0.726670 0.875946 0.789529
3 16 3.112 -9.685 -7.514 3.112 -0.021 -7.514 5.751 -0.021 -5.751 0.855184 0.789547 0.855150 0.726683 0.875909 0.726670
3 16 5.751 -9.685 -5.751 7.514 -0.021 -3.112 7.514 -9.685 -3.112 0.677104 0.209649 0.697885 0.146797 0.697867 0.209663
3 16 5.751 -9.685 -5.751 5.751 -0.021 -5.751 7.514 -0.021 -3.112 0.677104 0.209649 0.677126 0.146789 0.697885 0.146797
3 16 7.514 -9.685 -3.112 8.133 -0.021 0.000 8.133 -10.061 0.000 0.697867 0.209663 0.718640 0.146799 0.718657 0.212118
3 16 7.514 -9.685 -3.112 7.514 -0.021 -3.112 8.133 -0.021 0.000 0.697867 0.209663 0.697885 0.146797 0.718640 0.146799
3 16 8.133 -0.021 0.000 7.514 -9.685 3.112 8.133 -10.061 0.000 0.718640 0.146799 0.739446 0.209651 0.718657 0.212118
3 16 8.133 -0.021 0.000 7.514 -0.021 3.112 7.514 -9.685 3.112 0.718640 0.146799 0.739396 0.146786 0.739446 0.209651
3 16 7.514 -9.685 3.112 5.751 -0.021 5.751 5.751 -9.685 5.751 0.739446 0.209651 0.760155 0.146768 0.760208 0.209627
3 16 7.514 -9.685 3.112 7.514 -0.021 3.112 5.751 -0.021 5.751 0.739446 0.209651 0.739396 0.146786 0.760155 0.146768
3 16 5.751 -9.685 5.751 3.112 -0.021 7.514 3.112 -9.685 7.514 0.753649 0.649258 0.774445 0.586412 0.774411 0.649277
3 16 5.751 -9.685 5.751 5.751 -0.021 5.751 3.112 -0.021 7.514 0.753649 0.649258 0.753686 0.586399 0.774445 0.586412
3 16 3.112 -9.685 7.514 0.000 -0.021 8.133 0.000 -10.061 8.133 0.774411 0.649277 0.795200 0.586419 0.795200 0.651738
3 16 3.112 -9.685 7.514 3.112 -0.021 7.514 0.000 -0.021 8.133 0.774411 0.649277 0.774445 0.586412 0.795200 0.586419
3 16 0.000 -0.021 8.133 -3.112 -9.685 7.514 0.000 -10.061 8.133 0.795200 0.586419 0.815990 0.649277 0.795200 0.651738
3 16 0.000 -0.021 8.133 -3.112 -0.021 7.514 -3.112 -9.685 7.514 0.795200 0.586419 0.815956 0.586412 0.815990 0.649277
3 16 -3.112 -9.685 7.514 -5.751 -0.021 5.751 -5.751 -9.685 5.751 0.815990 0.649277 0.836715 0.586399 0.836752 0.649258
3 16 -3.112 -9.685 7.514 -3.112 -0.021 7.514 -5.751 -0.021 5.751 0.815990 0.649277 0.815956 0.586412 0.836715 0.586399
3 16 -5.751 -9.685 5.751 -7.514 -0.021 3.112 -7.514 -9.685 3.112 0.772244 0.212065 0.793040 0.149219 0.793005 0.212084
3 16 -5.751 -9.685 5.751 -5.751 -0.021 5.751 -7.514 -0.021 3.112 0.772244 0.212065 0.772281 0.149207 0.793040 0.149219
3 16 -7.514 -9.685 3.112 -8.133 -0.021 0.000 -8.133 -10.061 0.000 0.793005 0.212084 0.813795 0.149226 0.813795 0.214545
3 16 -7.514 -9.685 3.112 -7.514 -0.021 3.112 -8.133 -0.021 0.000 0.793005 0.212084 0.793040 0.149219 0.813795 0.149226
3 16 -8.133 -0.021 0.000 -7.514 -9.685 -3.112 -8.133 -10.061 0.000 0.813795 0.149226 0.834584 0.212084 0.813795 0.214545
3 16 -8.133 -0.021 0.000 -7.514 -0.021 -3.112 -7.514 -9.685 -3.112 0.813795 0.149226 0.834551 0.149219 0.834584 0.212084
3 16 8.308 -20.250 -8.309 5.751 -20.250 -5.751 10.076 -20.250 -6.529 0.817220 0.037604 0.817220 0.061135 0.800902 0.037659
3 16 5.751 -20.250 -5.751 8.308 -20.250 -8.309 6.529 -20.250 -10.076 0.817220 0.061135 0.817220 0.037604 0.833538 0.037659
3 16 -8.309 -20.250 -8.309 -5.751 -20.250 -5.751 -6.529 -20.250 -10.076 0.159732 0.827993 0.159732 0.851523 0.143414 0.828047
3 16 -5.751 -20.250 -5.751 -8.309 -20.250 -8.309 -10.076 -20.250 -6.529 0.159732 0.851523 0.159732 0.827993 0.176050 0.828047
3 16 -8.309 -20.250 8.308 -5.751 -20.250 5.751 -10.076 -20.250 6.529 0.476318 0.835762 0.476318 0.859293 0.460000 0.835817
3 16 -5.751 -20.250 5.751 -8.309 -20.250 8.308 -6.529 -20.250 10.076 0.476318 0.859293 0.476318 0.835762 0.492636 0.835817
3 16 7.514 -20.250 3.112 5.751 -20.250 5.751 10.076 -20.250 6.529 0.853675 0.436113 0.833430 0.432086 0.849748 0.408609
3 16 5.751 -20.250 5.751 3.112 -20.250 7.514 6.529 -20.250 10.076 0.833430 0.432086 0.813185 0.436113 0.817112 0.408609
3 16 2.392 -24.036 5.774 4.944 -24.000 6.326 4.056 -24.000 8.069 0.099746 0.131549 0.087492 0.143315 0.081316 0.132196
3 16 2.392 -24.036 5.774 2.796 -24.036 5.504 4.944 -24.000 6.326 0.099746 0.131549 0.099380 0.134700 0.087492 0.143315
3 16 -6.326 -24.000 -4.944 -4.419 -24.036 -4.419 -5.512 -24.036 -2.784 0.189255 0.123432 0.179494 0.131819 0.175029 0.119843
3 16 -6.326 -24.000 -4.944 -4.944 -24.000 -6.326 -4.419 -24.036 -4.419 0.189255 0.123432 0.191695 0.135916 0.179494 0.131819
3 16 -8.069 -24.000 -4.056 -6.326 -24.000 -4.944 -5.512 -24.036 -2.784 0.190791 0.110804 0.189255 0.123432 0.175029 0.119843
3 16 5.814 -24.036 -2.192 6.326 -24.000 -4.944 8.069 -24.000 -4.056 0.130303 0.178955 0.143292 0.191717 0.132172 0.197892
3 16 5.814 -24.036 -2.192 8.003 -24.034 0.000 6.250 -24.036 0.000 0.130303 0.178955 0.110522 0.182805 0.116891 0.173343
3 16 5.814 -24.036 -2.192 8.069 -24.000 -4.056 8.003 -24.034 0.000 0.130303 0.178955 0.132172 0.197892 0.110522 0.182805
3 16 16.228 -16.280 0.821 15.676 -20.250 4.200 15.676 -16.280 4.200 0.537914 0.521827 0.515636 0.547644 0.515641 0.521819
3 16 16.228 -16.280 0.821 16.218 -20.250 0.821 15.676 -20.250 4.200 0.537914 0.521827 0.537897 0.547653 0.515636 0.547644
3 16 15.676 -16.280 4.200 15.015 -20.250 6.262 15.016 -16.284 6.269 0.515641 0.521819 0.501557 0.547645 0.501520 0.521844
3 16 15.676 -16.280 4.200 15.676 -20.250 4.200 15.015 -20.250 6.262 0.515641 0.521819 0.515636 0.547644 0.501557 0.547645
3 16 15.016 -16.284 6.269 14.055 -20.250 8.114 14.055 -16.284 8.114 0.501520 0.521844 0.487989 0.547648 0.487988 0.521849
3 16 15.016 -16.284 6.269 15.015 -20.250 6.262 14.055 -20.250 8.114 0.501520 0.521844 0.501557 0.547645 0.487989 0.547648
3 16 14.055 -16.284 8.114 13.067 -20.250 9.602 13.017 -16.326 9.675 0.487988 0.521849 0.476374 0.547652 0.475798 0.522127
3 16 14.055 -16.284 8.114 14.055 -20.250 8.114 13.067 -20.250 9.602 0.487988 0.521849 0.487989 0.547648 0.476374 0.547652
3 16 13.067 -20.250 9.602 11.475 -16.379 11.475 13.017 -16.326 9.675 0.476374 0.547652 0.460372 0.522477 0.475798 0.522127
3 16 13.067 -20.250 9.602 11.475 -20.618 11.475 11.475 -16.379 11.475 0.476374 0.547652 0.460375 0.550047 0.460372 0.522477
3 16 11.475 -16.379 11.475 9.602 -20.250 13.067 9.674 -16.379 13.017 0.377724 0.724668 0.361721 0.749843 0.362290 0.724662
3 16 11.475 -16.379 11.475 11.475 -20.618 11.475 9.602 -20.250 13.067 0.377724 0.724668 0.377721 0.752238 0.361721 0.749843
3 16 9.602 -20.250 13.067 8.114 -16.379 14.055 9.674 -16.379 13.017 0.361721 0.749843 0.350108 0.724658 0.362290 0.724662
3 16 9.602 -20.250 13.067 8.114 -20.250 14.055 8.114 -16.379 14.055 0.361721 0.749843 0.350107 0.749839 0.350108 0.724658
3 16 8.114 -16.379 14.055 6.262 -20.250 15.015 6.269 -16.376 15.016 0.350108 0.724658 0.336538 0.749835 0.336574 0.724634
3 16 8.114 -16.379 14.055 8.114 -20.250 14.055 6.262 -20.250 15.015 0.350108 0.724658 0.350107 0.749839 0.336538 0.749835
3 16 6.262 -20.250 15.015 4.200 -16.376 15.676 6.269 -16.376 15.016 0.336538 0.749835 0.322454 0.724631 0.336574 0.724634
3 16 6.262 -20.250 15.015 4.200 -20.250 15.676 4.200 -16.376 15.676 0.336538 0.749835 0.322459 0.749835 0.322454 0.724631
3 16 4.200 -16.376 15.676 0.821 -20.250 16.218 0.821 -16.280 16.228 0.322454 0.724631 0.300198 0.749844 0.300182 0.724018
3 16 4.200 -16.376 15.676 4.200 -20.250 15.676 0.821 -20.250 16.218 0.322454 0.724631 0.322459 0.749835 0.300198 0.749844
3 16 -0.821 -20.250 16.218 -4.200 -16.554 15.676 -0.821 -16.280 16.228 0.289492 0.749844 0.267236 0.725790 0.289508 0.724018
3 16 -0.821 -20.250 16.218 -4.200 -20.250 15.676 -4.200 -16.554 15.676 0.289492 0.749844 0.267230 0.749835 0.267236 0.725790
3 16 -4.200 -16.554 15.676 -6.262 -20.250 15.015 -6.269 -16.557 15.016 0.267236 0.725790 0.253152 0.749835 0.253118 0.725815
3 16 -4.200 -16.554 15.676 -4.200 -20.250 15.676 -6.262 -20.250 15.015 0.267236 0.725790 0.267230 0.749835 0.253152 0.749835
3 16 -6.269 -16.557 15.016 -8.114 -20.250 14.055 -8.114 -16.557 14.055 0.253118 0.725815 0.239583 0.749839 0.239582 0.725819
3 16 -6.269 -16.557 15.016 -6.262 -20.250 15.015 -8.114 -20.250 14.055 0.253118 0.725815 0.253152 0.749835 0.239583 0.749839
3 16 -8.114 -16.557 14.055 -9.602 -20.250 13.067 -9.670 -16.599 13.020 0.239582 0.725819 0.227968 0.749843 0.227433 0.726097
3 16 -8.114 -16.557 14.055 -8.114 -20.250 14.055 -9.602 -20.250 13.067 0.239582 0.725819 0.239583 0.749839 0.227968 0.749843
3 16 -9.602 -20.250 13.067 -11.475 -16.652 11.475 -9.670 -16.599 13.020 0.227968 0.749843 0.211966 0.726448 0.227433 0.726097
3 16 -9.602 -20.250 13.067 -11.475 -20.618 11.475 -11.475 -16.652 11.475 0.227968 0.749843 0.211969 0.752238 0.211966 0.726448
3 16 -11.475 -16.652 11.475 -13.067 -20.250 9.602 -13.021 -16.652 9.669 0.626129 0.667966 0.610127 0.691362 0.610655 0.667961
3 16 -11.475 -16.652 11.475 -11.475 -20.618 11.475 -13.067 -20.250 9.602 0.626129 0.667966 0.626126 0.693757 0.610127 0.691362
3 16 -13.021 -16.652 9.669 -14.055 -20.250 8.114 -14.055 -16.610 8.114 0.610655 0.667961 0.598512 0.691358 0.598513 0.667684
3 16 -13.021 -16.652 9.669 -13.067 -20.250 9.602 -14.055 -20.250 8.114 0.610655 0.667961 0.610127 0.691362 0.598512 0.691358
3 16 -14.055 -16.610 8.114 -15.015 -20.250 6.262 -15.016 -16.607 6.269 0.598513 0.667684 0.584944 0.691354 0.584977 0.667660
3 16 -14.055 -16.610 8.114 -14.055 -20.250 8.114 -15.015 -20.250 6.262 0.598513 0.667684 0.598512 0.691358 0.584944 0.691354
3 16 -15.015 -20.250 6.262 -15.676 -16.607 4.200 -15.016 -16.607 6.269 0.584944 0.691354 0.570859 0.667657 0.584977 0.667660
3 16 -15.015 -20.250 6.262 -15.676 -20.250 4.200 -15.676 -16.607 4.200 0.584944 0.691354 0.570865 0.691353 0.570859 0.667657
3 16 -15.676 -16.607 4.200 -16.218 -20.250 0.821 -16.228 -16.280 0.821 0.570859 0.667657 0.548604 0.691363 0.548587 0.665537
3 16 -15.676 -16.607 4.200 -15.676 -20.250 4.200 -16.218 -20.250 0.821 0.570859 0.667657 0.570865 0.691353 0.548604 0.691363
3 16 -16.228 -16.280 -0.821 -15.676 -20.250 -4.200 -15.676 -16.280 -4.200 0.537914 0.665537 0.515636 0.691353 0.515641 0.665528
3 16 -16.228 -16.280 -0.821 -16.218 -20.250 -0.821 -15.676 -20.250 -4.200 0.537914 0.665537 0.537897 0.691363 0.515636 0.691353
3 16 -15.676 -16.280 -4.200 -15.015 -20.250 -6.262 -15.016 -16.284 -6.269 0.515641 0.665528 0.501557 0.691354 0.501520 0.665554
3 16 -15.676 -16.280 -4.200 -15.676 -20.250 -4.200 -15.015 -20.250 -6.262 0.515641 0.665528 0.515636 0.691353 0.501557 0.691354
3 16 -15.016 -16.284 -6.269 -14.055 -20.250 -8.114 -14.055 -16.284 -8.114 0.501520 0.665554 0.487989 0.691358 0.487988 0.665558
3 16 -15.016 -16.284 -6.269 -15.015 -20.250 -6.262 -14.055 -20.250 -8.114 0.501520 0.665554 0.501557 0.691354 0.487989 0.691358
3 16 -14.055 -16.284 -8.114 -13.067 -20.250 -9.602 -13.017 -16.326 -9.675 0.487988 0.665558 0.476374 0.691362 0.475798 0.665837
3 16 -14.055 -16.284 -8.114 -14.055 -20.250 -8.114 -13.067 -20.250 -9.602 0.487988 0.665558 0.487989 0.691358 0.476374 0.691362
3 16 -13.067 -20.250 -9.602 -11.475 -16.379 -11.475 -13.017 -16.326 -9.675 0.476374 0.691362 0.460372 0.666187 0.475798 0.665837
3 16 -13.067 -20.250 -9.602 -11.475 -20.618 -11.475 -11.475 -16.379 -11.475 0.476374 0.691362 0.460375 0.693757 0.460372 0.666187
3 16 -11.475 -16.379 -11.475 -9.602 -20.250 -13.067 -9.674 -16.379 -13.017 0.658551 0.250096 0.642548 0.275271 0.643117 0.250090
3 16 -11.475 -16.379 -11.475 -11.475 -20.618 -11.475 -9.602 -20.250 -13.067 0.658551 0.250096 0.658548 0.277666 0.642548 0.275271
3 16 -9.602 -20.250 -13.067 -8.114 -16.379 -14.055 -9.674 -16.379 -13.017 0.642548 0.275271 0.630935 0.250086 0.643117 0.250090
3 16 -9.602 -20.250 -13.067 -8.114 -20.250 -14.055 -8.114 -16.379 -14.055 0.642548 0.275271 0.630934 0.275267 0.630935 0.250086
3 16 -8.114 -16.379 -14.055 -6.262 -20.250 -15.015 -6.269 -16.376 -15.016 0.630935 0.250086 0.617365 0.275263 0.617401 0.250062
3 16 -8.114 -16.379 -14.055 -8.114 -20.250 -14.055 -6.262 -20.250 -15.015 0.630935 0.250086 0.630934 0.275267 0.617365 0.275263
3 16 -6.262 -20.250 -15.015 -4.200 -16.376 -15.676 -6.269 -16.376 -15.016 0.617365 0.275263 0.603281 0.250059 0.617401 0.250062
3 16 -6.262 -20.250 -15.015 -4.200 -20.250 -15.676 -4.200 -16.376 -15.676 0.617365 0.275263 0.603286 0.275262 0.603281 0.250059
3 16 -4.200 -16.376 -15.676 -0.821 -20.250 -16.218 -0.821 -16.280 -16.228 0.603281 0.250059 0.581025 0.275272 0.581008 0.249446
3 16 -4.200 -16.376 -15.676 -4.200 -20.250 -15.676 -0.821 -20.250 -16.218 0.603281 0.250059 0.603286 0.275262 0.581025 0.275272
3 16 0.821 -20.250 -16.218 4.200 -16.554 -15.676 0.821 -16.280 -16.228 0.570318 0.275272 0.548063 0.251217 0.570335 0.249446
3 16 0.821 -20.250 -16.218 4.200 -20.250 -15.676 4.200 -16.554 -15.676 0.570318 0.275272 0.548057 0.275262 0.548063 0.251217
3 16 4.200 -16.554 -15.676 6.262 -20.250 -15.015 6.269 -16.557 -15.016 0.548063 0.251217 0.533979 0.275263 0.533945 0.251243
3 16 4.200 -16.554 -15.676 4.200 -20.250 -15.676 6.262 -20.250 -15.015 0.548063 0.251217 0.548057 0.275262 0.533979 0.275263
3 16 6.269 -16.557 -15.016 8.114 -20.250 -14.055 8.114 -16.557 -14.055 0.533945 0.251243 0.520410 0.275267 0.520409 0.251247
3 16 6.269 -16.557 -15.016 6.262 -20.250 -15.015 8.114 -20.250 -14.055 0.533945 0.251243 0.533979 0.275263 0.520410 0.275267
3 16 8.114 -16.557 -14.055 9.602 -20.250 -13.067 9.670 -16.599 -13.020 0.520409 0.251247 0.508795 0.275271 0.508260 0.251525
3 16 8.114 -16.557 -14.055 8.114 -20.250 -14.055 9.602 -20.250 -13.067 0.520409 0.251247 0.520410 0.275267 0.508795 0.275271
3 16 9.602 -20.250 -13.067 11.475 -16.652 -11.475 9.670 -16.599 -13.020 0.508795 0.275271 0.492793 0.251875 0.508260 0.251525
3 16 9.602 -20.250 -13.067 11.475 -20.618 -11.475 11.475 -16.652 -11.475 0.508795 0.275271 0.492796 0.277666 0.492793 0.251875
3 16 11.475 -16.652 -11.475 13.067 -20.250 -9.602 13.021 -16.652 -9.669 0.626129 0.524257 0.610127 0.547652 0.610655 0.524251
3 16 11.475 -16.652 -11.475 11.475 -20.618 -11.475 13.067 -20.250 -9.602 0.626129 0.524257 0.626126 0.550047 0.610127 0.547652
3 16 13.067 -20.250 -9.602 14.055 -16.652 -8.114 13.021 -16.652 -9.669 0.610127 0.547652 0.598513 0.524247 0.610655 0.524251
3 16 13.067 -20.250 -9.602 14.055 -20.250 -8.114 14.055 -16.652 -8.114 0.610127 0.547652 0.598512 0.547648 0.598513 0.524247
3 16 14.055 -16.652 -8.114 15.015 -20.250 -6.262 15.016 -16.649 -6.268 0.598513 0.524247 0.584944 0.547645 0.584977 0.524223
3 16 14.055 -16.652 -8.114 14.055 -20.250 -8.114 15.015 -20.250 -6.262 0.598513 0.524247 0.598512 0.547648 0.584944 0.547645
3 16 15.015 -20.250 -6.262 15.676 -16.649 -4.200 15.016 -16.649 -6.268 0.584944 0.547645 0.570859 0.524220 0.584977 0.524223
3 16 15.015 -20.250 -6.262 15.676 -20.250 -4.200 15.676 -16.649 -4.200 0.584944 0.547645 0.570865 0.547644 0.570859 0.524220
3 16 15.676 -16.649 -4.200 16.218 -20.250 -0.821 16.228 -16.280 -0.821 0.570859 0.524220 0.548604 0.547653 0.548587 0.521827
3 16 15.676 -16.649 -4.200 15.676 -20.250 -4.200 16.218 -20.250 -0.821 0.570859 0.524220 0.570865 0.547644 0.548604 0.547653
3 16 15.016 -16.649 -6.268 15.676 -5.256 -4.200 15.018 -5.256 -6.289 0.584977 0.524223 0.570888 0.450095 0.585131 0.450069
3 16 15.016 -16.649 -6.268 15.676 -16.649 -4.200 15.676 -5.256 -4.200 0.584977 0.524223 0.570859 0.524220 0.570888 0.450095
3 16 15.676 -5.256 -4.200 16.228 -16.280 -0.821 16.070 -5.256 -2.053 0.570888 0.450095 0.548587 0.521827 0.556663 0.450098
3 16 15.676 -5.256 -4.200 15.676 -16.649 -4.200 16.228 -16.280 -0.821 0.570888 0.450095 0.570859 0.524220 0.548587 0.521827
3 16 16.136 -5.256 0.041 16.228 -16.280 -0.821 16.228 -16.280 0.000 0.542928 0.450099 0.548587 0.521827 0.543250 0.521821
3 16 16.136 -5.256 0.041 16.070 -5.256 -2.053 16.228 -16.280 -0.821 0.542928 0.450099 0.556663 0.450098 0.548587 0.521827
3 16 16.067 -5.256 2.062 15.676 -16.280 4.200 15.676 -5.256 4.200 0.529783 0.450099 0.515641 0.521819 0.515613 0.450095
3 16 16.067 -5.256 2.062 16.228 -16.280 0.821 15.676 -16.280 4.200 0.529783 0.450099 0.537914 0.521827 0.515641 0.521819
3 16 15.676 -5.256 4.200 15.016 -16.284 6.269 15.018 -5.256 6.288 0.515613 0.450095 0.501520 0.521844 0.501370 0.450069
3 16 15.676 -5.256 4.200 15.676 -16.280 4.200 15.016 -16.284 6.269 0.515613 0.450095 0.515641 0.521819 0.501520 0.521844
3 16 6.269 -16.376 15.016 4.200 -5.256 15.676 6.288 -5.256 15.018 0.336574 0.724634 0.322483 0.652286 0.336725 0.652260
3 16 6.269 -16.376 15.016 4.200 -16.376 15.676 4.200 -5.256 15.676 0.336574 0.724634 0.322454 0.724631 0.322483 0.652286
3 16 4.200 -16.376 15.676 2.086 -5.256 16.090 4.200 -5.256 15.676 0.322454 0.724631 0.308456 0.652289 0.322483 0.652286
3 16 4.200 -16.376 15.676 0.821 -16.280 16.228 2.086 -5.256 16.090 0.322454 0.724631 0.300182 0.724018 0.308456 0.652289
3 16 -0.019 -5.256 16.250 0.821 -16.280 16.228 0.000 -16.280 16.228 0.294721 0.652290 0.300182 0.724018 0.294845 0.724011
3 16 -0.019 -5.256 16.250 2.086 -5.256 16.090 0.821 -16.280 16.228 0.294721 0.652290 0.308456 0.652289 0.300182 0.724018
3 16 -2.163 -5.256 16.090 -4.200 -16.554 15.676 -4.200 -5.256 15.676 0.280737 0.652289 0.267236 0.725790 0.267207 0.652286
3 16 -2.163 -5.256 16.090 -0.821 -16.280 16.228 -4.200 -16.554 15.676 0.280737 0.652289 0.289508 0.724018 0.267236 0.725790
3 16 -4.200 -5.256 15.676 -6.269 -16.557 15.016 -6.289 -5.256 15.018 0.267207 0.652286 0.253118 0.725815 0.252965 0.652260
3 16 -4.200 -5.256 15.676 -4.200 -16.554 15.676 -6.269 -16.557 15.016 0.267207 0.652286 0.267236 0.725790 0.253118 0.725815
3 16 -15.016 -16.607 6.269 -15.676 -5.256 4.200 -15.018 -5.256 6.288 0.584977 0.667660 0.570888 0.593805 0.585131 0.593779
3 16 -15.016 -16.607 6.269 -15.676 -16.607 4.200 -15.676 -5.256 4.200 0.584977 0.667660 0.570859 0.667657 0.570888 0.593805
3 16 -15.676 -5.256 4.200 -16.228 -16.280 0.821 -16.090 -5.256 2.037 0.570888 0.593805 0.548587 0.665537 0.556545 0.593808
3 16 -15.676 -5.256 4.200 -15.676 -16.607 4.200 -16.228 -16.280 0.821 0.570888 0.593805 0.570859 0.667657 0.548587 0.665537
3 16 -16.133 -5.256 0.000 -16.228 -16.280 0.821 -16.228 -16.280 0.000 0.543191 0.593809 0.548587 0.665537 0.543250 0.665530
3 16 -16.133 -5.256 0.000 -16.090 -5.256 2.037 -16.228 -16.280 0.821 0.543191 0.593809 0.556545 0.593808 0.548587 0.665537
3 16 -16.090 -5.256 -2.108 -15.676 -16.280 -4.200 -15.676 -5.256 -4.200 0.529492 0.593808 0.515641 0.665528 0.515613 0.593805
3 16 -16.090 -5.256 -2.108 -16.228 -16.280 -0.821 -15.676 -16.280 -4.200 0.529492 0.593808 0.537914 0.665537 0.515641 0.665528
3 16 -15.676 -5.256 -4.200 -15.016 -16.284 -6.269 -15.018 -5.256 -6.289 0.515613 0.593805 0.501520 0.665554 0.501370 0.593779
3 16 -15.676 -5.256 -4.200 -15.676 -16.280 -4.200 -15.016 -16.284 -6.269 0.515613 0.593805 0.515641 0.665528 0.501520 0.665554
3 16 -6.269 -16.376 -15.016 -4.200 -5.256 -15.676 -6.289 -5.256 -15.018 0.617401 0.250062 0.603309 0.177714 0.617552 0.177688
3 16 -6.269 -16.376 -15.016 -4.200 -16.376 -15.676 -4.200 -5.256 -15.676 0.617401 0.250062 0.603281 0.250059 0.603309 0.177714
3 16 -4.200 -16.376 -15.676 -2.074 -5.256 -16.067 -4.200 -5.256 -15.676 0.603281 0.250059 0.589220 0.177717 0.603309 0.177714
3 16 -4.200 -16.376 -15.676 -0.821 -16.280 -16.228 -2.074 -5.256 -16.067 0.603281 0.250059 0.581008 0.249446 0.589220 0.177717
3 16 0.000 -5.256 -16.132 -0.821 -16.280 -16.228 0.000 -16.280 -16.228 0.575611 0.177717 0.581008 0.249446 0.575672 0.249439
3 16 0.000 -5.256 -16.132 -2.074 -5.256 -16.067 -0.821 -16.280 -16.228 0.575611 0.177717 0.589220 0.177717 0.581008 0.249446
3 16 2.128 -5.256 -16.058 4.200 -16.554 -15.676 4.200 -5.256 -15.676 0.561743 0.177717 0.548063 0.251217 0.548034 0.177714
3 16 2.128 -5.256 -16.058 0.821 -16.280 -16.228 4.200 -16.554 -15.676 0.561743 0.177717 0.570335 0.249446 0.548063 0.251217
3 16 4.200 -5.256 -15.676 6.269 -16.557 -15.016 6.288 -5.256 -15.018 0.548034 0.177714 0.533945 0.251243 0.533791 0.177688
3 16 4.200 -5.256 -15.676 4.200 -16.554 -15.676 6.269 -16.557 -15.016 0.548034 0.177714 0.548063 0.251217 0.533945 0.251243
3 16 17.805 -8.067 8.977 17.089 -5.255 10.387 17.128 -8.067 10.323 0.191182 0.504635 0.201481 0.486342 0.200987 0.504637
3 16 17.089 -5.255 10.387 15.924 -8.067 12.085 17.128 -8.067 10.323 0.201481 0.486342 0.214871 0.504640 0.200987 0.504637
3 16 17.089 -5.255 10.387 15.921 -5.256 12.088 15.924 -8.067 12.085 0.201481 0.486342 0.214902 0.486356 0.214871 0.504640
3 16 15.921 -5.256 12.088 14.142 -8.067 14.142 15.924 -8.067 12.085 0.214902 0.486356 0.232573 0.504645 0.214871 0.504640
3 16 15.921 -5.256 12.088 14.142 -5.256 14.142 14.142 -8.067 14.142 0.214902 0.486356 0.232580 0.486362 0.232573 0.504645
3 16 14.142 -8.067 14.142 12.088 -5.256 15.921 12.087 -8.067 15.922 0.281063 0.062254 0.298735 0.043964 0.298747 0.062249
3 16 14.142 -8.067 14.142 14.142 -5.256 14.142 12.088 -5.256 15.921 0.281063 0.062254 0.281057 0.043970 0.298735 0.043964
3 16 12.087 -8.067 15.922 10.387 -5.255 17.089 10.322 -8.067 17.128 0.298747 0.062249 0.312156 0.043950 0.312658 0.062245
3 16 12.087 -8.067 15.922 12.088 -5.256 15.921 10.387 -5.255 17.089 0.298747 0.062249 0.298735 0.043964 0.312156 0.043950
3 16 10.322 -8.067 17.128 10.387 -5.255 17.089 9.002 -8.067 17.793 0.312658 0.062245 0.312156 0.043950 0.322278 0.062244
3 16 18.478 -11.241 -7.654 18.478 -24.030 -7.654 17.321 -24.030 -10.000 0.079416 0.525286 0.079420 0.608478 0.062403 0.608480
3 16 17.127 -8.067 -10.324 15.936 -24.015 -12.072 15.924 -8.067 -12.085 0.059945 0.504637 0.046195 0.608383 0.046068 0.504640
3 16 17.127 -8.067 -10.324 17.321 -24.030 -10.000 15.936 -24.015 -12.072 0.059945 0.504637 0.062403 0.608480 0.046195 0.608383
3 16 14.142 -8.067 -14.142 15.936 -24.015 -12.072 14.142 -24.030 -14.142 0.028367 0.504645 0.046195 0.608383 0.028374 0.608482
3 16 14.142 -8.067 -14.142 15.924 -8.067 -12.085 15.936 -24.015 -12.072 0.028367 0.504645 0.046068 0.504640 0.046195 0.608383
3 16 14.142 -8.067 -14.142 12.084 -24.015 -15.924 12.087 -8.067 -15.922 0.480980 0.334591 0.463261 0.438329 0.463296 0.334586
3 16 14.142 -8.067 -14.142 14.142 -24.030 -14.142 12.084 -24.015 -15.924 0.480980 0.334591 0.480970 0.438429 0.463261 0.438329
3 16 10.323 -8.067 -17.128 12.084 -24.015 -15.924 10.000 -24.030 -17.321 0.449394 0.334583 0.463261 0.438329 0.446944 0.438425
3 16 10.323 -8.067 -17.128 12.087 -8.067 -15.922 12.084 -24.015 -15.924 0.449394 0.334583 0.463296 0.334586 0.463261 0.438329
3 16 10.000 -24.030 -17.321 8.966 -8.067 -17.811 10.323 -8.067 -17.128 0.446944 0.438425 0.439505 0.334581 0.449394 0.334583
3 16 7.654 -11.241 -18.478 8.966 -8.067 -17.811 10.000 -24.030 -17.321 0.429931 0.355232 0.439505 0.334581 0.446944 0.438425
3 16 23.136 -9.905 -1.583 24.149 -7.072 -3.308 25.543 -7.281 -1.726 0.356372 0.252356 0.342861 0.234341 0.355456 0.230118
3 16 23.136 -9.905 -1.583 22.653 -9.039 -3.072 24.149 -7.072 -3.308 0.356372 0.252356 0.344876 0.250182 0.342861 0.234341
3 16 24.149 -7.072 -3.308 22.085 -8.326 -4.042 22.668 -6.760 -4.544 0.342861 0.234341 0.336195 0.248926 0.331221 0.238425
3 16 24.149 -7.072 -3.308 22.653 -9.039 -3.072 22.085 -8.326 -4.042 0.342861 0.234341 0.344876 0.250182 0.336195 0.248926
3 16 22.668 -6.760 -4.544 21.104 -8.514 -4.601 21.068 -6.586 -5.601 0.331221 0.238425 0.330804 0.253894 0.320073 0.243730
3 16 22.668 -6.760 -4.544 22.085 -8.326 -4.042 21.104 -8.514 -4.601 0.331221 0.238425 0.336195 0.248926 0.330804 0.253894
3 16 22.085 -8.326 -4.042 21.502 -9.963 -3.201 21.104 -8.514 -4.601 0.336195 0.248926 0.343555 0.259661 0.330804 0.253894
3 16 22.085 -8.326 -4.042 22.653 -9.039 -3.072 21.502 -9.963 -3.201 0.336195 0.248926 0.344876 0.250182 0.343555 0.259661
3 16 19.469 -5.482 -1.087 19.499 -3.901 0.000 19.499 -6.396 0.000 0.895727 0.266179 0.902803 0.255894 0.902803 0.272125
3 16 19.469 -5.482 -1.087 19.422 -4.044 -1.705 19.499 -3.901 0.000 0.895727 0.266179 0.891697 0.256820 0.902803 0.255894
3 16 22.637 -3.165 -2.910 24.069 -4.629 -1.364 24.581 -2.682 -1.870 0.322088 0.803598 0.306099 0.806061 0.311043 0.793890
3 16 22.637 -3.165 -2.910 22.220 -5.631 -2.141 24.069 -4.629 -1.364 0.322088 0.803598 0.313206 0.818348 0.306099 0.806061
3 16 24.581 -2.682 -1.870 24.824 -4.536 -0.735 25.649 -2.633 -0.943 0.311043 0.793890 0.300828 0.802884 0.302760 0.790265
3 16 24.581 -2.682 -1.870 24.069 -4.629 -1.364 24.824 -4.536 -0.735 0.311043 0.793890 0.306099 0.806061 0.300828 0.802884
3 16 25.649 -2.633 -0.943 25.518 -4.606 0.000 26.533 -2.675 0.000 0.302760 0.790265 0.294883 0.800962 0.294883 0.788299
3 16 25.649 -2.633 -0.943 24.824 -4.536 -0.735 25.518 -4.606 0.000 0.302760 0.790265 0.300828 0.802884 0.294883 0.800962
3 16 23.855 -6.654 0.000 22.220 -5.631 -2.141 21.263 -8.988 0.000 0.294883 0.816356 0.313206 0.818348 0.294883 0.837796
3 16 23.855 -6.654 0.000 24.069 -4.629 -1.364 22.220 -5.631 -2.141 0.294883 0.816356 0.306099 0.806061 0.313206 0.818348
3 16 23.136 -9.905 -1.583 21.502 -9.963 -3.201 22.653 -9.039 -3.072 0.356372 0.252356 0.343555 0.259661 0.344876 0.250182
3 16 23.136 -9.905 -1.583 21.761 -11.056 -1.518 21.502 -9.963 -3.201 0.356372 0.252356 0.356706 0.263705 0.343555 0.259661
3 16 24.427 -6.030 0.000 24.069 -4.629 -1.364 23.855 -6.654 0.000 0.294883 0.811296 0.306099 0.806061 0.294883 0.816356
3 16 24.427 -6.030 0.000 24.824 -4.536 -0.735 24.069 -4.629 -1.364 0.294883 0.811296 0.300828 0.802884 0.306099 0.806061
3 16 24.427 -6.030 0.000 25.518 -4.606 0.000 24.824 -4.536 -0.735 0.294883 0.811296 0.294883 0.800962 0.300828 0.802884
3 16 25.543 -7.281 -1.726 23.521 -10.494 0.000 23.136 -9.905 -1.583 0.355456 0.230118 0.367697 0.253125 0.356372 0.252356
3 16 25.543 -7.281 -1.726 26.358 -7.747 0.000 23.521 -10.494 0.000 0.355456 0.230118 0.367697 0.229302 0.367697 0.253125
3 16 23.521 -10.494 0.000 21.761 -11.056 -1.518 23.136 -9.905 -1.583 0.367697 0.253125 0.356706 0.263705 0.356372 0.252356
3 16 23.521 -10.494 0.000 21.998 -11.598 0.000 21.761 -11.056 -1.518 0.367697 0.253125 0.367697 0.264756 0.356706 0.263705
3 16 20.000 -12.778 0.000 19.829 -15.029 -2.611 19.918 -12.246 -1.556 0.130470 0.535284 0.113452 0.549922 0.120337 0.531820
3 16 20.000 -12.778 0.000 20.000 -15.396 0.000 19.829 -15.029 -2.611 0.130470 0.535284 0.130470 0.552311 0.113452 0.549922
3 16 21.998 -11.598 0.000 19.918 -12.246 -1.556 21.761 -11.056 -1.518 0.367697 0.264756 0.355947 0.277851 0.356706 0.263705
3 16 21.998 -11.598 0.000 20.000 -12.778 0.000 19.918 -12.246 -1.556 0.367697 0.264756 0.367697 0.279528 0.355947 0.277851
3 16 19.247 -9.202 -5.436 21.068 -6.586 -5.601 21.104 -8.514 -4.601 0.322548 0.265179 0.320073 0.243730 0.330804 0.253894
3 16 19.247 -9.202 -5.436 18.779 -6.655 -6.862 21.068 -6.586 -5.601 0.322548 0.265179 0.305871 0.252915 0.320073 0.243730
3 16 19.695 -11.185 -3.480 18.478 -11.241 -7.654 19.247 -9.202 -5.436 0.107737 0.524914 0.079416 0.525286 0.094680 0.512013
3 16 19.695 -11.185 -3.480 19.319 -13.721 -5.176 18.478 -11.241 -7.654 0.107737 0.524914 0.096436 0.541418 0.079416 0.525286
3 16 19.695 -11.185 -3.480 21.104 -8.514 -4.601 21.502 -9.963 -3.201 0.340661 0.273644 0.330804 0.253894 0.343555 0.259661
3 16 19.695 -11.185 -3.480 19.247 -9.202 -5.436 21.104 -8.514 -4.601 0.340661 0.273644 0.322548 0.265179 0.330804 0.253894
3 16 19.695 -11.185 -3.480 19.829 -15.029 -2.611 19.319 -13.721 -5.176 0.107737 0.524914 0.113452 0.549922 0.096436 0.541418
3 16 19.695 -11.185 -3.480 19.918 -12.246 -1.556 19.829 -15.029 -2.611 0.107737 0.524914 0.120337 0.531820 0.113452 0.549922
3 16 19.695 -11.185 -3.480 21.761 -11.056 -1.518 19.918 -12.246 -1.556 0.340661 0.273644 0.356706 0.263705 0.355947 0.277851
3 16 19.695 -11.185 -3.480 21.502 -9.963 -3.201 21.761 -11.056 -1.518 0.340661 0.273644 0.343555 0.259661 0.356706 0.263705
3 16 19.392 0.000 -1.813 19.499 -3.901 0.000 19.422 -4.044 -1.705 0.890991 0.230519 0.902803 0.255894 0.891697 0.256820
3 16 19.392 0.000 -1.813 19.480 0.000 0.000 19.499 -3.901 0.000 0.890991 0.230519 0.902803 0.230522 0.902803 0.255894
3 16 26.533 -2.675 0.000 26.293 0.000 -0.948 25.649 -2.633 -0.943 0.294883 0.788299 0.303796 0.773026 0.302760 0.790265
3 16 26.533 -2.675 0.000 27.039 0.000 0.000 26.293 0.000 -0.948 0.294883 0.788299 0.294883 0.771782 0.303796 0.773026
3 16 23.011 0.000 -3.360 24.581 -2.682 -1.870 25.333 0.000 -1.977 0.330959 0.784391 0.311043 0.793890 0.313739 0.775966
3 16 23.011 0.000 -3.360 22.637 -3.165 -2.910 24.581 -2.682 -1.870 0.330959 0.784391 0.322088 0.803598 0.311043 0.793890
3 16 25.333 0.000 -1.977 25.649 -2.633 -0.943 26.293 0.000 -0.948 0.313739 0.775966 0.302760 0.790265 0.303796 0.773026
3 16 25.333 0.000 -1.977 24.581 -2.682 -1.870 25.649 -2.633 -0.943 0.313739 0.775966 0.311043 0.793890 0.302760 0.790265
3 16 21.395 0.000 -6.887 23.935 -2.049 -5.456 21.376 -1.958 -6.737 0.296316 0.205515 0.319224 0.207705 0.302713 0.216737
3 16 21.395 0.000 -6.887 24.206 0.000 -5.458 23.935 -2.049 -5.456 0.296316 0.205515 0.314832 0.194807 0.319224 0.207705
3 16 18.221 -1.815 -8.266 21.395 0.000 -6.887 21.376 -1.958 -6.737 0.282502 0.227498 0.296316 0.205515 0.302713 0.216737
3 16 18.221 -1.815 -8.266 18.092 0.000 -8.526 21.395 0.000 -6.887 0.282502 0.227498 0.275335 0.217732 0.296316 0.205515
3 16 17.388 -1.270 -9.947 17.499 -0.524 -9.684 18.221 -1.815 -8.266 0.062888 0.460419 0.064749 0.455563 0.075074 0.463974
3 16 17.775 -0.133 -9.168 18.092 0.000 -8.526 18.221 -1.815 -8.266 0.068550 0.453021 0.073209 0.452157 0.075074 0.463974
3 16 24.206 0.000 -5.458 26.373 -2.105 -3.910 23.935 -2.049 -5.456 0.314832 0.194807 0.336365 0.199255 0.319224 0.207705
3 16 24.206 0.000 -5.458 26.934 0.000 -3.824 26.373 -2.105 -3.910 0.314832 0.194807 0.334782 0.184977 0.336365 0.199255
3 16 24.206 0.000 -5.458 25.333 0.000 -1.977 26.934 0.000 -3.824 0.754921 0.074634 0.732669 0.068050 0.744354 0.057234
3 16 24.206 0.000 -5.458 23.011 0.000 -3.360 25.333 0.000 -1.977 0.754921 0.074634 0.741640 0.082961 0.732669 0.068050
3 16 26.934 0.000 -3.824 28.272 -2.090 -1.904 26.373 -2.105 -3.910 0.334782 0.184977 0.353514 0.193114 0.336365 0.199255
3 16 26.934 0.000 -3.824 28.633 0.000 -1.814 28.272 -2.090 -1.904 0.334782 0.184977 0.352865 0.179382 0.353514 0.193114
3 16 26.934 0.000 -3.824 26.293 0.000 -0.948 28.633 0.000 -1.814 0.744354 0.057234 0.726079 0.061973 0.731373 0.046548
3 16 26.934 0.000 -3.824 25.333 0.000 -1.977 26.293 0.000 -0.948 0.744354 0.057234 0.732669 0.068050 0.726079 0.061973
3 16 28.633 0.000 -1.814 27.039 0.000 0.000 29.526 0.000 0.000 0.731373 0.046548 0.720029 0.057265 0.719629 0.041002
3 16 28.633 0.000 -1.814 26.293 0.000 -0.948 27.039 0.000 0.000 0.731373 0.046548 0.726079 0.061973 0.720029 0.057265
3 16 28.633 0.000 -1.814 29.351 -2.123 0.000 28.272 -2.090 -1.904 0.352865 0.179382 0.367697 0.190966 0.353514 0.193114
3 16 28.633 0.000 -1.814 29.526 0.000 0.000 29.351 -2.123 0.000 0.352865 0.179382 0.367697 0.177757 0.367697 0.190966
3 16 17.388 -1.270 -9.947 18.415 -3.877 -7.817 17.089 -5.255 -10.387 0.062888 0.460419 0.078139 0.477446 0.059459 0.486342
3 16 17.388 -1.270 -9.947 18.221 -1.815 -8.266 18.415 -3.877 -7.817 0.062888 0.460419 0.075074 0.463974 0.078139 0.477446
3 16 17.499 -0.524 -9.684 17.775 -0.133 -9.168 18.221 -1.815 -8.266 0.064749 0.455563 0.068550 0.453021 0.075074 0.463974
3 16 16.250 0.000 0.000 19.392 0.000 -1.813 16.090 0.000 -2.118 0.720502 0.135121 0.731509 0.114014 0.736790 0.133848
3 16 16.250 0.000 0.000 19.480 0.000 0.000 19.392 0.000 -1.813 0.720502 0.135121 0.720240 0.114803 0.731509 0.114014
3 16 27.493 -4.168 -1.891 26.358 -7.747 0.000 25.543 -7.281 -1.726 0.354103 0.207178 0.367697 0.229302 0.355456 0.230118
3 16 27.493 -4.168 -1.891 28.647 -4.327 0.000 26.358 -7.747 0.000 0.354103 0.207178 0.367697 0.204801 0.367697 0.229302
3 16 25.543 -7.281 -1.726 25.609 -4.237 -3.727 27.493 -4.168 -1.891 0.355456 0.230118 0.338914 0.213862 0.354103 0.207178
3 16 25.543 -7.281 -1.726 24.149 -7.072 -3.308 25.609 -4.237 -3.727 0.355456 0.230118 0.342861 0.234341 0.338914 0.213862
3 16 23.467 -4.127 -5.148 24.149 -7.072 -3.308 22.668 -6.760 -4.544 0.324131 0.221083 0.342861 0.234341 0.331221 0.238425
3 16 23.467 -4.127 -5.148 25.609 -4.237 -3.727 24.149 -7.072 -3.308 0.324131 0.221083 0.338914 0.213862 0.342861 0.234341
3 16 21.068 -6.586 -5.601 23.467 -4.127 -5.148 22.668 -6.760 -4.544 0.320073 0.243730 0.324131 0.221083 0.331221 0.238425
3 16 21.068 -6.586 -5.601 21.251 -3.990 -6.370 23.467 -4.127 -5.148 0.320073 0.243730 0.309681 0.228656 0.324131 0.221083
3 16 18.779 -6.655 -6.862 21.251 -3.990 -6.370 21.068 -6.586 -5.601 0.305871 0.252915 0.309681 0.228656 0.320073 0.243730
3 16 18.779 -6.655 -6.862 18.415 -3.877 -7.817 21.251 -3.990 -6.370 0.305871 0.252915 0.291504 0.238507 0.309681 0.228656
3 16 18.779 -6.655 -6.862 17.089 -5.255 -10.387 18.415 -3.877 -7.817 0.084914 0.495451 0.059459 0.486342 0.078139 0.477446
3 16 18.779 -6.655 -6.862 17.738 -8.067 -9.111 17.089 -5.255 -10.387 0.084914 0.495451 0.068787 0.504635 0.059459 0.486342
3 16 16.181 -5.256 -9.510 17.388 -1.270 -9.947 17.089 -5.255 -10.387 0.807916 0.137551 0.790080 0.116857 0.812395 0.130634
3 16 16.181 -5.256 -9.510 16.291 -1.314 -8.896 17.388 -1.270 -9.947 0.807916 0.137551 0.784912 0.125319 0.790080 0.116857
3 16 16.000 -5.256 -9.009 16.291 -1.314 -8.896 16.181 -5.256 -9.510 0.166983 0.786872 0.167109 0.761183 0.170643 0.786907
3 16 16.000 -5.256 -9.009 16.096 -0.594 -8.380 16.291 -1.314 -8.896 0.166983 0.786872 0.163509 0.756510 0.167109 0.761183
3 16 15.018 -5.256 -6.289 15.631 -0.361 -7.333 15.624 -5.256 -7.967 0.148218 0.786852 0.156066 0.755006 0.159703 0.786851
3 16 15.018 -5.256 -6.289 15.015 -0.122 -6.262 15.631 -0.361 -7.333 0.148218 0.786852 0.148034 0.753458 0.156066 0.755006
3 16 15.676 -5.256 -4.200 15.015 -0.122 -6.262 15.018 -5.256 -6.289 0.570888 0.450095 0.584949 0.416685 0.585131 0.450069
3 16 15.676 -5.256 -4.200 15.676 0.000 -4.200 15.015 -0.122 -6.262 0.570888 0.450095 0.570867 0.415904 0.584949 0.416685
3 16 18.415 -3.877 -7.817 21.376 -1.958 -6.737 21.251 -3.990 -6.370 0.291504 0.238507 0.302713 0.216737 0.309681 0.228656
3 16 18.415 -3.877 -7.817 18.221 -1.815 -8.266 21.376 -1.958 -6.737 0.291504 0.238507 0.282502 0.227498 0.302713 0.216737
3 16 21.376 -1.958 -6.737 23.467 -4.127 -5.148 21.251 -3.990 -6.370 0.302713 0.216737 0.324131 0.221083 0.309681 0.228656
3 16 21.376 -1.958 -6.737 23.935 -2.049 -5.456 23.467 -4.127 -5.148 0.302713 0.216737 0.319224 0.207705 0.324131 0.221083
3 16 23.935 -2.049 -5.456 25.609 -4.237 -3.727 23.467 -4.127 -5.148 0.319224 0.207705 0.338914 0.213862 0.324131 0.221083
3 16 23.935 -2.049 -5.456 26.373 -2.105 -3.910 25.609 -4.237 -3.727 0.319224 0.207705 0.336365 0.199255 0.338914 0.213862
3 16 27.493 -4.168 -1.891 26.373 -2.105 -3.910 28.272 -2.090 -1.904 0.354103 0.207178 0.336365 0.199255 0.353514 0.193114
3 16 27.493 -4.168 -1.891 25.609 -4.237 -3.727 26.373 -2.105 -3.910 0.354103 0.207178 0.338914 0.213862 0.336365 0.199255
3 16 28.272 -2.090 -1.904 28.647 -4.327 0.000 27.493 -4.168 -1.891 0.353514 0.193114 0.367697 0.204801 0.354103 0.207178
3 16 28.272 -2.090 -1.904 29.351 -2.123 0.000 28.647 -4.327 0.000 0.353514 0.193114 0.367697 0.190966 0.367697 0.204801
3 16 19.499 -6.396 0.000 19.301 -7.232 -3.220 19.469 -5.482 -1.087 0.902803 0.272125 0.881815 0.277561 0.895727 0.266179
3 16 19.499 -6.396 0.000 19.510 -10.191 0.000 19.301 -7.232 -3.220 0.902803 0.272125 0.902803 0.296810 0.881815 0.277561
3 16 19.301 -7.232 -3.220 21.263 -8.988 0.000 22.220 -5.631 -2.141 0.322660 0.838886 0.294883 0.837796 0.313206 0.818348
3 16 19.301 -7.232 -3.220 19.510 -10.191 0.000 21.263 -8.988 0.000 0.322660 0.838886 0.294883 0.851573 0.294883 0.837796
3 16 19.109 -4.748 -4.390 19.469 -5.482 -1.087 19.301 -7.232 -3.220 0.874109 0.261397 0.895727 0.266179 0.881815 0.277561
3 16 19.109 -4.748 -4.390 19.422 -4.044 -1.705 19.469 -5.482 -1.087 0.874109 0.261397 0.891697 0.256820 0.895727 0.266179
3 16 19.109 -4.748 -4.390 22.220 -5.631 -2.141 22.637 -3.165 -2.910 0.337294 0.826200 0.313206 0.818348 0.322088 0.803598
3 16 19.109 -4.748 -4.390 19.301 -7.232 -3.220 22.220 -5.631 -2.141 0.337294 0.826200 0.322660 0.838886 0.313206 0.818348
3 16 19.392 0.000 -1.813 19.109 -4.748 -4.390 18.729 0.000 -5.437 0.890991 0.230519 0.874109 0.261397 0.867027 0.230465
3 16 19.392 0.000 -1.813 19.422 -4.044 -1.705 19.109 -4.748 -4.390 0.890991 0.230519 0.891697 0.256820 0.874109 0.261397
3 16 18.729 0.000 -5.437 22.637 -3.165 -2.910 23.011 0.000 -3.360 0.358296 0.800924 0.322088 0.803598 0.330959 0.784391
3 16 18.729 0.000 -5.437 19.109 -4.748 -4.390 22.637 -3.165 -2.910 0.358296 0.800924 0.337294 0.826200 0.322088 0.803598
3 16 21.395 0.000 -6.887 23.011 0.000 -3.360 24.206 0.000 -5.458 0.764257 0.092480 0.741640 0.082961 0.754921 0.074634
3 16 21.395 0.000 -6.887 18.729 0.000 -5.437 23.011 0.000 -3.360 0.764257 0.092480 0.756037 0.110971 0.741640 0.082961
3 16 21.395 0.000 -6.887 18.092 0.000 -8.526 18.729 0.000 -5.437 0.764257 0.092480 0.776600 0.111915 0.756037 0.110971
3 16 15.015 -0.122 -6.262 18.729 0.000 -5.437 18.092 0.000 -8.526 0.766028 0.134351 0.756037 0.110971 0.776600 0.111915
3 16 15.015 -0.122 -6.262 15.676 0.000 -4.200 18.729 0.000 -5.437 0.766028 0.134351 0.751711 0.133002 0.756037 0.110971
3 16 16.070 -5.256 -2.053 16.250 0.000 0.000 16.090 0.000 -2.118 0.556663 0.450098 0.543250 0.415913 0.557063 0.415910
3 16 16.070 -5.256 -2.053 16.136 -5.256 0.041 16.250 0.000 0.000 0.556663 0.450098 0.542928 0.450099 0.543250 0.415913
3 16 15.676 -5.256 -4.200 16.090 0.000 -2.118 15.676 0.000 -4.200 0.570888 0.450095 0.557063 0.415910 0.570867 0.415904
3 16 15.676 -5.256 -4.200 16.070 -5.256 -2.053 16.090 0.000 -2.118 0.570888 0.450095 0.556663 0.450098 0.557063 0.415910
3 16 18.729 0.000 -5.437 16.090 0.000 -2.118 19.392 0.000 -1.813 0.756037 0.110971 0.736790 0.133848 0.731509 0.114014
3 16 18.729 0.000 -5.437 15.676 0.000 -4.200 16.090 0.000 -2.118 0.756037 0.110971 0.751711 0.133002 0.736790 0.133848
3 16 17.738 -8.067 -9.111 19.247 -9.202 -5.436 18.478 -11.241 -7.654 0.068787 0.504635 0.094680 0.512013 0.079416 0.525286
3 16 17.738 -8.067 -9.111 18.779 -6.655 -6.862 19.247 -9.202 -5.436 0.068787 0.504635 0.084914 0.495451 0.094680 0.512013
3 16 16.291 -1.314 -8.896 17.499 -0.524 -9.684 17.388 -1.270 -9.947 0.784912 0.125319 0.785386 0.114621 0.790080 0.116857
3 16 16.291 -1.314 -8.896 16.096 -0.594 -8.380 17.499 -0.524 -9.684 0.784912 0.125319 0.778959 0.125294 0.785386 0.114621
3 16 23.136 -9.905 1.583 24.149 -7.072 3.308 22.653 -9.039 3.072 0.379022 0.252356 0.392534 0.234341 0.390519 0.250182
3 16 23.136 -9.905 1.583 25.543 -7.281 1.726 24.149 -7.072 3.308 0.379022 0.252356 0.379939 0.230118 0.392534 0.234341
3 16 24.149 -7.072 3.308 22.085 -8.326 4.042 22.653 -9.039 3.072 0.392534 0.234341 0.399199 0.248926 0.390519 0.250182
3 16 24.149 -7.072 3.308 22.668 -6.760 4.544 22.085 -8.326 4.042 0.392534 0.234341 0.404174 0.238425 0.399199 0.248926
3 16 21.104 -8.514 4.601 22.668 -6.760 4.544 21.068 -6.586 5.601 0.404590 0.253894 0.404174 0.238425 0.415322 0.243730
3 16 21.104 -8.514 4.601 22.085 -8.326 4.042 22.668 -6.760 4.544 0.404590 0.253894 0.399199 0.248926 0.404174 0.238425
3 16 21.068 -6.586 5.601 19.247 -9.202 5.436 21.104 -8.514 4.601 0.415322 0.243730 0.412847 0.265179 0.404590 0.253894
3 16 21.068 -6.586 5.601 18.779 -6.655 6.862 19.247 -9.202 5.436 0.415322 0.243730 0.429523 0.252915 0.412847 0.265179
3 16 21.502 -9.963 3.201 22.085 -8.326 4.042 21.104 -8.514 4.601 0.391839 0.259661 0.399199 0.248926 0.404590 0.253894
3 16 21.502 -9.963 3.201 22.653 -9.039 3.072 22.085 -8.326 4.042 0.391839 0.259661 0.390519 0.250182 0.399199 0.248926
3 16 19.695 -11.185 3.480 18.478 -11.241 7.654 19.319 -13.721 5.176 0.153203 0.524914 0.181524 0.525286 0.164505 0.541418
3 16 19.695 -11.185 3.480 19.247 -9.202 5.436 18.478 -11.241 7.654 0.153203 0.524914 0.166260 0.512013 0.181524 0.525286
3 16 19.469 -5.482 1.087 19.499 -3.901 0.000 19.422 -4.044 1.705 0.909878 0.266179 0.902803 0.255894 0.913908 0.256820
3 16 19.469 -5.482 1.087 19.499 -6.396 0.000 19.499 -3.901 0.000 0.909878 0.266179 0.902803 0.272125 0.902803 0.255894
3 16 22.637 -3.165 2.910 24.069 -4.629 1.364 22.220 -5.631 2.141 0.267679 0.803598 0.283668 0.806061 0.276561 0.818348
3 16 22.637 -3.165 2.910 24.581 -2.682 1.870 24.069 -4.629 1.364 0.267679 0.803598 0.278724 0.793890 0.283668 0.806061
3 16 24.581 -2.682 1.870 24.824 -4.536 0.735 24.069 -4.629 1.364 0.278724 0.793890 0.288938 0.802884 0.283668 0.806061
3 16 24.581 -2.682 1.870 25.649 -2.633 0.943 24.824 -4.536 0.735 0.278724 0.793890 0.287007 0.790265 0.288938 0.802884
3 16 25.649 -2.633 0.943 25.518 -4.606 0.000 24.824 -4.536 0.735 0.287007 0.790265 0.294883 0.800962 0.288938 0.802884
3 16 25.649 -2.633 0.943 26.533 -2.675 0.000 25.518 -4.606 0.000 0.287007 0.790265 0.294883 0.788299 0.294883 0.800962
3 16 22.220 -5.631 2.141 23.855 -6.654 0.000 21.263 -8.988 0.000 0.276561 0.818348 0.294883 0.816356 0.294883 0.837796
3 16 22.220 -5.631 2.141 24.069 -4.629 1.364 23.855 -6.654 0.000 0.276561 0.818348 0.283668 0.806061 0.294883 0.816356
3 16 21.502 -9.963 3.201 23.136 -9.905 1.583 22.653 -9.039 3.072 0.391839 0.259661 0.379022 0.252356 0.390519 0.250182
3 16 21.502 -9.963 3.201 21.761 -11.056 1.518 23.136 -9.905 1.583 0.391839 0.259661 0.378688 0.263705 0.379022 0.252356
3 16 24.427 -6.030 0.000 24.069 -4.629 1.364 24.824 -4.536 0.735 0.294883 0.811296 0.283668 0.806061 0.288938 0.802884
3 16 24.427 -6.030 0.000 23.855 -6.654 0.000 24.069 -4.629 1.364 0.294883 0.811296 0.294883 0.816356 0.283668 0.806061
3 16 16.012 -5.256 9.042 16.291 -1.314 8.896 16.096 -0.594 8.380 0.968186 0.775096 0.968303 0.749406 0.971902 0.744733
3 16 16.012 -5.256 9.042 16.181 -5.256 9.510 16.291 -1.314 8.896 0.968186 0.775096 0.964768 0.775130 0.968303 0.749406
3 16 19.829 -15.029 2.611 19.695 -11.185 3.480 19.319 -13.721 5.176 0.147488 0.549922 0.153203 0.524914 0.164505 0.541418
3 16 19.829 -15.029 2.611 19.918 -12.246 1.556 19.695 -11.185 3.480 0.147488 0.549922 0.140603 0.531820 0.153203 0.524914
3 16 25.518 -4.606 0.000 24.427 -6.030 0.000 24.824 -4.536 0.735 0.294883 0.800962 0.294883 0.811296 0.288938 0.802884
3 16 25.543 -7.281 1.726 23.521 -10.494 0.000 26.358 -7.747 0.000 0.379939 0.230118 0.367697 0.253125 0.367697 0.229302
3 16 25.543 -7.281 1.726 23.136 -9.905 1.583 23.521 -10.494 0.000 0.379939 0.230118 0.379022 0.252356 0.367697 0.253125
3 16 23.521 -10.494 0.000 21.761 -11.056 1.518 21.998 -11.598 0.000 0.367697 0.253125 0.378688 0.263705 0.367697 0.264756
3 16 23.521 -10.494 0.000 23.136 -9.905 1.583 21.761 -11.056 1.518 0.367697 0.253125 0.379022 0.252356 0.378688 0.263705
3 16 20.000 -12.778 0.000 19.829 -15.029 2.611 20.000 -15.396 0.000 0.130470 0.535284 0.147488 0.549922 0.130470 0.552311
3 16 20.000 -12.778 0.000 19.918 -12.246 1.556 19.829 -15.029 2.611 0.130470 0.535284 0.140603 0.531820 0.147488 0.549922
3 16 19.247 -9.202 5.436 17.805 -8.067 8.977 18.478 -11.241 7.654 0.166260 0.512013 0.191182 0.504635 0.181524 0.525286
3 16 19.247 -9.202 5.436 18.779 -6.655 6.862 17.805 -8.067 8.977 0.166260 0.512013 0.176026 0.495451 0.191182 0.504635
3 16 21.998 -11.598 0.000 19.918 -12.246 1.556 20.000 -12.778 0.000 0.367697 0.264756 0.379447 0.277851 0.367697 0.279528
3 16 21.998 -11.598 0.000 21.761 -11.056 1.518 19.918 -12.246 1.556 0.367697 0.264756 0.378688 0.263705 0.379447 0.277851
3 16 18.427 -4.012 7.793 17.388 -1.270 9.947 17.089 -5.255 10.387 0.182573 0.478294 0.198052 0.460419 0.201481 0.486342
3 16 18.427 -4.012 7.793 18.239 -2.073 8.229 17.388 -1.270 9.947 0.182573 0.478294 0.185591 0.465648 0.198052 0.460419
3 16 21.104 -8.514 4.601 19.695 -11.185 3.480 21.502 -9.963 3.201 0.404590 0.253894 0.394733 0.273644 0.391839 0.259661
3 16 21.104 -8.514 4.601 19.247 -9.202 5.436 19.695 -11.185 3.480 0.404590 0.253894 0.412847 0.265179 0.394733 0.273644
3 16 21.761 -11.056 1.518 19.695 -11.185 3.480 19.918 -12.246 1.556 0.378688 0.263705 0.394733 0.273644 0.379447 0.277851
3 16 21.761 -11.056 1.518 21.502 -9.963 3.201 19.695 -11.185 3.480 0.378688 0.263705 0.391839 0.259661 0.394733 0.273644
3 16 18.779 -6.655 6.862 17.089 -5.255 10.387 17.805 -8.067 8.977 0.176026 0.495451 0.201481 0.486342 0.191182 0.504635
3 16 18.779 -6.655 6.862 18.427 -4.012 7.793 17.089 -5.255 10.387 0.176026 0.495451 0.182573 0.478294 0.201481 0.486342
3 16 26.533 -2.675 0.000 26.293 0.000 0.948 27.039 0.000 0.000 0.294883 0.788299 0.285971 0.773026 0.294883 0.771782
3 16 26.533 -2.675 0.000 25.649 -2.633 0.943 26.293 0.000 0.948 0.294883 0.788299 0.287007 0.790265 0.285971 0.773026
3 16 27.039 0.000 0.000 28.633 0.000 1.814 29.526 0.000 0.000 0.720029 0.057265 0.708147 0.047008 0.719629 0.041002
3 16 27.039 0.000 0.000 26.293 0.000 0.948 28.633 0.000 1.814 0.720029 0.057265 0.714084 0.062178 0.708147 0.047008
3 16 19.392 0.000 1.813 19.499 -3.901 0.000 19.480 0.000 0.000 0.914615 0.230519 0.902803 0.255894 0.902803 0.230522
3 16 19.392 0.000 1.813 19.422 -4.044 1.705 19.499 -3.901 0.000 0.914615 0.230519 0.913908 0.256820 0.902803 0.255894
3 16 16.250 0.000 0.000 19.392 0.000 1.813 19.480 0.000 0.000 0.720502 0.135121 0.709123 0.114526 0.720240 0.114803
3 16 16.250 0.000 0.000 16.090 0.000 2.118 19.392 0.000 1.813 0.720502 0.135121 0.704116 0.134323 0.709123 0.114526
3 16 23.011 0.000 3.360 24.581 -2.682 1.870 22.637 -3.165 2.910 0.258808 0.784391 0.278724 0.793890 0.267679 0.803598
3 16 23.011 0.000 3.360 25.333 0.000 1.977 24.581 -2.682 1.870 0.258808 0.784391 0.276028 0.775966 0.278724 0.793890
3 16 25.649 -2.633 0.943 25.333 0.000 1.977 26.293 0.000 0.948 0.287007 0.790265 0.276028 0.775966 0.285971 0.773026
3 16 25.649 -2.633 0.943 24.581 -2.682 1.870 25.333 0.000 1.977 0.287007 0.790265 0.278724 0.793890 0.276028 0.775966
3 16 24.206 0.000 5.458 25.333 0.000 1.977 23.011 0.000 3.360 0.685586 0.075315 0.707630 0.068438 0.698943 0.083450
3 16 24.206 0.000 5.458 26.934 0.000 3.824 25.333 0.000 1.977 0.685586 0.075315 0.695606 0.058014 0.707630 0.068438
3 16 26.934 0.000 3.824 26.293 0.000 0.948 25.333 0.000 1.977 0.695606 0.058014 0.714084 0.062178 0.707630 0.068438
3 16 26.934 0.000 3.824 28.633 0.000 1.814 26.293 0.000 0.948 0.695606 0.058014 0.708147 0.047008 0.714084 0.062178
3 16 21.395 0.000 6.887 23.935 -2.049 5.456 24.206 0.000 5.458 0.439078 0.205515 0.416170 0.207705 0.420562 0.194807
3 16 21.395 0.000 6.887 21.376 -1.958 6.737 23.935 -2.049 5.456 0.439078 0.205515 0.432681 0.216737 0.416170 0.207705
3 16 16.291 -1.314 8.896 17.499 -0.524 9.684 16.096 -0.594 8.380 0.655765 0.125008 0.655554 0.114301 0.661727 0.125132
3 16 16.291 -1.314 8.896 17.388 -1.270 9.947 17.499 -0.524 9.684 0.655765 0.125008 0.650808 0.116420 0.655554 0.114301
3 16 26.373 -2.105 3.910 24.206 0.000 5.458 23.935 -2.049 5.456 0.399029 0.199255 0.420562 0.194807 0.416170 0.207705
3 16 26.373 -2.105 3.910 26.934 0.000 3.824 24.206 0.000 5.458 0.399029 0.199255 0.400612 0.184977 0.420562 0.194807
3 16 28.272 -2.090 1.904 26.934 0.000 3.824 26.373 -2.105 3.910 0.381881 0.193114 0.400612 0.184977 0.399029 0.199255
3 16 28.272 -2.090 1.904 28.633 0.000 1.814 26.934 0.000 3.824 0.381881 0.193114 0.382530 0.179382 0.400612 0.184977
3 16 29.351 -2.123 0.000 28.633 0.000 1.814 28.272 -2.090 1.904 0.367697 0.190966 0.382530 0.179382 0.381881 0.193114
3 16 29.351 -2.123 0.000 29.526 0.000 0.000 28.633 0.000 1.814 0.367697 0.190966 0.367697 0.177757 0.382530 0.179382
3 16 18.092 0.000 8.526 15.776 -0.340 7.674 17.775 -0.133 9.168 0.664379 0.111811 0.666342 0.127805 0.659873 0.112899
3 16 18.092 0.000 8.526 15.015 -0.122 6.262 15.776 -0.340 7.674 0.664379 0.111811 0.674545 0.134534 0.666342 0.127805
3 16 17.388 -1.270 9.947 16.181 -5.256 9.510 17.089 -5.255 10.387 0.650808 0.116420 0.632462 0.136663 0.628157 0.129636
3 16 17.388 -1.270 9.947 16.291 -1.314 8.896 16.181 -5.256 9.510 0.650808 0.116420 0.655765 0.125008 0.632462 0.136663
3 16 17.499 -0.524 9.684 17.388 -1.270 9.947 18.239 -2.073 8.229 0.196191 0.455563 0.198052 0.460419 0.185591 0.465648
3 16 16.250 0.000 0.000 16.067 -5.256 2.062 16.090 0.000 2.118 0.543250 0.415913 0.529783 0.450099 0.529438 0.415910
3 16 16.250 0.000 0.000 16.136 -5.256 0.041 16.067 -5.256 2.062 0.543250 0.415913 0.542928 0.450099 0.529783 0.450099
3 16 16.090 0.000 2.118 18.729 0.000 5.437 19.392 0.000 1.813 0.704116 0.134323 0.685140 0.110974 0.709123 0.114526
3 16 16.090 0.000 2.118 15.676 0.000 4.200 18.729 0.000 5.437 0.704116 0.134323 0.689026 0.133551 0.685140 0.110974
3 16 16.090 0.000 2.118 15.676 -5.256 4.200 15.676 0.000 4.200 0.529438 0.415910 0.515613 0.450095 0.515634 0.415904
3 16 16.090 0.000 2.118 16.067 -5.256 2.062 15.676 -5.256 4.200 0.529438 0.415910 0.529783 0.450099 0.515613 0.450095
3 16 15.015 -0.122 6.262 15.676 -5.256 4.200 15.018 -5.256 6.288 0.501552 0.416685 0.515613 0.450095 0.501370 0.450069
3 16 15.015 -0.122 6.262 15.676 0.000 4.200 15.676 -5.256 4.200 0.501552 0.416685 0.515634 0.415904 0.515613 0.450095
3 16 15.018 -5.256 6.288 15.776 -0.340 7.674 15.015 -0.122 6.262 0.987193 0.775074 0.976947 0.743088 0.987378 0.741681
3 16 15.018 -5.256 6.288 15.620 -5.256 7.957 15.776 -0.340 7.674 0.987193 0.775074 0.975670 0.775074 0.976947 0.743088
3 16 15.620 -5.256 7.957 16.096 -0.594 8.380 15.776 -0.340 7.674 0.975670 0.775074 0.971902 0.744733 0.976947 0.743088
3 16 15.620 -5.256 7.957 16.012 -5.256 9.042 16.096 -0.594 8.380 0.975670 0.775074 0.968186 0.775096 0.971902 0.744733
3 16 27.493 -4.168 1.891 26.358 -7.747 0.000 28.647 -4.327 0.000 0.381291 0.207178 0.367697 0.229302 0.367697 0.204801
3 16 27.493 -4.168 1.891 25.543 -7.281 1.726 26.358 -7.747 0.000 0.381291 0.207178 0.379939 0.230118 0.367697 0.229302
3 16 25.543 -7.281 1.726 25.609 -4.237 3.727 24.149 -7.072 3.308 0.379939 0.230118 0.396480 0.213862 0.392534 0.234341
3 16 25.543 -7.281 1.726 27.493 -4.168 1.891 25.609 -4.237 3.727 0.379939 0.230118 0.381291 0.207178 0.396480 0.213862
3 16 23.467 -4.127 5.148 24.149 -7.072 3.308 25.609 -4.237 3.727 0.411264 0.221083 0.392534 0.234341 0.396480 0.213862
3 16 23.467 -4.127 5.148 22.668 -6.760 4.544 24.149 -7.072 3.308 0.411264 0.221083 0.404174 0.238425 0.392534 0.234341
3 16 23.467 -4.127 5.148 21.068 -6.586 5.601 22.668 -6.760 4.544 0.411264 0.221083 0.415322 0.243730 0.404174 0.238425
3 16 23.467 -4.127 5.148 21.251 -3.990 6.370 21.068 -6.586 5.601 0.411264 0.221083 0.425713 0.228656 0.415322 0.243730
3 16 21.251 -3.990 6.370 18.779 -6.655 6.862 21.068 -6.586 5.601 0.425713 0.228656 0.429523 0.252915 0.415322 0.243730
3 16 21.251 -3.990 6.370 18.427 -4.012 7.793 18.779 -6.655 6.862 0.425713 0.228656 0.443316 0.239238 0.429523 0.252915
3 16 18.427 -4.012 7.793 21.376 -1.958 6.737 18.239 -2.073 8.229 0.443316 0.239238 0.432681 0.216737 0.451871 0.228894
3 16 18.427 -4.012 7.793 21.251 -3.990 6.370 21.376 -1.958 6.737 0.443316 0.239238 0.425713 0.228656 0.432681 0.216737
3 16 21.376 -1.958 6.737 23.467 -4.127 5.148 23.935 -2.049 5.456 0.432681 0.216737 0.411264 0.221083 0.416170 0.207705
3 16 21.376 -1.958 6.737 21.251 -3.990 6.370 23.467 -4.127 5.148 0.432681 0.216737 0.425713 0.228656 0.411264 0.221083
3 16 23.935 -2.049 5.456 25.609 -4.237 3.727 26.373 -2.105 3.910 0.416170 0.207705 0.396480 0.213862 0.399029 0.199255
3 16 23.935 -2.049 5.456 23.467 -4.127 5.148 25.609 -4.237 3.727 0.416170 0.207705 0.411264 0.221083 0.396480 0.213862
3 16 26.373 -2.105 3.910 27.493 -4.168 1.891 28.272 -2.090 1.904 0.399029 0.199255 0.381291 0.207178 0.381881 0.193114
3 16 26.373 -2.105 3.910 25.609 -4.237 3.727 27.493 -4.168 1.891 0.399029 0.199255 0.396480 0.213862 0.381291 0.207178
3 16 28.272 -2.090 1.904 28.647 -4.327 0.000 29.351 -2.123 0.000 0.381881 0.193114 0.367697 0.204801 0.367697 0.190966
3 16 28.272 -2.090 1.904 27.493 -4.168 1.891 28.647 -4.327 0.000 0.381881 0.193114 0.381291 0.207178 0.367697 0.204801
3 16 19.499 -6.396 0.000 19.301 -7.232 3.219 19.510 -10.191 0.000 0.902803 0.272125 0.923790 0.277561 0.902803 0.296810
3 16 19.499 -6.396 0.000 19.469 -5.482 1.087 19.301 -7.232 3.219 0.902803 0.272125 0.909878 0.266179 0.923790 0.277561
3 16 19.301 -7.232 3.219 21.263 -8.988 0.000 19.510 -10.191 0.000 0.267106 0.838886 0.294883 0.837796 0.294883 0.851573
3 16 19.301 -7.232 3.219 22.220 -5.631 2.141 21.263 -8.988 0.000 0.267106 0.838886 0.276561 0.818348 0.294883 0.837796
3 16 18.092 0.000 8.526 21.395 0.000 6.887 18.729 0.000 5.437 0.664379 0.111811 0.676615 0.092703 0.685140 0.110974
3 16 19.469 -5.482 1.087 19.109 -4.748 4.390 19.301 -7.232 3.219 0.909878 0.266179 0.931496 0.261397 0.923790 0.277561
3 16 19.469 -5.482 1.087 19.422 -4.044 1.705 19.109 -4.748 4.390 0.909878 0.266179 0.913908 0.256820 0.931496 0.261397
3 16 22.220 -5.631 2.141 19.109 -4.748 4.390 22.637 -3.165 2.910 0.276561 0.818348 0.252473 0.826200 0.267679 0.803598
3 16 22.220 -5.631 2.141 19.301 -7.232 3.219 19.109 -4.748 4.390 0.276561 0.818348 0.267106 0.838886 0.252473 0.826200
3 16 19.392 0.000 1.813 19.109 -4.748 4.390 19.422 -4.044 1.705 0.914615 0.230519 0.931496 0.261397 0.913908 0.256820
3 16 19.392 0.000 1.813 18.729 0.000 5.437 19.109 -4.748 4.390 0.914615 0.230519 0.938579 0.230465 0.931496 0.261397
3 16 22.637 -3.165 2.910 18.729 0.000 5.437 23.011 0.000 3.360 0.267679 0.803598 0.231471 0.800924 0.258808 0.784391
3 16 22.637 -3.165 2.910 19.109 -4.748 4.390 18.729 0.000 5.437 0.267679 0.803598 0.252473 0.826200 0.231471 0.800924
3 16 23.011 0.000 3.360 21.395 0.000 6.887 24.206 0.000 5.458 0.698943 0.083450 0.676615 0.092703 0.685586 0.075315
3 16 23.011 0.000 3.360 18.729 0.000 5.437 21.395 0.000 6.887 0.698943 0.083450 0.685140 0.110974 0.676615 0.092703
3 16 16.096 -0.594 8.380 17.775 -0.133 9.168 15.776 -0.340 7.674 0.661727 0.125132 0.659873 0.112899 0.666342 0.127805
3 16 16.096 -0.594 8.380 17.499 -0.524 9.684 17.775 -0.133 9.168 0.661727 0.125132 0.655554 0.114301 0.659873 0.112899
3 16 21.395 0.000 6.887 18.239 -2.073 8.229 21.376 -1.958 6.737 0.439078 0.205515 0.451871 0.228894 0.432681 0.216737
3 16 21.395 0.000 6.887 18.092 0.000 8.526 18.239 -2.073 8.229 0.439078 0.205515 0.460059 0.217732 0.451871 0.228894
3 16 18.092 0.000 8.526 17.775 -0.133 9.168 18.239 -2.073 8.229 0.187731 0.452157 0.192389 0.453021 0.185591 0.465648
3 16 17.775 -0.133 9.168 17.499 -0.524 9.684 18.239 -2.073 8.229 0.192389 0.453021 0.196191 0.455563 0.185591 0.465648
3 16 18.729 0.000 5.437 15.015 -0.122 6.262 18.092 0.000 8.526 0.685140 0.110974 0.674545 0.134534 0.664379 0.111811
3 16 18.729 0.000 5.437 15.676 0.000 4.200 15.015 -0.122 6.262 0.685140 0.110974 0.689026 0.133551 0.674545 0.134534
3 16 18.092 0.000 -8.526 15.631 -0.361 -7.333 15.015 -0.122 -6.262 0.776600 0.111915 0.772627 0.129137 0.766028 0.134351
3 16 18.092 0.000 -8.526 17.775 -0.133 -9.168 15.631 -0.361 -7.333 0.776600 0.111915 0.781096 0.113112 0.772627 0.129137
3 16 17.775 -0.133 -9.168 16.096 -0.594 -8.380 15.631 -0.361 -7.333 0.781096 0.113112 0.778959 0.125294 0.772627 0.129137
3 16 17.775 -0.133 -9.168 17.499 -0.524 -9.684 16.096 -0.594 -8.380 0.781096 0.113112 0.785386 0.114621 0.778959 0.125294
3 16 16.096 -0.594 -8.380 15.624 -5.256 -7.967 15.631 -0.361 -7.333 0.163509 0.756510 0.159703 0.786851 0.156066 0.755006
3 16 16.096 -0.594 -8.380 16.000 -5.256 -9.009 15.624 -5.256 -7.967 0.163509 0.756510 0.166983 0.786872 0.159703 0.786851
3 16 15.620 -5.256 7.957 15.018 -5.256 6.288 14.055 -5.256 8.114 0.589130 0.975861 0.594032 0.986304 0.581203 0.982335
3 16 16.012 -5.256 9.042 14.055 -5.256 8.114 14.479 -5.256 10.629 0.585938 0.969064 0.581203 0.982335 0.571591 0.968815
3 16 16.012 -5.256 9.042 15.620 -5.256 7.957 14.055 -5.256 8.114 0.585938 0.969064 0.589130 0.975861 0.581203 0.982335
3 16 14.055 -5.256 -8.114 15.018 -5.256 -6.289 15.624 -5.256 -7.967 0.618577 0.982112 0.605748 0.986080 0.610683 0.975569
3 16 14.055 -5.256 -8.114 16.000 -5.256 -9.009 14.479 -5.256 -10.629 0.618577 0.982112 0.613742 0.969052 0.628189 0.968592
3 16 14.055 -5.256 -8.114 15.624 -5.256 -7.967 16.000 -5.256 -9.009 0.618577 0.982112 0.610683 0.975569 0.613742 0.969052
3 16 -1.583 -9.905 -23.136 -3.308 -7.072 -24.149 -1.726 -7.281 -25.543 0.090803 0.694748 0.077291 0.676733 0.089886 0.672509
3 16 -1.583 -9.905 -23.136 -3.072 -9.039 -22.653 -3.308 -7.072 -24.149 0.090803 0.694748 0.079306 0.692574 0.077291 0.676733
3 16 -3.308 -7.072 -24.149 -4.042 -8.326 -22.085 -4.544 -6.760 -22.668 0.077291 0.676733 0.070626 0.691318 0.065651 0.680817
3 16 -3.308 -7.072 -24.149 -3.072 -9.039 -22.653 -4.042 -8.326 -22.085 0.077291 0.676733 0.079306 0.692574 0.070626 0.691318
3 16 -4.544 -6.760 -22.668 -4.601 -8.514 -21.104 -5.601 -6.586 -21.068 0.065651 0.680817 0.065234 0.696286 0.054503 0.686122
3 16 -4.544 -6.760 -22.668 -4.042 -8.326 -22.085 -4.601 -8.514 -21.104 0.065651 0.680817 0.070626 0.691318 0.065234 0.696286
3 16 -4.042 -8.326 -22.085 -3.201 -9.963 -21.502 -4.601 -8.514 -21.104 0.070626 0.691318 0.077985 0.702053 0.065234 0.696286
3 16 -4.042 -8.326 -22.085 -3.072 -9.039 -22.653 -3.201 -9.963 -21.502 0.070626 0.691318 0.079306 0.692574 0.077985 0.702053
3 16 -1.087 -5.482 -19.469 0.000 -3.901 -19.499 0.000 -6.396 -19.499 0.826116 0.908675 0.833192 0.898390 0.833192 0.914622
3 16 -1.087 -5.482 -19.469 -1.705 -4.044 -19.422 0.000 -3.901 -19.499 0.826116 0.908675 0.822086 0.899317 0.833192 0.898390
3 16 -2.910 -3.165 -22.637 -1.364 -4.629 -24.069 -1.870 -2.682 -24.581 0.100382 0.763003 0.084394 0.765465 0.089338 0.753294
3 16 -2.910 -3.165 -22.637 -2.141 -5.631 -22.220 -1.364 -4.629 -24.069 0.100382 0.763003 0.091500 0.777752 0.084394 0.765465
3 16 -1.870 -2.682 -24.581 -0.735 -4.536 -24.824 -0.943 -2.633 -25.649 0.089338 0.753294 0.079123 0.762288 0.081055 0.749669
3 16 -1.870 -2.682 -24.581 -1.364 -4.629 -24.069 -0.735 -4.536 -24.824 0.089338 0.753294 0.084394 0.765465 0.079123 0.762288
3 16 -0.943 -2.633 -25.649 0.000 -4.606 -25.518 0.000 -2.675 -26.533 0.081055 0.749669 0.073178 0.760367 0.073178 0.747703
3 16 -0.943 -2.633 -25.649 -0.735 -4.536 -24.824 0.000 -4.606 -25.518 0.081055 0.749669 0.079123 0.762288 0.073178 0.760367
3 16 0.000 -6.654 -23.855 -2.141 -5.631 -22.220 0.000 -8.988 -21.263 0.073178 0.775760 0.091500 0.777752 0.073178 0.797200
3 16 0.000 -6.654 -23.855 -1.364 -4.629 -24.069 -2.141 -5.631 -22.220 0.073178 0.775760 0.084394 0.765465 0.091500 0.777752
3 16 -1.583 -9.905 -23.136 -3.201 -9.963 -21.502 -3.072 -9.039 -22.653 0.090803 0.694748 0.077985 0.702053 0.079306 0.692574
3 16 -1.583 -9.905 -23.136 -1.518 -11.056 -21.761 -3.201 -9.963 -21.502 0.090803 0.694748 0.091137 0.706097 0.077985 0.702053
3 16 0.000 -6.030 -24.427 -1.364 -4.629 -24.069 0.000 -6.654 -23.855 0.073178 0.770700 0.084394 0.765465 0.073178 0.775760
3 16 0.000 -6.030 -24.427 -0.735 -4.536 -24.824 -1.364 -4.629 -24.069 0.073178 0.770700 0.079123 0.762288 0.084394 0.765465
3 16 0.000 -6.030 -24.427 0.000 -4.606 -25.518 -0.735 -4.536 -24.824 0.073178 0.770700 0.073178 0.760367 0.079123 0.762288
3 16 -1.726 -7.281 -25.543 0.000 -10.494 -23.521 -1.583 -9.905 -23.136 0.089886 0.672509 0.102127 0.695517 0.090803 0.694748
3 16 -1.726 -7.281 -25.543 0.000 -7.747 -26.358 0.000 -10.494 -23.521 0.089886 0.672509 0.102127 0.671694 0.102127 0.695517
3 16 0.000 -10.494 -23.521 -1.518 -11.056 -21.761 -1.583 -9.905 -23.136 0.102127 0.695517 0.091137 0.706097 0.090803 0.694748
3 16 0.000 -10.494 -23.521 0.000 -11.598 -21.998 -1.518 -11.056 -21.761 0.102127 0.695517 0.102127 0.707147 0.091137 0.706097
3 16 0.000 -12.778 -20.000 -2.611 -15.029 -19.829 -1.556 -12.246 -19.918 0.378876 0.365230 0.361859 0.379868 0.368743 0.361766
3 16 0.000 -12.778 -20.000 0.000 -15.396 -20.000 -2.611 -15.029 -19.829 0.378876 0.365230 0.378876 0.382256 0.361859 0.379868
3 16 0.000 -11.598 -21.998 -1.556 -12.246 -19.918 -1.518 -11.056 -21.761 0.102127 0.707147 0.090378 0.720243 0.091137 0.706097
3 16 0.000 -11.598 -21.998 0.000 -12.778 -20.000 -1.556 -12.246 -19.918 0.102127 0.707147 0.102127 0.721920 0.090378 0.720243
3 16 -5.436 -8.778 -19.247 -5.601 -6.586 -21.068 -4.601 -8.514 -21.104 0.055524 0.705238 0.054503 0.686122 0.065234 0.696286
3 16 -5.436 -8.778 -19.247 -6.862 -6.655 -18.779 -5.601 -6.586 -21.068 0.055524 0.705238 0.040301 0.695307 0.054503 0.686122
3 16 -3.480 -11.185 -19.695 -7.654 -11.241 -18.478 -5.436 -8.778 -19.247 0.356143 0.354860 0.327821 0.355232 0.341954 0.340157
3 16 -3.480 -11.185 -19.695 -5.176 -13.721 -19.319 -7.654 -11.241 -18.478 0.356143 0.354860 0.344841 0.371364 0.327821 0.355232
3 16 -3.480 -11.185 -19.695 -4.601 -8.514 -21.104 -3.201 -9.963 -21.502 0.075091 0.716036 0.065234 0.696286 0.077985 0.702053
3 16 -3.480 -11.185 -19.695 -5.436 -8.778 -19.247 -4.601 -8.514 -21.104 0.075091 0.716036 0.055524 0.705238 0.065234 0.696286
3 16 -3.480 -11.185 -19.695 -2.611 -15.029 -19.829 -5.176 -13.721 -19.319 0.356143 0.354860 0.361859 0.379868 0.344841 0.371364
3 16 -3.480 -11.185 -19.695 -1.556 -12.246 -19.918 -2.611 -15.029 -19.829 0.356143 0.354860 0.368743 0.361766 0.361859 0.379868
3 16 -3.480 -11.185 -19.695 -1.518 -11.056 -21.761 -1.556 -12.246 -19.918 0.075091 0.716036 0.091137 0.706097 0.090378 0.720243
3 16 -3.480 -11.185 -19.695 -3.201 -9.963 -21.502 -1.518 -11.056 -21.761 0.075091 0.716036 0.077985 0.702053 0.091137 0.706097
3 16 -1.813 0.000 -19.392 0.000 -3.901 -19.499 -1.705 -4.044 -19.422 0.821380 0.873016 0.833192 0.898390 0.822086 0.899317
3 16 -1.813 0.000 -19.392 0.000 0.000 -19.480 0.000 -3.901 -19.499 0.821380 0.873016 0.833192 0.873019 0.833192 0.898390
3 16 0.000 -2.675 -26.533 -0.948 0.000 -26.293 -0.943 -2.633 -25.649 0.073178 0.747703 0.082090 0.732430 0.081055 0.749669
3 16 0.000 -2.675 -26.533 0.000 0.000 -27.039 -0.948 0.000 -26.293 0.073178 0.747703 0.073178 0.731187 0.082090 0.732430
3 16 -3.360 0.000 -23.011 -1.870 -2.682 -24.581 -1.977 0.000 -25.333 0.109253 0.743796 0.089338 0.753294 0.092034 0.735370
3 16 -3.360 0.000 -23.011 -2.910 -3.165 -22.637 -1.870 -2.682 -24.581 0.109253 0.743796 0.100382 0.763003 0.089338 0.753294
3 16 -1.977 0.000 -25.333 -0.943 -2.633 -25.649 -0.948 0.000 -26.293 0.092034 0.735370 0.081055 0.749669 0.082090 0.732430
3 16 -1.977 0.000 -25.333 -1.870 -2.682 -24.581 -0.943 -2.633 -25.649 0.092034 0.735370 0.089338 0.753294 0.081055 0.749669
3 16 -6.887 0.000 -21.395 -5.456 -2.049 -23.935 -6.737 -1.958 -21.376 0.030746 0.647907 0.053655 0.650097 0.037144 0.659128
3 16 -6.887 0.000 -21.395 -5.458 0.000 -24.206 -5.456 -2.049 -23.935 0.030746 0.647907 0.049262 0.637199 0.053655 0.650097
3 16 -8.266 -1.815 -18.221 -6.887 0.000 -21.395 -6.737 -1.958 -21.376 0.016932 0.669890 0.030746 0.647907 0.037144 0.659128
3 16 -8.266 -1.815 -18.221 -8.526 0.000 -18.092 -6.887 0.000 -21.395 0.016932 0.669890 0.009766 0.660123 0.030746 0.647907
3 16 -9.947 -1.270 -17.388 -9.684 -0.524 -17.499 -8.266 -1.815 -18.221 0.311293 0.290365 0.313154 0.285509 0.323480 0.293920
3 16 -9.168 -0.133 -17.775 -8.526 0.000 -18.092 -8.266 -1.815 -18.221 0.316956 0.282967 0.321615 0.282103 0.323480 0.293920
3 16 -5.458 0.000 -24.206 -3.910 -2.105 -26.373 -5.456 -2.049 -23.935 0.049262 0.637199 0.070795 0.641647 0.053655 0.650097
3 16 -5.458 0.000 -24.206 -3.824 0.000 -26.934 -3.910 -2.105 -26.373 0.049262 0.637199 0.069213 0.627368 0.070795 0.641647
3 16 -5.458 0.000 -24.206 -1.977 0.000 -25.333 -3.824 0.000 -26.934 0.726786 0.702222 0.704533 0.695637 0.716219 0.684822
3 16 -5.458 0.000 -24.206 -3.360 0.000 -23.011 -1.977 0.000 -25.333 0.726786 0.702222 0.713505 0.710549 0.704533 0.695637
3 16 -3.824 0.000 -26.934 -1.904 -2.090 -28.272 -3.910 -2.105 -26.373 0.069213 0.627368 0.087944 0.635506 0.070795 0.641647
3 16 -3.824 0.000 -26.934 -1.814 0.000 -28.633 -1.904 -2.090 -28.272 0.069213 0.627368 0.087295 0.621774 0.087944 0.635506
3 16 -3.824 0.000 -26.934 -0.948 0.000 -26.293 -1.814 0.000 -28.633 0.716219 0.684822 0.697943 0.689560 0.703238 0.674135
3 16 -3.824 0.000 -26.934 -1.977 0.000 -25.333 -0.948 0.000 -26.293 0.716219 0.684822 0.704533 0.695637 0.697943 0.689560
3 16 -1.814 0.000 -28.633 0.000 0.000 -27.039 0.000 0.000 -29.526 0.703238 0.674135 0.691894 0.684851 0.691494 0.668589
3 16 -1.814 0.000 -28.633 -0.948 0.000 -26.293 0.000 0.000 -27.039 0.703238 0.674135 0.697943 0.689560 0.691894 0.684851
3 16 -1.814 0.000 -28.633 0.000 -2.123 -29.351 -1.904 -2.090 -28.272 0.087295 0.621774 0.102127 0.633358 0.087944 0.635506
3 16 -1.814 0.000 -28.633 0.000 0.000 -29.526 0.000 -2.123 -29.351 0.087295 0.621774 0.102127 0.620149 0.102127 0.633358
3 16 -9.947 -1.270 -17.388 -7.817 -3.877 -18.415 -10.387 -5.255 -17.089 0.311293 0.290365 0.326544 0.307392 0.307865 0.316288
3 16 -9.947 -1.270 -17.388 -8.266 -1.815 -18.221 -7.817 -3.877 -18.415 0.311293 0.290365 0.323480 0.293920 0.326544 0.307392
3 16 -9.684 -0.524 -17.499 -9.168 -0.133 -17.775 -8.266 -1.815 -18.221 0.313154 0.285509 0.316956 0.282967 0.323480 0.293920
3 16 0.000 0.000 -16.250 -1.813 0.000 -19.392 -2.118 0.000 -16.090 0.692364 0.762708 0.703372 0.741601 0.708652 0.761435
3 16 0.000 0.000 -16.250 0.000 0.000 -19.480 -1.813 0.000 -19.392 0.692364 0.762708 0.692104 0.742390 0.703372 0.741601
3 16 -1.891 -4.168 -27.493 0.000 -7.747 -26.358 -1.726 -7.281 -25.543 0.088533 0.649570 0.102127 0.671694 0.089886 0.672509
3 16 -1.891 -4.168 -27.493 0.000 -4.327 -28.647 0.000 -7.747 -26.358 0.088533 0.649570 0.102127 0.647193 0.102127 0.671694
3 16 -1.726 -7.281 -25.543 -3.727 -4.237 -25.609 -1.891 -4.168 -27.493 0.089886 0.672509 0.073344 0.656254 0.088533 0.649570
3 16 -1.726 -7.281 -25.543 -3.308 -7.072 -24.149 -3.727 -4.237 -25.609 0.089886 0.672509 0.077291 0.676733 0.073344 0.656254
3 16 -5.148 -4.127 -23.467 -3.308 -7.072 -24.149 -4.544 -6.760 -22.668 0.058561 0.663474 0.077291 0.676733 0.065651 0.680817
3 16 -5.148 -4.127 -23.467 -3.727 -4.237 -25.609 -3.308 -7.072 -24.149 0.058561 0.663474 0.073344 0.656254 0.077291 0.676733
3 16 -5.601 -6.586 -21.068 -5.148 -4.127 -23.467 -4.544 -6.760 -22.668 0.054503 0.686122 0.058561 0.663474 0.065651 0.680817
3 16 -5.601 -6.586 -21.068 -6.370 -3.990 -21.251 -5.148 -4.127 -23.467 0.054503 0.686122 0.044112 0.671048 0.058561 0.663474
3 16 -6.862 -6.655 -18.779 -6.370 -3.990 -21.251 -5.601 -6.586 -21.068 0.040301 0.695307 0.044112 0.671048 0.054503 0.686122
3 16 -6.862 -6.655 -18.779 -7.817 -3.877 -18.415 -6.370 -3.990 -21.251 0.040301 0.695307 0.025934 0.680899 0.044112 0.671048
3 16 -6.862 -6.655 -18.779 -10.387 -5.255 -17.089 -7.817 -3.877 -18.415 0.333320 0.325397 0.307865 0.316288 0.326544 0.307392
3 16 -6.862 -6.655 -18.779 -9.046 -8.067 -17.770 -10.387 -5.255 -17.089 0.333320 0.325397 0.317661 0.334581 0.307865 0.316288
3 16 -9.510 -5.256 -16.181 -9.947 -1.270 -17.388 -10.387 -5.255 -17.089 0.779776 0.765145 0.761943 0.744449 0.784256 0.758229
3 16 -9.510 -5.256 -16.181 -8.896 -1.314 -16.291 -9.947 -1.270 -17.388 0.779776 0.765145 0.756774 0.752910 0.761943 0.744449
3 16 -8.763 -5.256 -15.911 -8.896 -1.314 -16.291 -9.510 -5.256 -16.181 0.027083 0.261461 0.028841 0.235777 0.032376 0.261502
3 16 -8.763 -5.256 -15.911 -8.380 -0.594 -16.096 -8.896 -1.314 -16.291 0.027083 0.261461 0.025241 0.231104 0.028841 0.235777
3 16 -6.289 -5.256 -15.018 -7.333 -0.361 -15.631 -7.660 -5.256 -15.513 0.009950 0.261446 0.017798 0.229600 0.019367 0.261445
3 16 -6.289 -5.256 -15.018 -6.262 -0.122 -15.015 -7.333 -0.361 -15.631 0.009950 0.261446 0.009766 0.228053 0.017798 0.229600
3 16 -4.200 -5.256 -15.676 -6.262 -0.122 -15.015 -6.289 -5.256 -15.018 0.603309 0.177714 0.617371 0.144303 0.617552 0.177688
3 16 -4.200 -5.256 -15.676 -4.200 0.000 -15.676 -6.262 -0.122 -15.015 0.603309 0.177714 0.603288 0.143522 0.617371 0.144303
3 16 -7.817 -3.877 -18.415 -6.737 -1.958 -21.376 -6.370 -3.990 -21.251 0.025934 0.680899 0.037144 0.659128 0.044112 0.671048
3 16 -7.817 -3.877 -18.415 -8.266 -1.815 -18.221 -6.737 -1.958 -21.376 0.025934 0.680899 0.016932 0.669890 0.037144 0.659128
3 16 -6.737 -1.958 -21.376 -5.148 -4.127 -23.467 -6.370 -3.990 -21.251 0.037144 0.659128 0.058561 0.663474 0.044112 0.671048
3 16 -6.737 -1.958 -21.376 -5.456 -2.049 -23.935 -5.148 -4.127 -23.467 0.037144 0.659128 0.053655 0.650097 0.058561 0.663474
3 16 -5.456 -2.049 -23.935 -3.727 -4.237 -25.609 -5.148 -4.127 -23.467 0.053655 0.650097 0.073344 0.656254 0.058561 0.663474
3 16 -5.456 -2.049 -23.935 -3.910 -2.105 -26.373 -3.727 -4.237 -25.609 0.053655 0.650097 0.070795 0.641647 0.073344 0.656254
3 16 -1.891 -4.168 -27.493 -3.910 -2.105 -26.373 -1.904 -2.090 -28.272 0.088533 0.649570 0.070795 0.641647 0.087944 0.635506
3 16 -1.891 -4.168 -27.493 -3.727 -4.237 -25.609 -3.910 -2.105 -26.373 0.088533 0.649570 0.073344 0.656254 0.070795 0.641647
3 16 -1.904 -2.090 -28.272 0.000 -4.327 -28.647 -1.891 -4.168 -27.493 0.087944 0.635506 0.102127 0.647193 0.088533 0.649570
3 16 -1.904 -2.090 -28.272 0.000 -2.123 -29.351 0.000 -4.327 -28.647 0.087944 0.635506 0.102127 0.633358 0.102127 0.647193
3 16 0.000 -6.396 -19.499 -3.220 -7.232 -19.301 -1.087 -5.482 -19.469 0.833192 0.914622 0.812205 0.920058 0.826116 0.908675
3 16 0.000 -6.396 -19.499 0.000 -10.191 -19.510 -3.220 -7.232 -19.301 0.833192 0.914622 0.833192 0.939307 0.812205 0.920058
3 16 -3.220 -7.232 -19.301 0.000 -8.988 -21.263 -2.141 -5.631 -22.220 0.100955 0.798290 0.073178 0.797200 0.091500 0.777752
3 16 -3.220 -7.232 -19.301 0.000 -10.191 -19.510 0.000 -8.988 -21.263 0.100955 0.798290 0.073178 0.810978 0.073178 0.797200
3 16 -4.390 -4.748 -19.109 -1.087 -5.482 -19.469 -3.220 -7.232 -19.301 0.804499 0.903894 0.826116 0.908675 0.812205 0.920058
3 16 -4.390 -4.748 -19.109 -1.705 -4.044 -19.422 -1.087 -5.482 -19.469 0.804499 0.903894 0.822086 0.899317 0.826116 0.908675
3 16 -4.390 -4.748 -19.109 -2.141 -5.631 -22.220 -2.910 -3.165 -22.637 0.115589 0.785604 0.091500 0.777752 0.100382 0.763003
3 16 -4.390 -4.748 -19.109 -3.220 -7.232 -19.301 -2.141 -5.631 -22.220 0.115589 0.785604 0.100955 0.798290 0.091500 0.777752
3 16 -1.813 0.000 -19.392 -4.390 -4.748 -19.109 -5.437 0.000 -18.729 0.821380 0.873016 0.804499 0.903894 0.797416 0.872962
3 16 -1.813 0.000 -19.392 -1.705 -4.044 -19.422 -4.390 -4.748 -19.109 0.821380 0.873016 0.822086 0.899317 0.804499 0.903894
3 16 -5.437 0.000 -18.729 -2.910 -3.165 -22.637 -3.360 0.000 -23.011 0.136590 0.760328 0.100382 0.763003 0.109253 0.743796
3 16 -5.437 0.000 -18.729 -4.390 -4.748 -19.109 -2.910 -3.165 -22.637 0.136590 0.760328 0.115589 0.785604 0.100382 0.763003
3 16 -6.887 0.000 -21.395 -3.360 0.000 -23.011 -5.458 0.000 -24.206 0.736121 0.720069 0.713505 0.710549 0.726786 0.702222
3 16 -6.887 0.000 -21.395 -5.437 0.000 -18.729 -3.360 0.000 -23.011 0.736121 0.720069 0.727900 0.738559 0.713505 0.710549
3 16 -6.887 0.000 -21.395 -8.526 0.000 -18.092 -5.437 0.000 -18.729 0.736121 0.720069 0.748463 0.739505 0.727900 0.738559
3 16 -6.262 -0.122 -15.015 -5.437 0.000 -18.729 -8.526 0.000 -18.092 0.737890 0.761940 0.727900 0.738559 0.748463 0.739505
3 16 -6.262 -0.122 -15.015 -4.200 0.000 -15.676 -5.437 0.000 -18.729 0.737890 0.761940 0.723573 0.760590 0.727900 0.738559
3 16 -2.074 -5.256 -16.067 0.000 0.000 -16.250 -2.118 0.000 -16.090 0.589220 0.177717 0.575672 0.143531 0.589484 0.143528
3 16 -2.074 -5.256 -16.067 0.000 -5.256 -16.132 0.000 0.000 -16.250 0.589220 0.177717 0.575611 0.177717 0.575672 0.143531
3 16 -4.200 -5.256 -15.676 -2.118 0.000 -16.090 -4.200 0.000 -15.676 0.603309 0.177714 0.589484 0.143528 0.603288 0.143522
3 16 -4.200 -5.256 -15.676 -2.074 -5.256 -16.067 -2.118 0.000 -16.090 0.603309 0.177714 0.589220 0.177717 0.589484 0.143528
3 16 -5.437 0.000 -18.729 -2.118 0.000 -16.090 -1.813 0.000 -19.392 0.727900 0.738559 0.708652 0.761435 0.703372 0.741601
3 16 -5.437 0.000 -18.729 -4.200 0.000 -15.676 -2.118 0.000 -16.090 0.727900 0.738559 0.723573 0.760590 0.708652 0.761435
3 16 -9.046 -8.067 -17.770 -5.436 -8.778 -19.247 -7.654 -11.241 -18.478 0.317661 0.334581 0.341954 0.340157 0.327821 0.355232
3 16 -9.046 -8.067 -17.770 -6.862 -6.655 -18.779 -5.436 -8.778 -19.247 0.317661 0.334581 0.333320 0.325397 0.341954 0.340157
3 16 -8.896 -1.314 -16.291 -9.684 -0.524 -17.499 -9.947 -1.270 -17.388 0.756774 0.752910 0.757249 0.742212 0.761943 0.744449
3 16 -8.896 -1.314 -16.291 -8.380 -0.594 -16.096 -9.684 -0.524 -17.499 0.756774 0.752910 0.750820 0.752884 0.757249 0.742212
3 16 1.583 -9.905 -23.136 3.308 -7.072 -24.149 3.072 -9.039 -22.653 0.113452 0.694748 0.126964 0.676733 0.124949 0.692574
3 16 1.583 -9.905 -23.136 1.726 -7.281 -25.543 3.308 -7.072 -24.149 0.113452 0.694748 0.114369 0.672509 0.126964 0.676733
3 16 3.308 -7.072 -24.149 4.042 -8.326 -22.085 3.072 -9.039 -22.653 0.126964 0.676733 0.133629 0.691318 0.124949 0.692574
3 16 3.308 -7.072 -24.149 4.544 -6.760 -22.668 4.042 -8.326 -22.085 0.126964 0.676733 0.138604 0.680817 0.133629 0.691318
3 16 4.601 -8.514 -21.104 4.544 -6.760 -22.668 5.601 -6.586 -21.068 0.139021 0.696286 0.138604 0.680817 0.149752 0.686122
3 16 4.601 -8.514 -21.104 4.042 -8.326 -22.085 4.544 -6.760 -22.668 0.139021 0.696286 0.133629 0.691318 0.138604 0.680817
3 16 5.601 -6.586 -21.068 5.436 -9.202 -19.247 4.601 -8.514 -21.104 0.149752 0.686122 0.147277 0.707570 0.139021 0.696286
3 16 5.601 -6.586 -21.068 6.862 -6.655 -18.779 5.436 -9.202 -19.247 0.149752 0.686122 0.163953 0.695307 0.147277 0.707570
3 16 3.201 -9.963 -21.502 4.042 -8.326 -22.085 4.601 -8.514 -21.104 0.126269 0.702053 0.133629 0.691318 0.139021 0.696286
3 16 3.201 -9.963 -21.502 3.072 -9.039 -22.653 4.042 -8.326 -22.085 0.126269 0.702053 0.124949 0.692574 0.133629 0.691318
3 16 3.480 -11.185 -19.695 7.654 -11.241 -18.478 5.176 -13.721 -19.319 0.401609 0.354860 0.429931 0.355232 0.412911 0.371364
3 16 3.480 -11.185 -19.695 5.436 -9.202 -19.247 7.654 -11.241 -18.478 0.401609 0.354860 0.414667 0.341958 0.429931 0.355232
3 16 1.087 -5.482 -19.469 0.000 -3.901 -19.499 1.705 -4.044 -19.422 0.840267 0.908675 0.833192 0.898390 0.844297 0.899317
3 16 1.087 -5.482 -19.469 0.000 -6.396 -19.499 0.000 -3.901 -19.499 0.840267 0.908675 0.833192 0.914622 0.833192 0.898390
3 16 2.910 -3.165 -22.637 1.364 -4.629 -24.069 2.141 -5.631 -22.220 0.045973 0.763003 0.061962 0.765465 0.054856 0.777752
3 16 2.910 -3.165 -22.637 1.870 -2.682 -24.581 1.364 -4.629 -24.069 0.045973 0.763003 0.057018 0.753294 0.061962 0.765465
3 16 1.870 -2.682 -24.581 0.735 -4.536 -24.824 1.364 -4.629 -24.069 0.057018 0.753294 0.067233 0.762288 0.061962 0.765465
3 16 1.870 -2.682 -24.581 0.943 -2.633 -25.649 0.735 -4.536 -24.824 0.057018 0.753294 0.065301 0.749669 0.067233 0.762288
3 16 0.943 -2.633 -25.649 0.000 -4.606 -25.518 0.735 -4.536 -24.824 0.065301 0.749669 0.073178 0.760367 0.067233 0.762288
3 16 0.943 -2.633 -25.649 0.000 -2.675 -26.533 0.000 -4.606 -25.518 0.065301 0.749669 0.073178 0.747703 0.073178 0.760367
3 16 2.141 -5.631 -22.220 0.000 -6.654 -23.855 0.000 -8.988 -21.263 0.054856 0.777752 0.073178 0.775760 0.073178 0.797200
3 16 2.141 -5.631 -22.220 1.364 -4.629 -24.069 0.000 -6.654 -23.855 0.054856 0.777752 0.061962 0.765465 0.073178 0.775760
3 16 3.201 -9.963 -21.502 1.583 -9.905 -23.136 3.072 -9.039 -22.653 0.126269 0.702053 0.113452 0.694748 0.124949 0.692574
3 16 3.201 -9.963 -21.502 1.518 -11.056 -21.761 1.583 -9.905 -23.136 0.126269 0.702053 0.113118 0.706097 0.113452 0.694748
3 16 0.000 -6.030 -24.427 1.364 -4.629 -24.069 0.735 -4.536 -24.824 0.073178 0.770700 0.061962 0.765465 0.067233 0.762288
3 16 0.000 -6.030 -24.427 0.000 -6.654 -23.855 1.364 -4.629 -24.069 0.073178 0.770700 0.073178 0.775760 0.061962 0.765465
3 16 8.773 -5.256 -15.915 8.896 -1.314 -16.291 8.380 -0.594 -16.096 0.855077 0.970421 0.853397 0.944737 0.856996 0.940064
3 16 8.773 -5.256 -15.915 9.510 -5.256 -16.181 8.896 -1.314 -16.291 0.855077 0.970421 0.849862 0.970461 0.853397 0.944737
3 16 2.611 -15.029 -19.829 3.480 -11.185 -19.695 5.176 -13.721 -19.319 0.395894 0.379868 0.401609 0.354860 0.412911 0.371364
3 16 2.611 -15.029 -19.829 1.556 -12.246 -19.918 3.480 -11.185 -19.695 0.395894 0.379868 0.389010 0.361765 0.401609 0.354860
3 16 0.000 -4.606 -25.518 0.000 -6.030 -24.427 0.735 -4.536 -24.824 0.073178 0.760367 0.073178 0.770700 0.067233 0.762288
3 16 1.726 -7.281 -25.543 0.000 -10.494 -23.521 0.000 -7.747 -26.358 0.114369 0.672509 0.102127 0.695517 0.102127 0.671694
3 16 1.726 -7.281 -25.543 1.583 -9.905 -23.136 0.000 -10.494 -23.521 0.114369 0.672509 0.113452 0.694748 0.102127 0.695517
3 16 0.000 -10.494 -23.521 1.518 -11.056 -21.761 0.000 -11.598 -21.998 0.102127 0.695517 0.113118 0.706097 0.102127 0.707147
3 16 0.000 -10.494 -23.521 1.583 -9.905 -23.136 1.518 -11.056 -21.761 0.102127 0.695517 0.113452 0.694748 0.113118 0.706097
3 16 0.000 -12.778 -20.000 2.611 -15.029 -19.829 0.000 -15.396 -20.000 0.378876 0.365230 0.395894 0.379868 0.378876 0.382256
3 16 0.000 -12.778 -20.000 1.556 -12.246 -19.918 2.611 -15.029 -19.829 0.378876 0.365230 0.389010 0.361765 0.395894 0.379868
3 16 5.436 -9.202 -19.247 8.966 -8.067 -17.811 7.654 -11.241 -18.478 0.414667 0.341958 0.439505 0.334581 0.429931 0.355232
3 16 5.436 -9.202 -19.247 6.862 -6.655 -18.779 8.966 -8.067 -17.811 0.414667 0.341958 0.424432 0.325396 0.439505 0.334581
3 16 0.000 -11.598 -21.998 1.556 -12.246 -19.918 0.000 -12.778 -20.000 0.102127 0.707147 0.113877 0.720243 0.102127 0.721920
3 16 0.000 -11.598 -21.998 1.518 -11.056 -21.761 1.556 -12.246 -19.918 0.102127 0.707147 0.113118 0.706097 0.113877 0.720243
3 16 7.793 -4.012 -18.427 9.947 -1.270 -17.388 10.387 -5.255 -17.089 0.430980 0.308240 0.446459 0.290365 0.449887 0.316288
3 16 7.793 -4.012 -18.427 8.229 -2.073 -18.239 9.947 -1.270 -17.388 0.430980 0.308240 0.433998 0.295594 0.446459 0.290365
3 16 4.601 -8.514 -21.104 3.480 -11.185 -19.695 3.201 -9.963 -21.502 0.139021 0.696286 0.129163 0.716036 0.126269 0.702053
3 16 4.601 -8.514 -21.104 5.436 -9.202 -19.247 3.480 -11.185 -19.695 0.139021 0.696286 0.147277 0.707570 0.129163 0.716036
3 16 1.518 -11.056 -21.761 3.480 -11.185 -19.695 1.556 -12.246 -19.918 0.113118 0.706097 0.129163 0.716036 0.113877 0.720243
3 16 1.518 -11.056 -21.761 3.201 -9.963 -21.502 3.480 -11.185 -19.695 0.113118 0.706097 0.126269 0.702053 0.129163 0.716036
3 16 6.862 -6.655 -18.779 10.387 -5.255 -17.089 8.966 -8.067 -17.811 0.424432 0.325396 0.449887 0.316288 0.439505 0.334581
3 16 6.862 -6.655 -18.779 7.793 -4.012 -18.427 10.387 -5.255 -17.089 0.424432 0.325396 0.430980 0.308240 0.449887 0.316288
3 16 0.000 -2.675 -26.533 0.948 0.000 -26.293 0.000 0.000 -27.039 0.073178 0.747703 0.064265 0.732430 0.073178 0.731187
3 16 0.000 -2.675 -26.533 0.943 -2.633 -25.649 0.948 0.000 -26.293 0.073178 0.747703 0.065301 0.749669 0.064265 0.732430
3 16 0.000 0.000 -27.039 1.814 0.000 -28.633 0.000 0.000 -29.526 0.691894 0.684851 0.680012 0.674594 0.691494 0.668589
3 16 0.000 0.000 -27.039 0.948 0.000 -26.293 1.814 0.000 -28.633 0.691894 0.684851 0.685948 0.689764 0.680012 0.674594
3 16 1.813 0.000 -19.392 0.000 -3.901 -19.499 0.000 0.000 -19.480 0.845004 0.873016 0.833192 0.898390 0.833192 0.873019
3 16 1.813 0.000 -19.392 1.705 -4.044 -19.422 0.000 -3.901 -19.499 0.845004 0.873016 0.844297 0.899317 0.833192 0.898390
3 16 0.000 0.000 -16.250 1.813 0.000 -19.392 0.000 0.000 -19.480 0.692364 0.762708 0.680986 0.742113 0.692104 0.742390
3 16 0.000 0.000 -16.250 2.118 0.000 -16.090 1.813 0.000 -19.392 0.692364 0.762708 0.675980 0.761910 0.680986 0.742113
3 16 3.360 0.000 -23.011 1.870 -2.682 -24.581 2.910 -3.165 -22.637 0.037103 0.743796 0.057018 0.753294 0.045973 0.763003
3 16 3.360 0.000 -23.011 1.977 0.000 -25.333 1.870 -2.682 -24.581 0.037103 0.743796 0.054322 0.735370 0.057018 0.753294
3 16 0.943 -2.633 -25.649 1.977 0.000 -25.333 0.948 0.000 -26.293 0.065301 0.749669 0.054322 0.735370 0.064265 0.732430
3 16 0.943 -2.633 -25.649 1.870 -2.682 -24.581 1.977 0.000 -25.333 0.065301 0.749669 0.057018 0.753294 0.054322 0.735370
3 16 5.458 0.000 -24.206 1.977 0.000 -25.333 3.360 0.000 -23.011 0.657450 0.702902 0.679494 0.696024 0.670807 0.711036
3 16 5.458 0.000 -24.206 3.824 0.000 -26.934 1.977 0.000 -25.333 0.657450 0.702902 0.667470 0.685601 0.679494 0.696024
3 16 3.824 0.000 -26.934 0.948 0.000 -26.293 1.977 0.000 -25.333 0.667470 0.685601 0.685948 0.689764 0.679494 0.696024
3 16 3.824 0.000 -26.934 1.814 0.000 -28.633 0.948 0.000 -26.293 0.667470 0.685601 0.680012 0.674594 0.685948 0.689764
3 16 6.887 0.000 -21.395 5.456 -2.049 -23.935 5.458 0.000 -24.206 0.173508 0.647907 0.150600 0.650097 0.154992 0.637199
3 16 6.887 0.000 -21.395 6.737 -1.958 -21.376 5.456 -2.049 -23.935 0.173508 0.647907 0.167111 0.659128 0.150600 0.650097
3 16 8.896 -1.314 -16.291 9.684 -0.524 -17.499 8.380 -0.594 -16.096 0.627632 0.752598 0.627417 0.741892 0.633593 0.752720
3 16 8.896 -1.314 -16.291 9.947 -1.270 -17.388 9.684 -0.524 -17.499 0.627632 0.752598 0.622672 0.744012 0.627417 0.741892
3 16 3.910 -2.105 -26.373 5.458 0.000 -24.206 5.456 -2.049 -23.935 0.133460 0.641647 0.154992 0.637199 0.150600 0.650097
3 16 3.910 -2.105 -26.373 3.824 0.000 -26.934 5.458 0.000 -24.206 0.133460 0.641647 0.135042 0.627368 0.154992 0.637199
3 16 1.904 -2.090 -28.272 3.824 0.000 -26.934 3.910 -2.105 -26.373 0.116311 0.635506 0.135042 0.627368 0.133460 0.641647
3 16 1.904 -2.090 -28.272 1.814 0.000 -28.633 3.824 0.000 -26.934 0.116311 0.635506 0.116960 0.621774 0.135042 0.627368
3 16 0.000 -2.123 -29.351 1.814 0.000 -28.633 1.904 -2.090 -28.272 0.102127 0.633358 0.116960 0.621774 0.116311 0.635506
3 16 0.000 -2.123 -29.351 0.000 0.000 -29.526 1.814 0.000 -28.633 0.102127 0.633358 0.102127 0.620149 0.116960 0.621774
3 16 8.526 0.000 -18.092 7.674 -0.340 -15.776 9.168 -0.133 -17.775 0.636243 0.739399 0.638207 0.755392 0.631736 0.740489
3 16 8.526 0.000 -18.092 6.262 -0.122 -15.015 7.674 -0.340 -15.776 0.636243 0.739399 0.646409 0.762120 0.638207 0.755392
3 16 9.947 -1.270 -17.388 9.510 -5.256 -16.181 10.387 -5.255 -17.089 0.622672 0.744012 0.604335 0.764263 0.600027 0.757238
3 16 9.947 -1.270 -17.388 8.896 -1.314 -16.291 9.510 -5.256 -16.181 0.622672 0.744012 0.627632 0.752598 0.604335 0.764263
3 16 9.684 -0.524 -17.499 9.947 -1.270 -17.388 8.229 -2.073 -18.239 0.444598 0.285509 0.446459 0.290365 0.433998 0.295594
3 16 0.000 -5.256 -16.132 2.118 0.000 -16.090 0.000 0.000 -16.250 0.575611 0.177717 0.561859 0.143528 0.575672 0.143531
3 16 0.000 -5.256 -16.132 2.128 -5.256 -16.058 2.118 0.000 -16.090 0.575611 0.177717 0.561743 0.177717 0.561859 0.143528
3 16 2.118 0.000 -16.090 5.437 0.000 -18.729 1.813 0.000 -19.392 0.675980 0.761910 0.657005 0.738560 0.680986 0.742113
3 16 2.118 0.000 -16.090 4.200 0.000 -15.676 5.437 0.000 -18.729 0.675980 0.761910 0.660890 0.761138 0.657005 0.738560
3 16 2.128 -5.256 -16.058 4.200 0.000 -15.676 2.118 0.000 -16.090 0.561743 0.177717 0.548056 0.143522 0.561859 0.143528
3 16 2.128 -5.256 -16.058 4.200 -5.256 -15.676 4.200 0.000 -15.676 0.561743 0.177717 0.548034 0.177714 0.548056 0.143522
3 16 6.262 -0.122 -15.015 4.200 -5.256 -15.676 6.288 -5.256 -15.018 0.533973 0.144303 0.548034 0.177714 0.533791 0.177688
3 16 6.262 -0.122 -15.015 4.200 0.000 -15.676 4.200 -5.256 -15.676 0.533973 0.144303 0.548056 0.143522 0.548034 0.177714
3 16 6.288 -5.256 -15.018 7.674 -0.340 -15.776 6.262 -0.122 -15.015 0.872288 0.970406 0.862041 0.938419 0.872472 0.937012
3 16 6.288 -5.256 -15.018 7.829 -5.256 -15.574 7.674 -0.340 -15.776 0.872288 0.970406 0.861641 0.970405 0.862041 0.938419
3 16 7.829 -5.256 -15.574 8.380 -0.594 -16.096 7.674 -0.340 -15.776 0.861641 0.970405 0.856996 0.940064 0.862041 0.938419
3 16 7.829 -5.256 -15.574 8.773 -5.256 -15.915 8.380 -0.594 -16.096 0.861641 0.970405 0.855077 0.970421 0.856996 0.940064
3 16 1.891 -4.168 -27.493 0.000 -7.747 -26.358 0.000 -4.327 -28.647 0.115721 0.649570 0.102127 0.671694 0.102127 0.647193
3 16 1.891 -4.168 -27.493 1.726 -7.281 -25.543 0.000 -7.747 -26.358 0.115721 0.649570 0.114369 0.672509 0.102127 0.671694
3 16 1.726 -7.281 -25.543 3.727 -4.237 -25.609 3.308 -7.072 -24.149 0.114369 0.672509 0.130911 0.656254 0.126964 0.676733
3 16 1.726 -7.281 -25.543 1.891 -4.168 -27.493 3.727 -4.237 -25.609 0.114369 0.672509 0.115721 0.649570 0.130911 0.656254
3 16 5.148 -4.127 -23.467 3.308 -7.072 -24.149 3.727 -4.237 -25.609 0.145694 0.663474 0.126964 0.676733 0.130911 0.656254
3 16 5.148 -4.127 -23.467 4.544 -6.760 -22.668 3.308 -7.072 -24.149 0.145694 0.663474 0.138604 0.680817 0.126964 0.676733
3 16 5.148 -4.127 -23.467 5.601 -6.586 -21.068 4.544 -6.760 -22.668 0.145694 0.663474 0.149752 0.686122 0.138604 0.680817
3 16 5.148 -4.127 -23.467 6.370 -3.990 -21.251 5.601 -6.586 -21.068 0.145694 0.663474 0.160143 0.671048 0.149752 0.686122
3 16 6.370 -3.990 -21.251 6.862 -6.655 -18.779 5.601 -6.586 -21.068 0.160143 0.671048 0.163953 0.695307 0.149752 0.686122
3 16 6.370 -3.990 -21.251 7.793 -4.012 -18.427 6.862 -6.655 -18.779 0.160143 0.671048 0.177746 0.681630 0.163953 0.695307
3 16 7.793 -4.012 -18.427 6.737 -1.958 -21.376 8.229 -2.073 -18.239 0.177746 0.681630 0.167111 0.659128 0.186301 0.671286
3 16 7.793 -4.012 -18.427 6.370 -3.990 -21.251 6.737 -1.958 -21.376 0.177746 0.681630 0.160143 0.671048 0.167111 0.659128
3 16 6.737 -1.958 -21.376 5.148 -4.127 -23.467 5.456 -2.049 -23.935 0.167111 0.659128 0.145694 0.663474 0.150600 0.650097
3 16 6.737 -1.958 -21.376 6.370 -3.990 -21.251 5.148 -4.127 -23.467 0.167111 0.659128 0.160143 0.671048 0.145694 0.663474
3 16 5.456 -2.049 -23.935 3.727 -4.237 -25.609 3.910 -2.105 -26.373 0.150600 0.650097 0.130911 0.656254 0.133460 0.641647
3 16 5.456 -2.049 -23.935 5.148 -4.127 -23.467 3.727 -4.237 -25.609 0.150600 0.650097 0.145694 0.663474 0.130911 0.656254
3 16 3.910 -2.105 -26.373 1.891 -4.168 -27.493 1.904 -2.090 -28.272 0.133460 0.641647 0.115721 0.649570 0.116311 0.635506
3 16 3.910 -2.105 -26.373 3.727 -4.237 -25.609 1.891 -4.168 -27.493 0.133460 0.641647 0.130911 0.656254 0.115721 0.649570
3 16 1.904 -2.090 -28.272 0.000 -4.327 -28.647 0.000 -2.123 -29.351 0.116311 0.635506 0.102127 0.647193 0.102127 0.633358
3 16 1.904 -2.090 -28.272 1.891 -4.168 -27.493 0.000 -4.327 -28.647 0.116311 0.635506 0.115721 0.649570 0.102127 0.647193
3 16 0.000 -6.396 -19.499 3.219 -7.232 -19.301 0.000 -10.191 -19.510 0.833192 0.914622 0.854179 0.920058 0.833192 0.939307
3 16 0.000 -6.396 -19.499 1.087 -5.482 -19.469 3.219 -7.232 -19.301 0.833192 0.914622 0.840267 0.908675 0.854179 0.920058
3 16 3.219 -7.232 -19.301 0.000 -8.988 -21.263 0.000 -10.191 -19.510 0.045401 0.798290 0.073178 0.797200 0.073178 0.810978
3 16 3.219 -7.232 -19.301 2.141 -5.631 -22.220 0.000 -8.988 -21.263 0.045401 0.798290 0.054856 0.777752 0.073178 0.797200
3 16 8.526 0.000 -18.092 6.887 0.000 -21.395 5.437 0.000 -18.729 0.636243 0.739399 0.648479 0.720290 0.657005 0.738560
3 16 1.087 -5.482 -19.469 4.390 -4.748 -19.109 3.219 -7.232 -19.301 0.840267 0.908675 0.861885 0.903894 0.854179 0.920058
3 16 1.087 -5.482 -19.469 1.705 -4.044 -19.422 4.390 -4.748 -19.109 0.840267 0.908675 0.844297 0.899317 0.861885 0.903894
3 16 2.141 -5.631 -22.220 4.390 -4.748 -19.109 2.910 -3.165 -22.637 0.054856 0.777752 0.030767 0.785604 0.045973 0.763003
3 16 2.141 -5.631 -22.220 3.219 -7.232 -19.301 4.390 -4.748 -19.109 0.054856 0.777752 0.045401 0.798290 0.030767 0.785604
3 16 1.813 0.000 -19.392 4.390 -4.748 -19.109 1.705 -4.044 -19.422 0.845004 0.873016 0.861885 0.903894 0.844297 0.899317
3 16 1.813 0.000 -19.392 5.437 0.000 -18.729 4.390 -4.748 -19.109 0.845004 0.873016 0.868968 0.872962 0.861885 0.903894
3 16 2.910 -3.165 -22.637 5.437 0.000 -18.729 3.360 0.000 -23.011 0.045973 0.763003 0.009766 0.760328 0.037103 0.743796
3 16 2.910 -3.165 -22.637 4.390 -4.748 -19.109 5.437 0.000 -18.729 0.045973 0.763003 0.030767 0.785604 0.009766 0.760328
3 16 3.360 0.000 -23.011 6.887 0.000 -21.395 5.458 0.000 -24.206 0.670807 0.711036 0.648479 0.720290 0.657450 0.702902
3 16 3.360 0.000 -23.011 5.437 0.000 -18.729 6.887 0.000 -21.395 0.670807 0.711036 0.657005 0.738560 0.648479 0.720290
3 16 8.380 -0.594 -16.096 9.168 -0.133 -17.775 7.674 -0.340 -15.776 0.633593 0.752720 0.631736 0.740489 0.638207 0.755392
3 16 8.380 -0.594 -16.096 9.684 -0.524 -17.499 9.168 -0.133 -17.775 0.633593 0.752720 0.627417 0.741892 0.631736 0.740489
3 16 6.887 0.000 -21.395 8.229 -2.073 -18.239 6.737 -1.958 -21.376 0.173508 0.647907 0.186301 0.671286 0.167111 0.659128
3 16 6.887 0.000 -21.395 8.526 0.000 -18.092 8.229 -2.073 -18.239 0.173508 0.647907 0.194489 0.660123 0.186301 0.671286
3 16 8.526 0.000 -18.092 9.168 -0.133 -17.775 8.229 -2.073 -18.239 0.436137 0.282103 0.440796 0.282966 0.433998 0.295594
3 16 9.168 -0.133 -17.775 9.684 -0.524 -17.499 8.229 -2.073 -18.239 0.440796 0.282966 0.444598 0.285509 0.433998 0.295594
3 16 5.437 0.000 -18.729 6.262 -0.122 -15.015 8.526 0.000 -18.092 0.657005 0.738560 0.646409 0.762120 0.636243 0.739399
3 16 5.437 0.000 -18.729 4.200 0.000 -15.676 6.262 -0.122 -15.015 0.657005 0.738560 0.660890 0.761138 0.646409 0.762120
3 16 -8.526 0.000 -18.092 -7.333 -0.361 -15.631 -6.262 -0.122 -15.015 0.748463 0.739505 0.744489 0.756727 0.737890 0.761940
3 16 -8.526 0.000 -18.092 -9.168 -0.133 -17.775 -7.333 -0.361 -15.631 0.748463 0.739505 0.752959 0.740703 0.744489 0.756727
3 16 -9.168 -0.133 -17.775 -8.380 -0.594 -16.096 -7.333 -0.361 -15.631 0.752959 0.740703 0.750820 0.752884 0.744489 0.756727
3 16 -9.168 -0.133 -17.775 -9.684 -0.524 -17.499 -8.380 -0.594 -16.096 0.752959 0.740703 0.757249 0.742212 0.750820 0.752884
3 16 -8.380 -0.594 -16.096 -7.660 -5.256 -15.513 -7.333 -0.361 -15.631 0.025241 0.231104 0.019367 0.261445 0.017798 0.229600
3 16 -8.380 -0.594 -16.096 -8.763 -5.256 -15.911 -7.660 -5.256 -15.513 0.025241 0.231104 0.027083 0.261461 0.019367 0.261445
3 16 -8.114 -5.256 -14.055 -8.763 -5.256 -15.911 -10.629 -5.256 -14.479 0.650522 0.655989 0.644965 0.644468 0.660133 0.642469
3 16 -8.114 -5.256 -14.055 -7.660 -5.256 -15.513 -8.763 -5.256 -15.911 0.650522 0.655989 0.641724 0.651371 0.644965 0.644468
3 16 -8.114 -5.256 -14.055 -6.289 -5.256 -15.018 -7.660 -5.256 -15.513 0.650522 0.655989 0.637693 0.659957 0.641724 0.651371
3 16 8.773 -5.256 -15.915 8.114 -5.256 -14.055 10.629 -5.256 -14.479 0.678749 0.970525 0.673223 0.982112 0.663611 0.968592
3 16 8.773 -5.256 -15.915 7.829 -5.256 -15.574 8.114 -5.256 -14.055 0.678749 0.970525 0.681526 0.976439 0.673223 0.982112
3 16 9.510 -5.256 -16.181 8.773 -5.256 -15.915 10.629 -5.256 -14.479 0.676584 0.965914 0.678749 0.970525 0.663611 0.968592
3 16 -14.055 -5.256 8.114 -15.957 -5.256 8.889 -14.479 -5.256 10.629 0.568038 0.853075 0.562853 0.840762 0.577649 0.839554
3 16 -14.055 -5.256 8.114 -15.619 -5.256 7.954 -15.957 -5.256 8.889 0.568038 0.853075 0.560105 0.846615 0.562853 0.840762
3 16 -14.055 -5.256 8.114 -15.018 -5.256 6.288 -15.619 -5.256 7.954 0.568038 0.853075 0.555209 0.857043 0.560105 0.846615
3 16 -16.181 -5.256 -9.510 -15.946 -5.256 -8.859 -14.479 -5.256 -10.629 0.708529 0.639790 0.710442 0.643865 0.695556 0.642468
3 16 -15.946 -5.256 -8.859 -14.055 -5.256 -8.114 -14.479 -5.256 -10.629 0.710442 0.643865 0.705168 0.655989 0.695556 0.642468
3 16 -15.946 -5.256 -8.859 -15.622 -5.256 -7.962 -14.055 -5.256 -8.114 0.710442 0.643865 0.713079 0.649483 0.705168 0.655989
3 16 8.114 -5.256 14.055 8.895 -5.256 15.959 10.629 -5.256 14.479 0.526557 0.982335 0.521389 0.969986 0.536169 0.968815
3 16 8.114 -5.256 14.055 7.958 -5.256 15.621 8.895 -5.256 15.959 0.526557 0.982335 0.518636 0.975850 0.521389 0.969986
3 16 8.114 -5.256 14.055 6.288 -5.256 15.018 7.958 -5.256 15.621 0.526557 0.982335 0.513728 0.986304 0.518636 0.975850
3 16 -8.810 -5.256 15.928 -8.114 -5.256 14.055 -10.629 -5.256 14.479 0.628102 0.841258 0.622684 0.853075 0.613072 0.839554
3 16 -8.810 -5.256 15.928 -7.745 -5.256 15.544 -8.114 -5.256 14.055 0.628102 0.841258 0.631232 0.847925 0.622684 0.853075
3 16 -9.510 -5.256 16.181 -8.810 -5.256 15.928 -10.629 -5.256 14.479 0.626045 0.836876 0.628102 0.841258 0.613072 0.839554
3 16 -17.664 -8.067 9.256 -17.321 -24.030 10.000 -17.120 -8.067 10.335 0.283709 0.502572 0.278386 0.606417 0.275842 0.502574
3 16 -17.321 -24.030 10.000 -17.664 -8.067 9.256 -18.478 -11.241 7.654 0.278386 0.606417 0.283709 0.502572 0.295399 0.523224
3 16 -15.936 -24.015 12.072 -17.120 -8.067 10.335 -17.321 -24.030 10.000 0.262179 0.606320 0.275842 0.502574 0.278386 0.606417
3 16 -15.936 -24.015 12.072 -15.923 -8.067 12.086 -17.120 -8.067 10.335 0.262179 0.606320 0.262048 0.502577 0.275842 0.502574
3 16 -14.142 -8.067 14.142 -15.936 -24.015 12.072 -14.142 -24.030 14.142 0.244351 0.502582 0.262179 0.606320 0.244358 0.606420
3 16 -14.142 -8.067 14.142 -15.923 -8.067 12.086 -15.936 -24.015 12.072 0.244351 0.502582 0.262048 0.502577 0.262179 0.606320
3 16 -12.084 -24.015 15.924 -14.142 -8.067 14.142 -14.142 -24.030 14.142 0.467552 0.165991 0.485270 0.062254 0.485261 0.166091
3 16 -12.084 -24.015 15.924 -12.087 -8.067 15.922 -14.142 -8.067 14.142 0.467552 0.165991 0.467588 0.062249 0.485270 0.062254
3 16 -10.336 -8.067 17.120 -12.084 -24.015 15.924 -10.000 -24.030 17.321 0.453787 0.062245 0.467552 0.165991 0.451234 0.166088
3 16 -10.336 -8.067 17.120 -12.087 -8.067 15.922 -12.084 -24.015 15.924 0.453787 0.062245 0.467588 0.062249 0.467552 0.165991
3 16 -7.654 -24.030 18.478 -7.654 -11.241 18.478 -10.000 -24.030 17.321 0.434217 0.166087 0.434221 0.082895 0.451234 0.166088
3 16 -10.000 -24.030 -17.321 -7.654 -11.241 -18.478 -7.654 -24.030 -18.478 0.310808 0.438425 0.327821 0.355232 0.327825 0.438424
3 16 -12.084 -24.015 -15.924 -10.325 -8.067 -17.126 -10.000 -24.030 -17.321 0.294490 0.438329 0.308340 0.334583 0.310808 0.438425
3 16 -12.084 -24.015 -15.924 -12.087 -8.067 -15.922 -10.325 -8.067 -17.126 0.294490 0.438329 0.294456 0.334586 0.308340 0.334583
3 16 -14.142 -8.067 -14.142 -12.084 -24.015 -15.924 -14.142 -24.030 -14.142 0.276772 0.334591 0.294490 0.438329 0.276781 0.438429
3 16 -14.142 -8.067 -14.142 -12.087 -8.067 -15.922 -12.084 -24.015 -15.924 0.276772 0.334591 0.294456 0.334586 0.294490 0.438329
3 16 -15.936 -24.015 -12.072 -14.142 -8.067 -14.142 -14.142 -24.030 -14.142 0.430729 0.606320 0.448558 0.502582 0.448550 0.606420
3 16 -15.936 -24.015 -12.072 -15.924 -8.067 -12.085 -14.142 -8.067 -14.142 0.430729 0.606320 0.430857 0.502577 0.448558 0.502582
3 16 -17.126 -8.067 -10.325 -15.936 -24.015 -12.072 -17.321 -24.030 -10.000 0.416991 0.502574 0.430729 0.606320 0.414522 0.606417
3 16 -17.126 -8.067 -10.325 -15.924 -8.067 -12.085 -15.936 -24.015 -12.072 0.416991 0.502574 0.430857 0.502577 0.430729 0.606320
3 16 -18.478 -24.030 -7.654 -18.478 -11.241 -7.654 -17.321 -24.030 -10.000 0.397505 0.606416 0.397509 0.523224 0.414522 0.606417
3 16 0.821 -16.280 -16.228 0.000 -11.903 -8.133 0.821 -11.903 -8.133 0.988327 0.433938 0.982984 0.374075 0.988327 0.374075
3 16 0.821 -16.280 -16.228 0.000 -16.280 -16.228 0.000 -11.903 -8.133 0.988327 0.433938 0.982984 0.433938 0.982984 0.374075
3 16 0.000 -5.256 -16.132 0.821 -16.280 -16.228 2.128 -5.256 -16.058 0.575611 0.177717 0.570335 0.249446 0.561743 0.177717
3 16 0.000 -5.256 -16.132 0.000 -16.280 -16.228 0.821 -16.280 -16.228 0.575611 0.177717 0.575672 0.249439 0.570335 0.249446
3 16 0.821 -11.903 -8.133 0.000 -10.061 -8.133 3.112 -9.685 -7.514 0.839728 0.804008 0.834394 0.792009 0.855184 0.789547
3 16 0.821 -11.903 -8.133 0.000 -11.903 -8.133 0.000 -10.061 -8.133 0.839728 0.804008 0.834395 0.803994 0.834394 0.792009
3 16 16.228 -16.280 0.821 8.133 -11.903 0.000 8.133 -11.903 0.821 0.990234 0.846630 0.984891 0.786768 0.990234 0.786768
3 16 16.228 -16.280 0.821 16.228 -16.280 0.000 8.133 -11.903 0.000 0.990234 0.846630 0.984891 0.846630 0.984891 0.786768
3 16 16.136 -5.256 0.041 16.228 -16.280 0.821 16.067 -5.256 2.062 0.542928 0.450099 0.537914 0.521827 0.529783 0.450099
3 16 16.136 -5.256 0.041 16.228 -16.280 0.000 16.228 -16.280 0.821 0.542928 0.450099 0.543250 0.521821 0.537914 0.521827
3 16 8.133 -11.903 0.821 8.133 -10.061 0.000 7.514 -9.685 3.112 0.723993 0.224115 0.718657 0.212118 0.739446 0.209651
3 16 8.133 -11.903 0.821 8.133 -11.903 0.000 8.133 -10.061 0.000 0.723993 0.224115 0.718660 0.224103 0.718657 0.212118
3 16 -0.821 -11.903 8.133 0.000 -10.061 8.133 -3.112 -9.685 7.514 0.800534 0.663737 0.795200 0.651738 0.815990 0.649277
3 16 -0.821 -11.903 8.133 0.000 -11.903 8.133 0.000 -10.061 8.133 0.800534 0.663737 0.795200 0.663724 0.795200 0.651738
3 16 -0.821 -16.280 16.228 0.000 -11.903 8.133 -0.821 -11.903 8.133 0.990234 0.989696 0.984891 0.929834 0.990234 0.929834
3 16 -0.821 -16.280 16.228 0.000 -16.280 16.228 0.000 -11.903 8.133 0.990234 0.989696 0.984891 0.989696 0.984891 0.929834
3 16 -0.019 -5.256 16.250 -0.821 -16.280 16.228 -2.163 -5.256 16.090 0.294721 0.652290 0.289508 0.724018 0.280737 0.652289
3 16 -0.019 -5.256 16.250 0.000 -16.280 16.228 -0.821 -16.280 16.228 0.294721 0.652290 0.294845 0.724011 0.289508 0.724018
3 16 -8.133 -11.903 -0.821 -8.133 -10.061 0.000 -7.514 -9.685 -3.112 0.819128 0.226544 0.813795 0.214545 0.834584 0.212084
3 16 -8.133 -11.903 -0.821 -8.133 -11.903 0.000 -8.133 -10.061 0.000 0.819128 0.226544 0.813795 0.226531 0.813795 0.214545
3 16 -16.228 -16.280 -0.821 -8.133 -11.903 0.000 -8.133 -11.903 -0.821 0.990234 0.918163 0.984891 0.858301 0.990234 0.858301
3 16 -16.228 -16.280 -0.821 -16.228 -16.280 0.000 -8.133 -11.903 0.000 0.990234 0.918163 0.984891 0.918163 0.984891 0.858301
3 16 -16.133 -5.256 0.000 -16.228 -16.280 -0.821 -16.090 -5.256 -2.108 0.543191 0.593809 0.537914 0.665537 0.529492 0.593808
3 16 -16.133 -5.256 0.000 -16.228 -16.280 0.000 -16.228 -16.280 -0.821 0.543191 0.593809 0.543250 0.665530 0.537914 0.665537
3 16 7.654 -11.241 -18.478 10.000 -24.030 -17.321 7.654 -24.030 -18.478 0.429931 0.355232 0.446944 0.438425 0.429927 0.438424
3 16 17.738 -8.067 -9.111 17.321 -24.030 -10.000 17.127 -8.067 -10.324 0.068787 0.504635 0.062403 0.608480 0.059945 0.504637
3 16 17.738 -8.067 -9.111 18.478 -11.241 -7.654 17.321 -24.030 -10.000 0.068787 0.504635 0.079416 0.525286 0.062403 0.608480
3 16 18.478 -11.241 7.654 17.321 -24.030 10.000 18.478 -24.030 7.654 0.181524 0.525286 0.198537 0.608480 0.181520 0.608478
3 16 7.654 -11.241 18.478 7.654 -24.030 18.478 10.000 -24.030 17.321 0.332112 0.082895 0.332116 0.166087 0.315099 0.166088
3 16 -10.000 -24.030 17.321 -9.262 -8.067 17.661 -10.336 -8.067 17.120 0.451234 0.166088 0.445953 0.062243 0.453787 0.062245
3 16 -7.654 -11.241 18.478 -9.262 -8.067 17.661 -10.000 -24.030 17.321 0.434221 0.082895 0.445953 0.062243 0.451234 0.166088
3 16 -17.321 -24.030 10.000 -18.478 -11.241 7.654 -18.478 -24.030 7.654 0.278386 0.606417 0.295399 0.523224 0.295403 0.606416
3 16 -17.321 -24.030 -10.000 -17.763 -8.067 -9.061 -17.126 -8.067 -10.325 0.414522 0.606417 0.407772 0.502572 0.416991 0.502574
3 16 -18.478 -11.241 -7.654 -17.763 -8.067 -9.061 -17.321 -24.030 -10.000 0.397509 0.523224 0.407772 0.502572 0.414522 0.606417
3 16 -9.046 -8.067 -17.770 -10.000 -24.030 -17.321 -10.325 -8.067 -17.126 0.317661 0.334581 0.310808 0.438425 0.308340 0.334583
3 16 -10.000 -24.030 -17.321 -9.046 -8.067 -17.770 -7.654 -11.241 -18.478 0.310808 0.438425 0.317661 0.334581 0.327821 0.355232
2 24 6.262 -0.122 15.015 6.288 -5.256 15.018
2 24 -19.392 0.000 1.813 -19.480 0.000 0.000
2 24 -19.392 0.000 -1.813 -19.480 0.000 0.000
2 24 -15.015 -0.122 -6.262 -15.018 -5.256 -6.289
2 24 -19.301 -7.232 -3.220 -19.510 -10.191 0.000
2 24 -8.133 -11.903 0.821 -8.141 -20.250 0.821
2 24 -0.821 -11.903 8.133 -0.821 -20.250 8.141
2 24 11.475 -5.256 11.475 9.879 -5.256 12.875
2 24 24.427 -6.030 0.000 23.855 -6.654 0.000
2 24 -6.326 -28.450 15.056 -8.069 -28.450 15.944
2 24 -6.326 -24.000 4.944 -8.069 -24.000 4.056
2 24 -8.069 -24.000 4.056 -10.000 -24.000 3.750
2 24 6.262 -20.250 15.015 4.200 -20.250 15.676
2 24 2.392 -24.036 5.774 0.000 -24.036 6.250
2 24 -4.944 -28.450 6.326 -6.326 -28.450 4.944
2 24 -0.821 -20.250 8.141 -3.112 -20.250 7.514
2 24 0.000 0.000 27.039 0.000 -2.675 26.533
2 24 0.000 0.000 29.526 0.000 -2.123 29.351
2 24 -28.647 -4.327 0.000 -29.351 -2.123 0.000
2 24 -2.822 -23.574 2.822 -3.477 -23.574 2.401
2 24 10.000 -28.450 -3.750 8.069 -28.450 -4.056
2 24 11.931 -24.000 -4.056 10.000 -24.000 -3.750
2 24 -15.936 -24.015 12.072 -16.250 -24.000 10.000
2 24 -6.289 -5.256 15.018 -8.114 -5.256 14.055
2 24 0.000 0.000 27.039 -0.948 0.000 26.293
2 24 -9.684 -0.524 17.499 -9.947 -1.270 17.388
2 24 -1.813 0.000 19.392 -5.437 0.000 18.729
2 24 -19.695 -11.185 3.480 -19.918 -12.246 1.556
2 24 13.674 -28.450 4.944 11.931 -28.450 4.056
2 24 6.326 -24.000 15.056 4.944 -24.000 13.674
2 24 -13.674 -24.000 -4.944 -15.056 -24.000 -6.326
2 24 -6.326 -28.450 -4.944 -8.069 -28.450 -4.056
2 24 -15.056 -28.450 -13.674 -15.944 -28.450 -11.931
2 24 -11.931 -24.000 -4.056 -13.674 -24.000 -4.944
2 24 2.309 -24.036 -5.796 0.000 -24.036 -6.250
2 24 8.069 -24.000 -15.944 6.326 -24.000 -15.056
2 24 -15.936 -24.015 -12.072 -17.321 -24.030 -10.000
2 24 -6.591 -25.554 -10.083 -10.083 -25.554 -6.591
2 24 -9.602 -25.554 -13.067 -11.476 -25.554 -11.476
2 24 -11.475 -5.256 11.475 -12.875 -5.256 9.879
2 24 -10.083 -25.554 6.591 -13.067 -25.554 9.602
2 24 8.313 -25.554 8.313 6.591 -25.554 10.083
2 24 13.067 -25.554 -9.602 10.083 -25.554 -6.591
2 24 0.000 -4.606 25.518 0.000 -6.030 24.427
2 24 0.000 -7.747 26.358 0.000 -10.494 23.521
2 24 3.480 -11.185 19.695 1.556 -12.246 19.918
2 24 -23.521 -10.494 0.000 -26.358 -7.747 0.000
2 24 3.351 -23.574 2.591 2.818 -23.574 2.816
2 24 12.066 -24.015 15.890 10.000 -24.030 17.321
2 24 -19.829 -24.030 -2.611 -20.000 -24.030 0.000
2 24 5.437 0.000 18.729 4.390 -4.748 19.109
2 24 -17.499 -0.524 9.684 -17.775 -0.133 9.168
2 24 2.818 -23.574 2.816 2.596 -23.574 3.350
2 24 -2.822 -6.500 2.822 -3.477 -6.500 2.401
2 24 15.951 -28.450 11.932 15.040 -28.450 13.668
2 24 4.944 -24.000 6.326 4.056 -24.000 8.069
2 24 0.000 -24.030 -20.000 -2.611 -24.030 -19.829
2 24 -6.326 -24.000 -15.056 -8.069 -24.000 -15.944
2 24 -3.750 -24.000 -10.000 -4.056 -24.000 -11.931
2 24 -16.228 -16.280 -0.821 -16.218 -20.250 -0.821
2 24 13.067 -20.250 9.602 10.076 -20.250 6.529
2 24 9.168 -0.133 17.775 8.526 0.000 18.092
2 24 -19.918 -12.246 -1.556 -20.000 -12.778 0.000
2 24 2.392 -0.021 5.774 0.000 -0.021 6.250
2 24 -2.596 -23.574 -3.350 -2.796 -23.574 -5.504
2 24 4.056 -28.450 11.931 3.750 -28.450 10.000
2 24 4.056 -28.450 8.069 3.750 -28.450 10.000
2 24 15.056 -24.000 6.326 13.674 -24.000 4.944
2 24 -4.944 -24.000 -13.674 -6.326 -24.000 -15.056
2 24 -4.056 -24.000 -11.931 -4.944 -24.000 -13.674
2 24 12.088 -5.256 15.921 10.387 -5.255 17.089
2 24 7.514 -20.250 3.112 5.751 -20.250 5.751
2 24 -21.395 0.000 -6.887 -24.206 0.000 -5.458
2 24 -18.092 0.000 -8.526 -21.395 0.000 -6.887
2 24 3.112 -0.021 -7.514 0.000 -0.021 -8.133
2 24 12.084 -24.015 -15.924 10.000 -24.030 -17.321
2 24 16.257 -24.000 10.001 15.913 -24.015 12.059
2 24 19.829 -24.030 2.611 19.319 -24.030 5.176
2 24 -1.814 0.000 -28.633 -3.824 0.000 -26.934
2 24 -1.977 0.000 25.333 -3.360 0.000 23.011
2 24 -5.458 0.000 24.206 -6.887 0.000 21.395
2 24 -6.887 0.000 21.395 -8.526 0.000 18.092
2 24 5.814 -6.500 -2.192 3.477 -6.500 -2.401
2 24 -3.351 -6.500 -2.591 -5.512 -6.500 -2.784
2 24 15.944 -24.000 -8.069 15.056 -24.000 -6.326
2 24 0.821 -11.903 -8.133 -0.821 -11.903 -8.133
2 24 9.879 -5.256 12.875 8.114 -5.256 14.055
2 24 21.395 0.000 6.887 18.092 0.000 8.526
2 24 0.000 -8.988 21.263 0.000 -10.191 19.510
2 24 -17.089 -5.255 10.387 -17.388 -1.270 9.947
2 24 -2.353 -23.574 3.537 -2.822 -23.574 2.822
2 24 8.069 -28.450 -4.056 6.326 -28.450 -4.944
2 24 4.944 -28.450 -13.674 4.056 -28.450 -11.931
2 24 4.944 -28.450 13.674 4.056 -28.450 11.931
2 24 -10.000 -28.450 -16.250 -11.931 -28.450 -15.944
2 24 -3.750 -28.450 -10.000 -4.056 -28.450 -8.069
2 24 -12.084 -24.015 -15.924 -14.142 -24.030 -14.142
2 24 -0.821 -20.250 -8.141 -3.112 -20.250 -7.514
2 24 9.602 -20.250 13.067 6.529 -20.250 10.076
2 24 2.118 0.000 16.090 0.000 0.000 16.250
2 24 5.437 0.000 18.729 1.813 0.000 19.392
2 24 -14.142 -24.030 -14.142 -15.936 -24.015 -12.072
2 24 15.056 -24.000 -6.326 13.674 -24.000 -4.944
2 24 -4.944 -24.000 13.674 -6.326 -24.000 15.056
2 24 6.326 -24.000 -15.056 4.944 -24.000 -13.674
2 24 -13.674 -24.000 4.944 -15.056 -24.000 6.326
2 24 15.063 -24.000 13.680 13.674 -24.000 15.052
2 24 6.326 -24.000 4.944 4.944 -24.000 6.326
2 24 -13.674 -24.000 -15.056 -15.056 -24.000 -13.674
2 24 -4.944 -24.000 -6.326 -6.326 -24.000 -4.944
2 24 -15.676 -20.250 -4.200 -16.218 -20.250 -0.821
2 24 -15.015 -0.122 6.262 -15.631 -0.361 7.333
2 24 16.250 -28.450 -10.000 15.944 -28.450 -11.931
2 24 14.142 -24.030 -14.142 12.084 -24.015 -15.924
2 24 -6.529 -20.250 -10.076 -6.591 -25.554 -10.083
2 24 -9.602 -20.250 -13.067 -9.602 -25.554 -13.067
2 24 17.089 -5.255 10.387 15.921 -5.256 12.088
2 24 13.067 -20.250 9.602 13.067 -25.554 9.602
2 24 -2.118 0.000 -16.090 -4.200 0.000 -15.676
2 24 2.822 -6.500 -2.822 2.353 -6.500 -3.537
2 24 -5.814 -0.021 2.192 -6.250 -0.021 0.000
2 24 -5.774 -0.021 -2.392 -6.250 -0.021 0.000
2 24 16.257 -24.000 10.001 15.944 -24.000 8.069
2 24 10.076 -20.250 6.529 10.083 -25.554 6.591
2 24 26.533 -2.675 0.000 25.518 -4.606 0.000
2 24 28.633 0.000 1.814 26.934 0.000 3.824
2 24 -17.775 -0.133 -9.168 -18.092 0.000 -8.526
2 24 16.250 -28.450 10.000 15.951 -28.450 11.932
2 24 19.319 -24.030 5.176 18.478 -24.030 7.654
2 24 -10.387 -5.255 -17.089 -12.088 -5.256 -15.921
2 24 -6.289 -5.256 -15.018 -8.114 -5.256 -14.055
2 24 -10.076 -20.250 -6.529 -10.083 -25.554 -6.591
2 24 7.514 -20.250 -3.112 5.751 -20.250 -5.751
2 24 -15.676 0.000 -4.200 -16.090 0.000 -2.118
2 24 8.114 -20.250 -14.055 6.262 -20.250 -15.015
2 24 11.476 -25.554 -11.476 9.602 -25.554 -13.067
2 24 -13.067 -20.250 -9.602 -13.067 -25.554 -9.602
2 24 9.602 -20.250 13.067 9.602 -25.554 13.067
2 24 5.436 -9.202 19.247 3.480 -11.185 19.695
2 24 -4.419 -24.036 -4.419 -5.512 -24.036 -2.784
2 24 -10.000 -24.030 -17.321 -12.084 -24.015 -15.924
2 24 -3.112 -20.250 -7.514 -5.751 -20.250 -5.751
2 24 -10.076 -20.250 -6.529 -13.067 -20.250 -9.602
2 24 -15.015 -20.250 -6.262 -15.676 -20.250 -4.200
2 24 -12.875 -5.256 9.879 -14.055 -5.256 8.114
2 24 -16.228 -16.280 -0.821 -16.228 -16.280 0.821
2 24 -13.067 -20.250 9.602 -13.067 -25.554 9.602
2 24 -9.602 -20.250 13.067 -9.602 -25.554 13.067
2 24 13.067 -25.554 9.602 11.476 -25.554 11.476
2 24 4.200 0.000 15.676 2.118 0.000 16.090
2 24 -3.220 -7.232 19.301 -4.390 -4.748 19.109
2 24 -4.419 -23.574 -4.419 -5.512 -23.574 -2.784
2 24 -12.084 -24.015 -15.924 -13.674 -24.000 -15.056
2 24 -4.056 -28.450 11.931 -4.944 -28.450 13.674
2 24 -14.055 -20.250 -8.114 -15.015 -20.250 -6.262
2 24 0.000 -2.675 26.533 0.000 -4.606 25.518
2 24 -8.526 0.000 18.092 -9.168 -0.133 17.775
2 24 -2.309 -23.574 5.796 -4.419 -23.574 4.419
2 24 13.674 -28.450 -4.944 11.931 -28.450 -4.056
2 24 -10.000 -28.450 -3.750 -11.931 -28.450 -4.056
2 24 -15.056 -28.450 -6.326 -15.944 -28.450 -8.069
2 24 -10.000 -24.000 3.750 -11.931 -24.000 4.056
2 24 -6.326 -24.000 15.056 -8.069 -24.000 15.944
2 24 -14.055 -20.250 8.114 -15.015 -20.250 6.262
2 24 -4.944 -24.000 6.326 -6.326 -24.000 4.944
2 24 -3.112 -20.250 7.514 -5.751 -20.250 5.751
2 24 3.112 -20.250 7.514 0.821 -20.250 8.141
2 24 -18.729 0.000 5.437 -23.011 0.000 3.360
2 24 -3.750 -28.450 10.000 -4.056 -28.450 8.069
2 24 -15.056 -24.000 6.326 -15.944 -24.000 8.069
2 24 4.390 -4.748 19.109 3.219 -7.232 19.301
2 24 -4.390 -4.748 19.109 -5.437 0.000 18.729
2 24 -5.512 -24.036 -2.784 -6.250 -24.036 0.000
2 24 8.069 -24.000 -4.056 6.326 -24.000 -4.944
2 24 4.944 -24.000 -13.674 4.056 -24.000 -11.931
2 24 4.944 -28.450 6.326 4.056 -28.450 8.069
2 24 -5.176 -24.030 -19.319 -7.654 -24.030 -18.478
2 24 -6.326 -28.450 -15.056 -8.069 -28.450 -15.944
2 24 -3.750 -28.450 -10.000 -4.056 -28.450 -11.931
2 24 -8.114 -20.250 -14.055 -9.602 -20.250 -13.067
2 24 -6.262 -20.250 -15.015 -8.114 -20.250 -14.055
2 24 -7.514 -20.250 3.112 -8.141 -20.250 0.821
2 24 -17.388 -1.270 9.947 -17.499 -0.524 9.684
2 24 -3.477 -6.500 2.401 -5.814 -6.500 2.192
2 24 -2.596 -23.574 -3.350 -2.818 -23.574 -2.816
2 24 4.419 -24.036 -4.419 2.309 -24.036 -5.796
2 24 5.512 -24.036 2.784 4.419 -24.036 4.419
2 24 4.944 -24.000 13.674 4.056 -24.000 11.931
2 24 -10.000 -24.000 -16.250 -12.084 -24.015 -15.924
2 24 -3.750 -24.000 -10.000 -4.056 -24.000 -8.069
2 24 -5.751 -20.250 -5.751 -7.514 -20.250 -3.112
2 24 -6.289 -5.256 15.018 -9.510 -5.256 16.181
2 24 -5.814 -24.036 2.192 -6.250 -24.036 0.000
2 24 15.913 -24.015 12.059 14.142 -24.030 14.142
2 24 -14.055 -5.256 8.114 -15.018 -5.256 6.288
2 24 -10.076 -20.250 6.529 -13.067 -20.250 9.602
2 24 13.067 -20.250 -9.602 10.076 -20.250 -6.529
2 24 0.000 -6.030 24.427 0.000 -6.654 23.855
2 24 -3.480 -11.185 19.695 -5.436 -9.202 19.247
2 24 0.000 0.000 19.480 -1.813 0.000 19.392
2 24 5.814 -23.574 -2.192 3.477 -23.574 -2.401
2 24 -3.351 -23.574 -2.591 -5.512 -23.574 -2.784
2 24 -14.142 -5.256 14.142 -15.921 -5.256 12.088
2 24 -10.000 -24.000 -3.750 -11.931 -24.000 -4.056
2 24 -15.056 -24.000 -6.326 -15.944 -24.000 -8.069
2 24 -19.319 -24.030 -5.176 -19.829 -24.030 -2.611
2 24 -4.056 -28.450 8.069 -4.944 -28.450 6.326
2 24 -15.015 -20.250 6.262 -15.676 -20.250 4.200
2 24 -8.114 -5.256 14.055 -9.879 -5.256 12.875
2 24 -25.518 -4.606 0.000 -26.533 -2.675 0.000
2 24 -24.427 -6.030 0.000 -25.518 -4.606 0.000
2 24 4.419 -24.036 4.419 2.392 -24.036 5.774
2 24 8.069 -28.450 -15.944 6.326 -28.450 -15.056
2 24 0.821 -11.903 8.133 -0.821 -11.903 8.133
2 24 -1.814 0.000 28.633 -3.824 0.000 26.934
2 24 -19.247 -9.202 5.436 -19.695 -11.185 3.480
2 24 -26.358 -7.747 0.000 -28.647 -4.327 0.000
2 24 8.069 -24.000 4.056 6.326 -24.000 4.944
2 24 -19.829 -24.030 2.611 -20.000 -24.030 0.000
2 24 -8.069 -28.450 -4.056 -10.000 -28.450 -3.750
2 24 -15.944 -28.450 -8.069 -16.250 -28.450 -10.000
2 24 -15.944 -28.450 -11.931 -16.250 -28.450 -10.000
2 24 -11.931 -28.450 4.056 -13.674 -28.450 4.944
2 24 -12.088 -5.256 15.921 -14.142 -5.256 14.142
2 24 8.114 -20.250 14.055 6.262 -20.250 15.015
2 24 -15.015 -0.122 -6.262 -15.676 0.000 -4.200
2 24 2.796 -6.500 5.504 2.796 -23.574 5.504
2 24 -5.512 -6.500 -2.784 -5.512 -23.574 -2.784
2 24 -4.419 -0.021 4.419 -5.814 -0.021 2.192
2 24 -2.392 -0.021 -5.774 -4.419 -0.021 -4.419
2 24 16.250 -24.000 -10.000 15.944 -24.000 -8.069
2 24 10.000 -24.030 -17.321 7.654 -24.030 -18.478
2 24 15.944 -24.000 8.069 15.056 -24.000 6.326
2 24 8.308 -20.250 -8.309 6.529 -20.250 -10.076
2 24 12.875 -5.256 9.879 11.475 -5.256 11.475
2 24 10.076 -20.250 -6.529 8.308 -20.250 -8.309
2 24 1.977 0.000 25.333 0.948 0.000 26.293
2 24 2.309 -0.021 -5.796 0.000 -0.021 -6.250
2 24 -3.112 -0.021 -7.514 -5.751 -0.021 -5.751
2 24 13.674 -24.000 -15.056 12.084 -24.015 -15.924
2 24 15.921 -5.256 12.088 14.142 -5.256 14.142
2 24 15.676 -20.250 4.200 15.015 -20.250 6.262
2 24 0.000 -12.778 -20.000 -1.556 -12.246 -19.918
2 24 -24.206 0.000 -5.458 -26.934 0.000 -3.824
2 24 -2.353 -6.500 3.537 -2.309 -6.500 5.796
2 24 -5.751 -0.021 -5.751 -7.514 -0.021 -3.112
2 24 0.000 0.000 -27.039 -0.948 0.000 -26.293
2 24 1.556 -12.246 -19.918 0.000 -12.778 -20.000
2 24 7.674 -0.340 -15.776 6.262 -0.122 -15.015
2 24 -7.674 -0.340 15.776 -8.380 -0.594 16.096
2 24 -18.729 0.000 5.437 -19.392 0.000 1.813
2 24 -15.018 -5.256 -6.289 -16.181 -5.256 -9.510
2 24 -16.181 -5.256 -9.510 -17.089 -5.255 -10.387
2 24 -18.729 0.000 -5.437 -19.109 -4.748 -4.390
2 24 2.309 -23.574 -5.796 2.353 -23.574 -3.537
2 24 6.250 -24.036 0.000 5.512 -24.036 2.784
2 24 4.944 -28.450 -6.326 4.056 -28.450 -8.069
2 24 4.056 -28.450 -8.069 3.750 -28.450 -10.000
2 24 4.200 -20.250 -15.676 0.821 -20.250 -16.218
2 24 -0.821 -20.250 -16.218 -0.821 -20.250 -8.141
2 24 -0.821 -20.250 8.141 -0.821 -20.250 16.218
2 24 16.228 -16.280 -0.821 8.133 -11.903 -0.821
2 24 26.358 -7.747 0.000 23.521 -10.494 0.000
2 24 26.934 0.000 3.824 24.206 0.000 5.458
2 24 -9.947 -1.270 17.388 -10.387 -5.255 17.089
2 24 -23.855 -6.654 0.000 -24.427 -6.030 0.000
2 24 -26.934 0.000 3.824 -28.633 0.000 1.814
2 24 4.419 -23.574 4.419 2.796 -23.574 5.504
2 24 -15.936 -24.015 -12.072 -16.250 -24.000 -10.000
2 24 -8.069 -24.000 -4.056 -10.000 -24.000 -3.750
2 24 -11.931 -24.000 4.056 -13.674 -24.000 4.944
2 24 16.218 -20.250 -0.821 8.141 -20.250 -0.821
2 24 -8.141 -20.250 -0.821 -16.218 -20.250 -0.821
2 24 11.476 -25.554 11.476 9.602 -25.554 13.067
2 24 3.219 -7.232 19.301 0.000 -10.191 19.510
2 24 -4.200 0.000 15.676 -6.262 -0.122 15.015
2 24 0.000 -10.191 19.510 -3.220 -7.232 19.301
2 24 -21.263 -8.988 0.000 -23.855 -6.654 0.000
2 24 -29.351 -2.123 0.000 -29.526 0.000 0.000
2 24 -2.818 -23.574 -2.816 -3.351 -23.574 -2.591
2 24 15.056 -28.450 -6.326 13.674 -28.450 -4.944
2 24 -4.944 -28.450 13.674 -6.326 -28.450 15.056
2 24 6.326 -28.450 -15.056 4.944 -28.450 -13.674
2 24 -13.674 -28.450 4.944 -15.056 -28.450 6.326
2 24 15.040 -28.450 13.668 13.662 -28.450 15.029
2 24 6.326 -28.450 4.944 4.944 -28.450 6.326
2 24 -4.944 -28.450 -6.326 -6.326 -28.450 -4.944
2 24 -13.674 -28.450 -15.056 -15.056 -28.450 -13.674
2 24 -15.944 -24.000 -8.069 -16.250 -24.000 -10.000
2 24 -18.478 -24.030 -7.654 -19.319 -24.030 -5.176
2 24 9.602 -20.250 13.067 8.114 -20.250 14.055
2 24 -26.293 0.000 0.948 -27.039 0.000 0.000
2 24 -25.333 0.000 1.977 -26.293 0.000 0.948
2 24 -18.729 0.000 5.437 -19.109 -4.748 4.390
2 24 -4.419 -23.574 4.419 -5.814 -23.574 2.192
2 24 -2.796 -23.574 -5.504 -4.419 -23.574 -4.419
2 24 10.000 -28.450 -16.250 8.069 -28.450 -15.944
2 24 -4.056 -28.450 -8.069 -4.944 -28.450 -6.326
2 24 -11.931 -28.450 -15.944 -13.674 -28.450 -15.056
2 24 -4.056 -24.000 8.069 -4.944 -24.000 6.326
2 24 9.602 -25.554 -13.067 6.591 -25.554 -10.083
2 24 -11.476 -25.554 -11.476 -13.067 -25.554 -9.602
2 24 -5.751 -20.250 5.751 -7.514 -20.250 3.112
2 24 -6.591 -25.554 10.083 -9.602 -25.554 13.067
2 24 10.083 -25.554 6.591 8.313 -25.554 8.313
2 24 -25.333 0.000 -1.977 -26.293 0.000 -0.948
2 24 -18.729 0.000 -5.437 -23.011 0.000 -3.360
2 24 16.250 -28.450 10.000 15.944 -28.450 8.069
2 24 9.602 -20.250 -13.067 8.114 -20.250 -14.055
2 24 28.647 -4.327 0.000 26.358 -7.747 0.000
2 24 -1.556 -12.246 -19.918 -3.480 -11.185 -19.695
2 24 -1.977 0.000 -25.333 -3.360 0.000 -23.011
2 24 9.947 -1.270 17.388 9.684 -0.524 17.499
2 24 3.824 0.000 26.934 1.814 0.000 28.633
2 24 -9.510 -5.256 16.181 -10.387 -5.255 17.089
2 24 -15.018 -5.256 6.288 -16.181 -5.256 9.510
2 24 -16.090 0.000 -2.118 -16.250 0.000 0.000
2 24 -4.419 -6.500 -4.419 -5.512 -6.500 -2.784
2 24 -12.088 -5.256 -15.921 -14.142 -5.256 -14.142
2 24 10.387 -5.255 -17.089 9.510 -5.256 -16.181
2 24 -8.114 -5.256 -14.055 -9.879 -5.256 -12.875
2 24 -9.879 -5.256 -12.875 -11.475 -5.256 -11.475
2 24 -0.821 -11.903 -8.133 -0.821 -16.280 -16.228
2 24 3.477 -6.500 -2.401 2.822 -6.500 -2.822
2 24 0.000 -0.021 -6.250 -2.392 -0.021 -5.774
2 24 25.518 -4.606 0.000 24.427 -6.030 0.000
2 24 5.512 -23.574 2.784 3.351 -23.574 2.591
2 24 -3.477 -23.574 2.401 -5.814 -23.574 2.192
2 24 -2.309 -24.036 5.796 -4.419 -24.036 4.419
2 24 11.931 -28.450 -4.056 10.000 -28.450 -3.750
2 24 6.326 -28.450 15.056 4.944 -28.450 13.674
2 24 -13.674 -28.450 -4.944 -15.056 -28.450 -6.326
2 24 11.931 -24.000 4.056 10.000 -24.000 3.750
2 24 -19.319 -24.030 5.176 -19.829 -24.030 2.611
2 24 -11.931 -28.450 -4.056 -13.674 -28.450 -4.944
2 24 -10.387 -5.255 17.089 -12.088 -5.256 15.921
2 24 -8.309 -20.250 8.308 -10.076 -20.250 6.529
2 24 -6.529 -20.250 10.076 -8.309 -20.250 8.308
2 24 -15.015 -0.122 -6.262 -15.776 -0.340 -7.674
2 24 -15.776 -0.340 -7.674 -16.096 -0.594 -8.380
2 24 13.674 -28.450 -15.056 11.931 -28.450 -15.944
2 24 8.313 -25.554 -8.313 6.591 -25.554 -10.083
2 24 6.262 -20.250 -15.015 4.200 -20.250 -15.676
2 24 -8.133 -11.903 -0.821 -8.141 -20.250 -0.821
2 24 0.821 -11.903 8.133 0.821 -20.250 8.141
2 24 15.015 -20.250 6.262 14.055 -20.250 8.114
2 24 0.000 -6.654 23.855 0.000 -8.988 21.263
2 24 1.813 0.000 19.392 0.000 0.000 19.480
2 24 9.510 -5.256 16.181 6.288 -5.256 15.018
2 24 -0.948 0.000 26.293 -1.977 0.000 25.333
2 24 -2.118 0.000 16.090 -4.200 0.000 15.676
2 24 -19.918 -12.246 1.556 -20.000 -12.778 0.000
2 24 -26.533 -2.675 0.000 -27.039 0.000 0.000
2 24 -28.633 0.000 1.814 -29.526 0.000 0.000
2 24 -19.510 -10.191 0.000 -21.263 -8.988 0.000
2 24 -19.109 -4.748 4.390 -19.301 -7.232 3.219
2 24 -15.921 -5.256 12.088 -17.089 -5.255 10.387
2 24 -10.083 -25.554 -6.591 -13.067 -25.554 -9.602
2 24 9.602 -25.554 13.067 6.591 -25.554 10.083
2 24 -24.206 0.000 5.458 -26.934 0.000 3.824
2 24 10.000 -24.000 -3.750 8.069 -24.000 -4.056
2 24 -17.321 -24.030 -10.000 -18.478 -24.030 -7.654
2 24 -15.056 -28.450 6.326 -15.944 -28.450 8.069
2 24 -15.676 -20.250 4.200 -16.218 -20.250 0.821
2 24 -19.695 -11.185 -3.480 -19.918 -12.246 -1.556
2 24 15.913 -24.015 12.059 15.063 -24.000 13.680
2 24 4.056 -24.000 8.069 3.750 -24.000 10.000
2 24 13.674 -24.000 -4.944 11.931 -24.000 -4.056
2 24 -15.944 -28.450 8.069 -16.250 -28.450 10.000
2 24 16.218 -20.250 0.821 8.141 -20.250 0.821
2 24 -8.141 -20.250 0.821 -16.218 -20.250 0.821
2 24 -19.301 -7.232 3.219 -19.510 -10.191 0.000
2 24 0.000 -24.036 -6.250 -2.392 -24.036 -5.774
2 24 14.142 -24.030 14.142 12.066 -24.015 15.890
2 24 -9.879 -5.256 12.875 -11.475 -5.256 11.475
2 24 1.556 -12.246 19.918 0.000 -12.778 20.000
2 24 8.069 -28.450 4.056 6.326 -28.450 4.944
2 24 10.000 -24.000 3.750 8.069 -24.000 4.056
2 24 13.674 -24.000 15.052 12.066 -24.015 15.890
2 24 10.000 -28.450 3.750 8.069 -28.450 4.056
2 24 13.662 -28.450 15.029 11.925 -28.450 15.933
2 24 0.821 -16.280 16.228 -0.821 -16.280 16.228
2 24 3.351 -6.500 2.591 2.818 -6.500 2.816
2 24 -2.353 -23.574 3.537 -2.309 -23.574 5.796
2 24 0.000 -0.021 6.250 -2.309 -0.021 5.796
2 24 6.326 -28.450 -4.944 4.944 -28.450 -6.326
2 24 17.321 -24.030 10.000 15.913 -24.015 12.059
2 24 -3.750 -24.000 10.000 -4.056 -24.000 11.931
2 24 -6.529 -20.250 -10.076 -9.602 -20.250 -13.067
2 24 -10.076 -20.250 6.529 -10.083 -25.554 6.591
2 24 -8.133 -11.903 0.821 -16.228 -16.280 0.821
2 24 -6.529 -20.250 10.076 -6.591 -25.554 10.083
2 24 -6.262 -0.122 15.015 -6.289 -5.256 15.018
2 24 -15.015 -0.122 6.262 -15.018 -5.256 6.288
2 24 -8.069 -28.450 -15.944 -10.000 -28.450 -16.250
2 24 -7.654 -24.030 -18.478 -10.000 -24.030 -17.321
2 24 -3.750 -28.450 10.000 -4.056 -28.450 11.931
2 24 9.602 -20.250 -13.067 6.529 -20.250 -10.076
2 24 -6.591 -25.554 -10.083 -9.602 -25.554 -13.067
2 24 -13.067 -20.250 -9.602 -14.055 -20.250 -8.114
2 24 -6.529 -20.250 10.076 -9.602 -20.250 13.067
2 24 8.308 -20.250 8.308 6.529 -20.250 10.076
2 24 13.067 -25.554 9.602 10.083 -25.554 6.591
2 24 -6.529 -20.250 -10.076 -10.076 -20.250 -6.529
2 24 10.076 -20.250 6.529 8.308 -20.250 8.308
2 24 8.380 -0.594 16.096 7.333 -0.361 15.631
2 24 3.112 -0.021 7.514 0.000 -0.021 8.133
2 24 0.821 -16.280 16.228 0.821 -20.250 16.218
2 24 -23.011 0.000 3.360 -25.333 0.000 1.977
2 24 -17.775 -0.133 9.168 -18.092 0.000 8.526
2 24 -8.069 -24.000 -15.944 -10.000 -24.000 -16.250
2 24 -0.821 -20.250 -16.218 -4.200 -20.250 -15.676
2 24 21.263 -8.988 0.000 19.510 -10.191 0.000
2 24 -2.818 -6.500 -2.816 -3.351 -6.500 -2.591
2 24 -2.309 -0.021 5.796 -4.419 -0.021 4.419
2 24 6.326 -24.000 -4.944 4.944 -24.000 -6.326
2 24 -3.824 0.000 26.934 -5.458 0.000 24.206
2 24 11.931 -28.450 -15.944 10.000 -28.450 -16.250
2 24 4.056 -28.450 -11.931 3.750 -28.450 -10.000
2 24 -2.611 -24.030 -19.829 -5.176 -24.030 -19.319
2 24 -4.056 -24.000 11.931 -4.944 -24.000 13.674
2 24 -7.514 -20.250 -3.112 -8.141 -20.250 -0.821
2 24 -21.395 0.000 6.887 -24.206 0.000 5.458
2 24 -18.092 0.000 8.526 -21.395 0.000 6.887
2 24 -4.419 -24.036 4.419 -5.814 -24.036 2.192
2 24 -2.392 -24.036 -5.774 -4.419 -24.036 -4.419
2 24 13.674 -24.000 4.944 11.931 -24.000 4.056
2 24 -15.056 -24.000 -13.674 -15.936 -24.015 -12.072
2 24 -15.944 -24.000 8.069 -16.250 -24.000 10.000
2 24 5.751 -20.250 5.751 3.112 -20.250 7.514
2 24 0.948 0.000 26.293 0.000 0.000 27.039
2 24 -19.247 -9.202 -5.436 -19.695 -11.185 -3.480
2 24 -17.089 -5.255 -10.387 -17.388 -1.270 -9.947
2 24 -28.633 0.000 -1.814 -29.526 0.000 0.000
2 24 -18.729 0.000 -5.437 -19.392 0.000 -1.813
2 24 -17.499 -0.524 -9.684 -17.775 -0.133 -9.168
2 24 5.751 -0.021 5.751 3.112 -0.021 7.514
2 24 -2.353 -6.500 3.537 -2.822 -6.500 2.822
2 24 4.944 -24.000 -6.326 4.056 -24.000 -8.069
2 24 4.056 -24.000 -8.069 3.750 -24.000 -10.000
2 24 7.654 -24.030 -18.478 5.176 -24.030 -19.319
2 24 15.944 -28.450 8.069 15.056 -28.450 6.326
2 24 -14.142 -5.256 -14.142 -15.921 -5.256 -12.088
2 24 -12.875 -5.256 -9.879 -14.055 -5.256 -8.114
2 24 -14.055 -5.256 -8.114 -15.018 -5.256 -6.289
2 24 10.387 -5.255 17.089 9.947 -1.270 17.388
2 24 -16.181 -5.256 9.510 -17.089 -5.255 10.387
2 24 4.419 -0.021 4.419 2.392 -0.021 5.774
2 24 -5.751 -0.021 5.751 -7.514 -0.021 3.112
2 24 6.250 -24.036 0.000 5.814 -24.036 -2.192
2 24 9.510 -5.256 -16.181 6.288 -5.256 -15.018
2 24 -11.475 -5.256 -11.475 -12.875 -5.256 -9.879
2 24 8.141 -20.250 0.821 7.514 -20.250 3.112
2 24 17.089 -5.255 -10.387 16.181 -5.256 -9.510
2 24 3.360 0.000 23.011 1.977 0.000 25.333
2 24 20.000 -24.030 0.000 19.829 -24.030 -2.611
2 24 0.821 -11.903 8.133 0.821 -16.280 16.228
2 24 16.181 -5.256 -9.510 15.018 -5.256 -6.289
2 24 16.218 -20.250 -0.821 15.676 -20.250 -4.200
2 24 0.000 -7.747 -26.358 0.000 -10.494 -23.521
2 24 8.114 -5.256 -14.055 6.288 -5.256 -15.018
2 24 17.499 -0.524 9.684 17.388 -1.270 9.947
2 24 19.301 -7.232 3.219 19.109 -4.748 4.390
2 24 19.319 -24.030 -5.176 18.478 -24.030 -7.654
2 24 15.631 -0.361 -7.333 15.015 -0.122 -6.262
2 24 0.000 -6.030 -24.427 0.000 -6.654 -23.855
2 24 6.887 0.000 21.395 5.458 0.000 24.206
2 24 0.000 -4.606 -25.518 0.000 -6.030 -24.427
2 24 5.437 0.000 18.729 3.360 0.000 23.011
2 24 23.011 0.000 -3.360 18.729 0.000 -5.437
2 24 5.436 -9.202 -19.247 3.480 -11.185 -19.695
2 24 8.526 0.000 18.092 6.887 0.000 21.395
2 24 17.775 -0.133 9.168 17.499 -0.524 9.684
2 24 -16.090 0.000 2.118 -16.250 0.000 0.000
2 24 -16.228 -16.280 0.821 -16.218 -20.250 0.821
2 24 -0.821 -16.280 16.228 -0.821 -20.250 16.218
2 24 -3.112 -0.021 7.514 -5.751 -0.021 5.751
2 24 -8.133 -11.903 -0.821 -16.228 -16.280 -0.821
2 24 2.822 -23.574 -2.822 2.353 -23.574 -3.537
2 24 12.084 -24.015 -15.924 10.000 -24.000 -16.250
2 24 4.056 -24.000 -11.931 3.750 -24.000 -10.000
2 24 24.206 0.000 5.458 21.395 0.000 6.887
2 24 7.333 -0.361 15.631 6.262 -0.122 15.015
2 24 4.419 -6.500 4.419 2.796 -6.500 5.504
2 24 2.611 -24.030 -19.829 0.000 -24.030 -20.000
2 24 5.751 -20.250 -5.751 3.112 -20.250 -7.514
2 24 16.228 -16.280 0.821 8.133 -11.903 0.821
2 24 23.855 -6.654 0.000 21.263 -8.988 0.000
2 24 23.011 0.000 3.360 18.729 0.000 5.437
2 24 5.814 -6.500 -2.192 4.419 -6.500 -4.419
2 24 2.796 -6.500 5.504 2.596 -6.500 3.350
2 24 16.250 -24.000 -10.000 15.936 -24.015 -12.072
2 24 -0.821 -11.903 -8.133 -0.821 -20.250 -8.141
2 24 8.133 -11.903 0.821 8.141 -20.250 0.821
2 24 14.055 -20.250 -8.114 13.067 -20.250 -9.602
2 24 19.918 -12.246 1.556 19.695 -11.185 3.480
2 24 17.388 -1.270 9.947 17.089 -5.255 10.387
2 24 2.118 0.000 -16.090 0.000 0.000 -16.250
2 24 5.814 -6.500 -2.192 5.814 -23.574 -2.192
2 24 2.309 -6.500 -5.796 2.309 -23.574 -5.796
2 24 5.751 -0.021 -5.751 3.112 -0.021 -7.514
2 24 -0.821 -11.903 8.133 -0.821 -16.280 16.228
2 24 -7.333 -0.361 -15.631 -8.380 -0.594 -16.096
2 24 2.309 -6.500 -5.796 2.353 -6.500 -3.537
2 24 7.514 -0.021 3.112 5.751 -0.021 5.751
2 24 15.056 -24.000 -13.674 13.674 -24.000 -15.056
2 24 8.133 -11.903 -0.821 8.133 -11.903 0.821
2 24 -3.480 -11.185 -19.695 -5.436 -8.778 -19.247
2 24 -9.684 -0.524 -17.499 -9.947 -1.270 -17.388
2 24 0.000 0.000 -29.526 -1.814 0.000 -28.633
2 24 0.000 -8.988 -21.263 0.000 -10.191 -19.510
2 24 -1.813 0.000 -19.392 -5.437 0.000 -18.729
2 24 0.000 0.000 16.250 -2.118 0.000 16.090
2 24 -6.326 -24.000 -4.944 -8.069 -24.000 -4.056
2 24 5.458 0.000 24.206 3.824 0.000 26.934
2 24 15.936 -24.015 -12.072 15.056 -24.000 -13.674
2 24 18.478 -24.030 -7.654 17.321 -24.030 -10.000
2 24 15.676 -20.250 -4.200 15.015 -20.250 -6.262
2 24 16.228 -16.280 -0.821 16.228 -16.280 0.821
2 24 20.000 -12.778 0.000 19.918 -12.246 1.556
2 24 19.510 -10.191 0.000 19.301 -7.232 3.219
2 24 4.200 0.000 -15.676 2.118 0.000 -16.090
2 24 19.829 -24.030 -2.611 19.319 -24.030 -5.176
2 24 1.813 0.000 -19.392 0.000 0.000 -19.480
2 24 -26.293 0.000 -0.948 -27.039 0.000 0.000
2 24 -26.934 0.000 -3.824 -28.633 0.000 -1.814
2 24 4.419 -6.500 -4.419 2.309 -6.500 -5.796
2 24 5.512 -6.500 2.784 4.419 -6.500 4.419
2 24 -2.596 -6.500 -3.350 -2.818 -6.500 -2.816
2 24 6.591 -25.554 10.083 6.529 -20.250 10.076
2 24 -5.458 0.000 -24.206 -6.887 0.000 -21.395
2 24 -6.887 0.000 -21.395 -8.526 0.000 -18.092
2 24 -3.824 0.000 -26.934 -5.458 0.000 -24.206
2 24 1.814 0.000 28.633 0.000 0.000 29.526
2 24 6.262 -0.122 15.015 4.200 0.000 15.676
2 24 5.512 -6.500 2.784 3.351 -6.500 2.591
2 24 4.419 -23.574 -4.419 2.309 -23.574 -5.796
2 24 5.512 -23.574 2.784 4.419 -23.574 4.419
2 24 -2.309 -6.500 5.796 -4.419 -6.500 4.419
2 24 0.000 -0.021 8.133 -3.112 -0.021 7.514
2 24 15.944 -28.450 -8.069 15.056 -28.450 -6.326
2 24 15.056 -28.450 6.326 13.674 -28.450 4.944
2 24 -4.944 -28.450 -13.674 -6.326 -28.450 -15.056
2 24 -4.056 -28.450 -11.931 -4.944 -28.450 -13.674
2 24 -3.750 -24.000 10.000 -4.056 -24.000 8.069
2 24 3.112 -20.250 -7.514 0.821 -20.250 -8.141
2 24 -4.200 -20.250 -15.676 -6.262 -20.250 -15.015
2 24 8.114 -5.256 14.055 6.288 -5.256 15.018
2 24 9.684 -0.524 17.499 9.168 -0.133 17.775
2 24 10.387 -5.255 17.089 9.510 -5.256 16.181
2 24 -3.360 0.000 23.011 -5.437 0.000 18.729
2 24 -15.015 -0.122 6.262 -15.676 0.000 4.200
2 24 5.814 -24.036 -2.192 4.419 -24.036 -4.419
2 24 4.056 -24.000 11.931 3.750 -24.000 10.000
2 24 0.821 -16.280 -16.228 -0.821 -16.280 -16.228
2 24 -8.133 -11.903 -0.821 -8.133 -11.903 0.821
2 24 25.333 0.000 1.977 23.011 0.000 3.360
2 24 0.000 -4.327 28.647 0.000 -7.747 26.358
2 24 -9.168 -0.133 17.775 -9.684 -0.524 17.499
2 24 -15.944 -28.450 11.931 -16.250 -28.450 10.000
2 24 5.774 -0.021 2.392 4.419 -0.021 4.419
2 24 4.419 -0.021 -4.419 2.309 -0.021 -5.796
2 24 0.000 0.000 -16.250 -2.118 0.000 -16.090
2 24 3.480 -11.185 -19.695 1.556 -12.246 -19.918
2 24 15.944 -28.450 -11.931 15.056 -28.450 -13.674
2 24 19.695 -11.185 3.480 19.247 -9.202 5.436
2 24 27.039 0.000 0.000 26.293 0.000 0.948
2 24 0.000 -6.654 -23.855 0.000 -8.988 -21.263
2 24 0.000 0.000 -19.480 -1.813 0.000 -19.392
2 24 -6.262 -0.122 -15.015 -7.333 -0.361 -15.631
2 24 -6.262 -0.122 -15.015 -6.289 -5.256 -15.018
2 24 0.000 -10.191 -19.510 -3.220 -7.232 -19.301
2 24 17.321 -24.030 -10.000 15.936 -24.015 -12.072
2 24 0.821 -11.903 -8.133 0.821 -20.250 -8.141
2 24 15.015 -20.250 -6.262 14.055 -20.250 -8.114
2 24 8.133 -11.903 -0.821 8.141 -20.250 -0.821
2 24 15.015 -0.122 6.262 15.018 -5.256 6.288
2 24 3.219 -7.232 -19.301 0.000 -10.191 -19.510
2 24 -6.262 -0.122 15.015 -7.674 -0.340 15.776
2 24 -19.109 -4.748 -4.390 -19.301 -7.232 -3.220
2 24 5.814 -23.574 -2.192 4.419 -23.574 -4.419
2 24 2.796 -23.574 5.504 2.596 -23.574 3.350
2 24 5.176 -24.030 -19.319 2.611 -24.030 -19.829
2 24 0.821 -20.250 -16.218 0.821 -20.250 -8.141
2 24 0.821 -20.250 8.141 0.821 -20.250 16.218
2 24 -4.419 -6.500 4.419 -5.814 -6.500 2.192
2 24 -2.796 -6.500 -5.504 -4.419 -6.500 -4.419
2 24 18.478 -24.030 7.654 17.321 -24.030 10.000
2 24 14.142 -5.256 14.142 12.088 -5.256 15.921
2 24 20.000 -24.030 0.000 19.829 -24.030 2.611
2 24 0.000 -0.021 -8.133 -3.112 -0.021 -7.514
2 24 0.821 -11.903 -8.133 0.821 -16.280 -16.228
2 24 0.000 -2.123 29.351 0.000 -4.327 28.647
2 24 -1.556 -12.246 19.918 -3.480 -11.185 19.695
2 24 -13.067 -20.250 9.602 -14.055 -20.250 8.114
2 24 -7.514 -0.021 3.112 -8.133 -0.021 0.000
2 24 -4.419 -0.021 -4.419 -5.774 -0.021 -2.392
2 24 15.056 -28.450 -13.674 13.674 -28.450 -15.056
2 24 17.089 -5.255 10.387 16.181 -5.256 9.510
2 24 26.293 0.000 0.948 25.333 0.000 1.977
2 24 -4.200 0.000 -15.676 -6.262 -0.122 -15.015
2 24 18.092 0.000 8.526 17.775 -0.133 9.168
2 24 0.000 -4.327 -28.647 0.000 -7.747 -26.358
2 24 8.133 -0.021 0.000 7.514 -0.021 3.112
2 24 -0.821 -16.280 -16.228 -0.821 -20.250 -16.218
2 24 16.228 -16.280 0.821 16.218 -20.250 0.821
2 24 21.395 0.000 -6.887 18.092 0.000 -8.526
2 24 15.936 -24.015 -12.072 14.142 -24.030 -14.142
2 24 8.380 -0.594 -16.096 7.674 -0.340 -15.776
2 24 -17.388 -1.270 -9.947 -17.499 -0.524 -9.684
2 24 16.250 -28.450 -10.000 15.944 -28.450 -8.069
2 24 -15.921 -5.256 -12.088 -17.089 -5.255 -10.387
2 24 -15.056 -24.000 13.674 -15.936 -24.015 12.072
2 24 -8.069 -28.450 4.056 -10.000 -28.450 3.750
2 24 3.477 -23.574 -2.401 2.822 -23.574 -2.822
2 24 10.000 -24.000 -16.250 8.069 -24.000 -15.944
2 24 -4.056 -24.000 -8.069 -4.944 -24.000 -6.326
2 24 -8.313 -25.554 8.313 -10.083 -25.554 6.591
2 24 0.000 -12.778 20.000 -1.556 -12.246 19.918
2 24 0.000 0.000 29.526 -1.814 0.000 28.633
2 24 -6.591 -25.554 10.083 -8.313 -25.554 8.313
2 24 0.000 -24.036 6.250 -2.309 -24.036 5.796
2 24 11.931 -28.450 4.056 10.000 -28.450 3.750
2 24 -18.478 -24.030 7.654 -19.319 -24.030 5.176
2 24 -10.000 -28.450 3.750 -11.931 -28.450 4.056
2 24 -8.114 -20.250 14.055 -9.602 -20.250 13.067
2 24 10.000 -24.030 17.321 7.654 -24.030 18.478
2 24 14.055 -20.250 8.114 13.067 -20.250 9.602
2 24 2.818 -6.500 2.816 2.596 -6.500 3.350
2 24 5.512 -6.500 2.784 5.512 -23.574 2.784
2 24 -2.796 -6.500 -5.504 -2.796 -23.574 -5.504
2 24 -9.510 -5.256 -16.181 -10.387 -5.255 -17.089
2 24 14.055 -5.256 8.114 12.875 -5.256 9.879
2 24 16.218 -20.250 0.821 15.676 -20.250 4.200
2 24 -15.631 -0.361 7.333 -16.096 -0.594 8.380
2 24 -2.596 -6.500 -3.350 -2.796 -6.500 -5.504
2 24 -7.514 -0.021 -3.112 -8.133 -0.021 0.000
2 24 -6.289 -5.256 -15.018 -9.510 -5.256 -16.181
2 24 15.018 -5.256 6.288 14.055 -5.256 8.114
2 24 -9.947 -1.270 -17.388 -10.387 -5.255 -17.089
2 24 -23.011 0.000 -3.360 -25.333 0.000 -1.977
2 24 13.067 -25.554 -9.602 11.476 -25.554 -11.476
2 24 8.141 -20.250 -0.821 7.514 -20.250 -3.112
2 24 -0.948 0.000 -26.293 -1.977 0.000 -25.333
2 24 -3.360 0.000 -23.011 -5.437 0.000 -18.729
2 24 -15.676 0.000 4.200 -16.090 0.000 2.118
2 24 -5.814 -6.500 2.192 -5.814 -23.574 2.192
2 24 -2.309 -6.500 5.796 -2.309 -23.574 5.796
2 24 10.083 -25.554 -6.591 8.313 -25.554 -8.313
2 24 -8.526 0.000 -18.092 -9.168 -0.133 -17.775
2 24 -9.168 -0.133 -17.775 -9.684 -0.524 -17.499
2 24 7.514 -0.021 -3.112 5.751 -0.021 -5.751
2 24 25.333 0.000 -1.977 23.011 0.000 -3.360
2 24 24.206 0.000 -5.458 21.395 0.000 -6.887
2 24 -4.390 -4.748 -19.109 -5.437 0.000 -18.729
2 24 10.076 -20.250 -6.529 10.083 -25.554 -6.591
2 24 0.000 -2.675 -26.533 0.000 -4.606 -25.518
2 24 5.814 -0.021 -2.192 4.419 -0.021 -4.419
2 24 6.250 -0.021 0.000 5.774 -0.021 2.392
2 24 9.879 -5.256 -12.875 8.114 -5.256 -14.055
2 24 19.109 -4.748 4.390 18.729 0.000 5.437
2 24 16.096 -0.594 -8.380 15.631 -0.361 -7.333
2 24 29.351 -2.123 0.000 28.647 -4.327 0.000
2 24 -3.220 -7.232 -19.301 -4.390 -4.748 -19.109
2 24 8.133 -0.021 0.000 7.514 -0.021 -3.112
2 24 6.250 -0.021 0.000 5.814 -0.021 -2.192
2 24 29.526 0.000 0.000 28.633 0.000 1.814
2 24 6.591 -25.554 -10.083 6.529 -20.250 -10.076
2 24 15.676 0.000 4.200 15.015 -0.122 6.262
2 24 5.437 0.000 -18.729 1.813 0.000 -19.392
2 24 6.262 -0.122 -15.015 4.200 0.000 -15.676
2 24 15.015 -0.122 -6.262 15.018 -5.256 -6.289
2 24 6.262 -0.122 -15.015 6.288 -5.256 -15.018
2 24 5.437 0.000 -18.729 4.390 -4.748 -19.109
2 24 27.039 0.000 0.000 26.533 -2.675 0.000
2 24 15.018 -5.256 -6.289 14.055 -5.256 -8.114
2 24 15.776 -0.340 7.674 15.015 -0.122 6.262
2 24 9.168 -0.133 -17.775 8.526 0.000 -18.092
2 24 17.499 -0.524 -9.684 17.388 -1.270 -9.947
2 24 19.480 0.000 0.000 19.392 0.000 1.813
2 24 0.948 0.000 -26.293 0.000 0.000 -27.039
2 24 1.977 0.000 -25.333 0.948 0.000 -26.293
2 24 6.887 0.000 -21.395 5.458 0.000 -24.206
2 24 8.526 0.000 -18.092 6.887 0.000 -21.395
2 24 16.250 0.000 0.000 16.090 0.000 -2.118
2 24 18.092 0.000 -8.526 17.775 -0.133 -9.168
2 24 3.824 0.000 -26.934 1.814 0.000 -28.633
2 24 19.918 -12.246 -1.556 19.695 -11.185 -3.480
2 24 19.301 -7.232 -3.220 19.109 -4.748 -4.390
2 24 29.526 0.000 0.000 29.351 -2.123 0.000
2 24 3.360 0.000 -23.011 1.977 0.000 -25.333
2 24 20.000 -12.778 0.000 19.918 -12.246 -1.556
2 24 0.000 0.000 -29.526 0.000 -2.123 -29.351
2 24 12.088 -5.256 -15.921 10.387 -5.255 -17.089
2 24 16.181 -5.256 9.510 15.018 -5.256 6.288
2 24 26.934 0.000 -3.824 24.206 0.000 -5.458
2 24 12.875 -5.256 -9.879 11.475 -5.256 -11.475
2 24 26.293 0.000 -0.948 25.333 0.000 -1.977
2 24 19.109 -4.748 -4.390 18.729 0.000 -5.437
2 24 16.090 0.000 -2.118 15.676 0.000 -4.200
2 24 16.096 -0.594 8.380 15.776 -0.340 7.674
2 24 1.814 0.000 -28.633 0.000 0.000 -29.526
2 24 5.458 0.000 -24.206 3.824 0.000 -26.934
2 24 8.069 -24.000 15.944 6.326 -24.000 15.056
2 24 -6.326 -28.450 4.944 -8.069 -28.450 4.056
2 24 4.200 -20.250 15.676 0.821 -20.250 16.218
2 24 7.654 -24.030 18.478 5.176 -24.030 19.319
2 24 -4.200 -20.250 15.676 -6.262 -20.250 15.015
2 24 8.069 -28.450 15.944 6.326 -28.450 15.056
2 24 12.066 -24.015 15.890 10.000 -24.000 16.250
2 24 -0.821 -20.250 16.218 -4.200 -20.250 15.676
2 24 -17.321 -24.030 10.000 -18.478 -24.030 7.654
2 24 11.925 -28.450 15.933 10.000 -28.450 16.250
2 24 2.611 -24.030 19.829 0.000 -24.030 20.000
2 24 -12.084 -24.015 15.924 -14.142 -24.030 14.142
2 24 10.000 -28.450 16.250 8.069 -28.450 15.944
2 24 -10.000 -24.030 17.321 -12.084 -24.015 15.924
2 24 -15.056 -28.450 13.674 -15.944 -28.450 11.931
2 24 -6.262 -20.250 15.015 -8.114 -20.250 14.055
2 24 16.090 0.000 2.118 15.676 0.000 4.200
2 24 0.000 -2.123 -29.351 0.000 -4.327 -28.647
2 24 14.142 -5.256 -14.142 12.088 -5.256 -15.921
2 24 9.602 -20.250 -13.067 9.602 -25.554 -13.067
2 24 14.055 -5.256 -8.114 12.875 -5.256 -9.879
2 24 13.067 -20.250 -9.602 13.067 -25.554 -9.602
2 24 10.000 -24.000 16.250 8.069 -24.000 15.944
2 24 -8.069 -28.450 15.944 -10.000 -28.450 16.250
2 24 -14.142 -24.030 14.142 -15.936 -24.015 12.072
2 24 17.775 -0.133 -9.168 17.499 -0.524 -9.684
2 24 16.250 0.000 0.000 16.090 0.000 2.118
2 24 19.392 0.000 1.813 18.729 0.000 5.437
2 24 5.437 0.000 -18.729 3.360 0.000 -23.011
2 24 5.176 -24.030 19.319 2.611 -24.030 19.829
2 24 -9.602 -25.554 13.067 -11.476 -25.554 11.476
2 24 11.475 -5.256 -11.475 9.879 -5.256 -12.875
2 24 0.821 -16.280 -16.228 0.821 -20.250 -16.218
2 24 16.228 -16.280 -0.821 16.218 -20.250 -0.821
2 24 4.390 -4.748 -19.109 3.219 -7.232 -19.301
2 24 0.000 -24.030 20.000 -2.611 -24.030 19.829
2 24 -13.674 -24.000 15.056 -15.056 -24.000 13.674
2 24 -15.936 -24.015 12.072 -17.321 -24.030 10.000
2 24 -13.674 -28.450 15.056 -15.056 -28.450 13.674
2 24 -7.654 -24.030 18.478 -10.000 -24.030 17.321
2 24 -11.931 -28.450 15.944 -13.674 -28.450 15.056
2 24 -10.000 -28.450 16.250 -11.931 -28.450 15.944
2 24 -10.000 -24.000 16.250 -12.084 -24.015 15.924
2 24 -8.069 -24.000 15.944 -10.000 -24.000 16.250
2 24 -11.476 -25.554 11.476 -13.067 -25.554 9.602
2 24 -12.084 -24.015 15.924 -13.674 -24.000 15.056
2 24 -2.611 -24.030 19.829 -5.176 -24.030 19.319
2 24 -5.176 -24.030 19.319 -7.654 -24.030 18.478
2 24 15.921 -5.256 -12.088 14.142 -5.256 -14.142
2 24 17.388 -1.270 -9.947 17.089 -5.255 -10.387
2 24 0.000 0.000 -27.039 0.000 -2.675 -26.533
2 24 17.089 -5.255 -10.387 15.921 -5.256 -12.088
2 24 19.695 -11.185 -3.480 19.247 -9.202 -5.436
2 24 28.633 0.000 -1.814 26.934 0.000 -3.824
2 24 9.684 -0.524 -17.499 9.168 -0.133 -17.775
2 24 10.387 -5.255 -17.089 9.947 -1.270 -17.388
2 24 19.480 0.000 0.000 19.392 0.000 -1.813
2 24 15.676 0.000 -4.200 15.015 -0.122 -6.262
2 24 19.392 0.000 -1.813 18.729 0.000 -5.437
2 24 27.039 0.000 0.000 26.293 0.000 -0.948
2 24 19.510 -10.191 0.000 19.301 -7.232 -3.220
2 24 29.526 0.000 0.000 28.633 0.000 -1.814
2 24 9.947 -1.270 -17.388 9.684 -0.524 -17.499
