0 Untitled Model
0 Name: Untitled Model
0 Author: 
0 BFC CERTIFY CCW
3 16 -3.1946 -30.6837 9.1366 -2.4509 -31.5996 8.571 -2.0926 -30.8219 9.7132
3 16 -2.0926 -30.8219 9.7132 -2.4509 -31.5996 8.571 -1.0293 -31.5996 9.1384
3 16 -2.0926 -30.8219 9.7132 -1.0293 -31.5996 9.1384 10.0945 -30.8219 9.7132
3 16 10.0945 -30.8219 9.7132 -1.0293 -31.5996 9.1384 10.1014 -31.5996 9.1384
3 16 -3.6671 -29.5755 9.47 -3.1946 -30.6837 9.1366 -2.8398 -29.5123 10
3 16 -2.8398 -29.5123 10 -3.1946 -30.6837 9.1366 -2.0926 -30.8219 9.7132
3 16 -8.9163 -2.4252 9.7322 -6.6543 -14.1248 9.6192 -8.0121 -2.4252 10
3 16 -8.0121 -2.4252 10 -6.6543 -14.1248 9.6192 -5.7542 -14.2498 10
3 16 -8.0027 -0.6606 10 -8.9163 -0.6606 9.7322 -8.0121 -2.4252 10
3 16 -8.0121 -2.4252 10 -8.9163 -0.6606 9.7322 -8.9163 -2.4252 9.7322
3 16 -1.0293 -31.5996 -9.1384 -2.4509 -31.5996 -8.571 -2.0926 -30.8219 -9.7132
3 16 -2.0926 -30.8219 -9.7132 -2.4509 -31.5996 -8.571 -3.1946 -30.6837 -9.1366
3 16 -2.0926 -30.8219 -9.7132 -3.1946 -30.6837 -9.1366 -2.8398 -29.5123 -10
3 16 -2.8398 -29.5123 -10 -3.1946 -30.6837 -9.1366 -3.6671 -29.5755 -9.47
3 16 -8.9163 -2.4252 -9.7322 -8.9163 -0.6606 -9.7322 -8.0121 -2.4252 -10
3 16 -8.0121 -2.4252 -10 -8.9163 -0.6606 -9.7322 -8.0027 -0.6606 -10
3 16 -4.2513 -22.1201 -10 -5.1115 -22.1046 -9.5422 -5.6864 -14.6044 -10
3 16 -5.6864 -14.6044 -10 -5.1115 -22.1046 -9.5422 -6.574 -14.5404 -9.6152
3 16 10 -46.5136 -6.252 6.874 -46.5136 -5.4144 10 -31.9683 -6.252
3 16 10 -31.9683 -6.252 6.874 -46.5136 -5.4144 6.874 -31.9683 -5.4144
3 16 4.5856 -46.5136 -3.126 3.748 -46.5136 0 4.5856 -31.9683 -3.126
3 16 4.5856 -31.9683 -3.126 3.748 -46.5136 0 3.748 -31.9683 0
3 16 6.874 -46.5136 -5.4144 4.5856 -46.5136 -3.126 6.874 -31.9683 -5.4144
3 16 6.874 -31.9683 -5.4144 4.5856 -46.5136 -3.126 4.5856 -31.9683 -3.126
3 16 6.874 -46.5136 -5.4144 10 -46.5136 -6.252 10 -46.5136 0
3 16 3.748 -46.5136 0 4.5856 -46.5136 -3.126 10 -46.5136 0
3 16 4.5856 -46.5136 -3.126 6.874 -46.5136 -5.4144 10 -46.5136 0
3 16 -2.4269 -31.9683 -6.7099 -3.2237 -31.5996 -7.1374 -1.7894 -31.9683 -7.9917
3 16 -1.7894 -31.9683 -7.9917 -3.2237 -31.5996 -7.1374 -2.4509 -31.5996 -8.571
3 16 -1.7894 -31.9683 -7.9917 -2.4509 -31.5996 -8.571 -1.0293 -31.5996 -9.1384
3 16 -3.2237 -31.5996 -7.1374 -3.8974 -30.6837 -8.1952 -2.4509 -31.5996 -8.571
3 16 -2.4509 -31.5996 -8.571 -3.8974 -30.6837 -8.1952 -3.1946 -30.6837 -9.1366
3 16 -3.1946 -30.6837 -9.1366 -3.8974 -30.6837 -8.1952 -3.6671 -29.5755 -9.47
3 16 -3.6671 -29.5755 -9.47 -3.8974 -30.6837 -8.1952 -4.28 -29.3726 -8.5573
3 16 -9.2627 -2.389 -8.9149 -6.345 -18.1926 -2.6155 -9.2627 -2.389 0.4122
3 16 -9.2627 -2.389 0.4122 -6.345 -18.1926 -2.6155 -6.4744 -17.4917 0
3 16 -4.28 -29.3726 -8.5573 -5.0257 -25.3384 -4.5303 -5.592 -22.2677 -8.6515
3 16 -5.592 -22.2677 -8.6515 -5.0257 -25.3384 -4.5303 -5.5086 -22.7228 -5.2311
3 16 -8.9163 -2.4252 -9.7322 -9.2627 -2.389 -8.9149 -8.9163 -0.6606 -9.7322
3 16 -8.9163 -0.6606 -9.7322 -9.2627 -2.389 -8.9149 -9.2627 -0.6506 -8.9149
3 16 10 -46.5136 6.252 10 -31.9683 6.252 6.874 -46.5136 5.4144
3 16 6.874 -46.5136 5.4144 10 -31.9683 6.252 6.874 -31.9683 5.4144
3 16 4.5856 -46.5136 3.126 4.5856 -31.9683 3.126 3.748 -46.5136 0
3 16 3.748 -46.5136 0 4.5856 -31.9683 3.126 3.748 -31.9683 0
3 16 6.874 -46.5136 5.4144 6.874 -31.9683 5.4144 4.5856 -46.5136 3.126
3 16 4.5856 -46.5136 3.126 6.874 -31.9683 5.4144 4.5856 -31.9683 3.126
3 16 6.874 -46.5136 5.4144 10 -46.5136 0 10 -46.5136 6.252
3 16 3.748 -46.5136 0 10 -46.5136 0 4.5856 -46.5136 3.126
3 16 4.5856 -46.5136 3.126 10 -46.5136 0 6.874 -46.5136 5.4144
3 16 -3.2237 -31.5996 3.6187 -3.2237 -31.5996 -0.3469 -2.4269 -31.9683 3.5511
3 16 -2.4269 -31.9683 3.5511 -3.2237 -31.5996 -0.3469 -2.4269 -31.9683 -0.3672
3 16 -2.4509 -31.5996 8.571 -3.2237 -31.5996 7.1374 -1.7894 -31.9683 7.9917
3 16 -1.7894 -31.9683 7.9917 -3.2237 -31.5996 7.1374 -2.4269 -31.9683 6.7099
3 16 -1.7894 -31.9683 7.9917 -1.0293 -31.5996 9.1384 -2.4509 -31.5996 8.571
3 16 -3.8974 -30.6837 3.6615 -3.8974 -30.6837 -0.2187 -3.2237 -31.5996 3.6187
3 16 -3.2237 -31.5996 3.6187 -3.8974 -30.6837 -0.2187 -3.2237 -31.5996 -0.3469
3 16 -3.1946 -30.6837 9.1366 -3.8974 -30.6837 8.1952 -2.4509 -31.5996 8.571
3 16 -2.4509 -31.5996 8.571 -3.8974 -30.6837 8.1952 -3.2237 -31.5996 7.1374
3 16 -3.1946 -30.6837 9.1366 -3.6671 -29.5755 9.47 -3.8974 -30.6837 8.1952
3 16 -3.8974 -30.6837 8.1952 -3.6671 -29.5755 9.47 -4.28 -29.3726 8.5573
3 16 -4.28 -29.3726 8.5573 -5.0257 -25.3384 4.5303 -4.2769 -29.3719 3.6986
3 16 -4.2769 -29.3719 3.6986 -5.0257 -25.3384 4.5303 -4.6719 -27.2531 2.6155
3 16 -4.5423 -27.9539 0 -4.2746 -29.3714 0 -4.6719 -27.2531 2.6155
3 16 -4.6719 -27.2531 2.6155 -4.2746 -29.3714 0 -4.2769 -29.3719 3.6986
3 16 -6.8716 -15.3381 8.7433 -6.6543 -14.1248 9.6192 -9.2627 -2.389 8.9149
3 16 -9.2627 -2.389 8.9149 -6.6543 -14.1248 9.6192 -8.9163 -2.4252 9.7322
3 16 -9.2627 -0.6506 8.9149 -9.2627 -2.389 8.9149 -8.9163 -0.6606 9.7322
3 16 -8.9163 -0.6606 9.7322 -9.2627 -2.389 8.9149 -8.9163 -2.4252 9.7322
3 16 -6.574 -14.5404 -9.6152 -5.1115 -22.1046 -9.5422 -6.7754 -15.8592 -8.7364
3 16 -6.7754 -15.8592 -8.7364 -5.1115 -22.1046 -9.5422 -5.592 -22.2677 -8.6515
3 16 9.9044 -31.9683 -7.9917 21.7894 -31.9683 -7.9917 10 -31.9683 -6.252
3 16 10 -31.9683 -6.252 21.7894 -31.9683 -7.9917 22.4269 -31.9683 -6.7099
3 16 6.874 -31.9683 -5.4144 -2.4269 -31.9683 -6.7099 10 -31.9683 -6.252
3 16 4.5856 -31.9683 3.126 -2.4269 -31.9683 3.5511 3.748 -31.9683 0
3 16 3.748 -31.9683 0 -2.4269 -31.9683 3.5511 -2.4269 -31.9683 -0.3672
3 16 -4.28 -29.3726 -8.5573 -4.2773 -29.372 -4.2968 -5.0257 -25.3384 -4.5303
3 16 -5.0257 -25.3384 -4.5303 -4.2773 -29.372 -4.2968 -4.6719 -27.2531 -2.6155
3 16 -3.8974 -30.6837 -0.2187 -3.8974 -30.6837 3.6615 -4.2746 -29.3714 0
3 16 -4.2746 -29.3714 0 -3.8974 -30.6837 3.6615 -4.2769 -29.3719 3.6986
3 16 -9.2627 0 -8.9149 -5.9983 0 -7.1464 -8.9163 0 -9.7322
3 16 -7.9991 0 -10 -8.9163 0 -9.7322 -5.9983 0 -7.1464
3 16 -1.7894 -31.9683 7.9917 10.0683 -31.9683 7.9917 -1.0293 -31.5996 9.1384
3 16 -1.0293 -31.5996 9.1384 10.0683 -31.9683 7.9917 10.1014 -31.5996 9.1384
3 16 6.874 -31.9683 5.4144 10 -31.9683 6.252 -2.4269 -31.9683 6.7099
3 16 -9.2627 -0.6506 0.4365 -9.2627 -0.6506 -8.9149 -9.2627 -2.389 0.4122
3 16 -9.2627 -2.389 0.4122 -9.2627 -0.6506 -8.9149 -9.2627 -2.389 -8.9149
3 16 -9.2627 -2.389 8.9149 -6.345 -18.1926 2.6155 -6.8716 -15.3381 8.7433
3 16 -6.8716 -15.3381 8.7433 -6.345 -18.1926 2.6155 -5.9915 -20.1073 4.5303
3 16 -2.8398 -29.5123 10 -2.0926 -30.8219 9.7132 10.0681 -29.5123 10
3 16 10.0681 -29.5123 10 -2.0926 -30.8219 9.7132 10.0945 -30.8219 9.7132
3 16 -8.0121 -2.4252 10 -5.7542 -14.2498 10 9.9854 -2.4252 10
3 16 9.9854 -2.4252 10 -5.7542 -14.2498 10 10.0216 -14.2692 10
3 16 -8.0027 -0.6606 10 -8.0121 -2.4252 10 9.9801 -0.6606 10
3 16 9.9801 -0.6606 10 -8.0121 -2.4252 10 9.9854 -2.4252 10
3 16 21.0293 -31.5996 9.1384 22.4509 -31.5996 8.571 22.0926 -30.8219 9.7132
3 16 22.0926 -30.8219 9.7132 22.4509 -31.5996 8.571 23.1945 -30.6837 9.1366
3 16 22.0926 -30.8219 9.7132 23.1945 -30.6837 9.1366 22.8398 -29.5123 10
3 16 22.8398 -29.5123 10 23.1945 -30.6837 9.1366 23.6671 -29.5755 9.47
3 16 25.7468 -14.2885 10 26.6464 -14.1656 9.6189 28.012 -2.4252 10
3 16 28.012 -2.4252 10 26.6464 -14.1656 9.6189 28.9163 -2.4252 9.7322
3 16 28.9163 -2.4252 9.7322 28.9163 -0.6606 9.7322 28.012 -2.4252 10
3 16 28.012 -2.4252 10 28.9163 -0.6606 9.7322 28.0027 -0.6606 10
3 16 23.1945 -30.6837 -9.1366 22.4509 -31.5996 -8.571 22.0926 -30.8219 -9.7132
3 16 22.0926 -30.8219 -9.7132 22.4509 -31.5996 -8.571 21.0293 -31.5996 -9.1384
3 16 9.8405 -31.5996 -9.1384 9.8068 -30.8219 -9.7132 21.0293 -31.5996 -9.1384
3 16 21.0293 -31.5996 -9.1384 9.8068 -30.8219 -9.7132 22.0926 -30.8219 -9.7132
3 16 23.6671 -29.5755 -9.47 23.1945 -30.6837 -9.1366 22.8398 -29.5123 -10
3 16 22.8398 -29.5123 -10 23.1945 -30.6837 -9.1366 22.0926 -30.8219 -9.7132
3 16 26.6114 -14.347 -9.6171 25.0493 -22.4263 -9.5391 25.7214 -14.4211 -10
3 16 25.7214 -14.4211 -10 25.0493 -22.4263 -9.5391 24.1934 -22.4236 -10
3 16 28.0027 -0.6606 -10 28.9163 -0.6606 -9.7322 28.012 -2.4252 -10
3 16 28.012 -2.4252 -10 28.9163 -0.6606 -9.7322 28.9163 -2.4252 -9.7322
3 16 10 -46.5136 -6.252 10 -31.9683 -6.252 13.126 -46.5136 -5.4144
3 16 13.126 -46.5136 -5.4144 10 -31.9683 -6.252 13.126 -31.9683 -5.4144
3 16 15.4144 -46.5136 -3.126 15.4144 -31.9683 -3.126 16.252 -46.5136 0
3 16 16.252 -46.5136 0 15.4144 -31.9683 -3.126 16.252 -31.9683 0
3 16 13.126 -46.5136 -5.4144 13.126 -31.9683 -5.4144 15.4144 -46.5136 -3.126
3 16 15.4144 -46.5136 -3.126 13.126 -31.9683 -5.4144 15.4144 -31.9683 -3.126
3 16 13.126 -46.5136 -5.4144 10 -46.5136 0 10 -46.5136 -6.252
3 16 16.252 -46.5136 0 10 -46.5136 0 15.4144 -46.5136 -3.126
3 16 15.4144 -46.5136 -3.126 10 -46.5136 0 13.126 -46.5136 -5.4144
3 16 9.8405 -31.5996 -9.1384 21.0293 -31.5996 -9.1384 9.9044 -31.9683 -7.9917
3 16 9.9044 -31.9683 -7.9917 21.0293 -31.5996 -9.1384 21.7894 -31.9683 -7.9917
3 16 22.4269 -31.9683 3.2088 23.2237 -31.5996 3.3163 22.4269 -31.9683 6.7099
3 16 22.4269 -31.9683 6.7099 23.2237 -31.5996 3.3163 23.2237 -31.5996 7.1374
3 16 22.4509 -31.5996 -8.571 23.2237 -31.5996 -7.1374 21.7894 -31.9683 -7.9917
3 16 21.7894 -31.9683 -7.9917 23.2237 -31.5996 -7.1374 22.4269 -31.9683 -6.7099
3 16 21.7894 -31.9683 -7.9917 21.0293 -31.5996 -9.1384 22.4509 -31.5996 -8.571
3 16 23.2237 -31.5996 3.3163 23.8974 -30.6837 3.5679 23.2237 -31.5996 7.1374
3 16 23.2237 -31.5996 7.1374 23.8974 -30.6837 3.5679 23.8974 -30.6837 8.1952
3 16 23.1945 -30.6837 -9.1366 23.8974 -30.6837 -8.1952 22.4509 -31.5996 -8.571
3 16 22.4509 -31.5996 -8.571 23.8974 -30.6837 -8.1952 23.2237 -31.5996 -7.1374
3 16 23.1945 -30.6837 -9.1366 23.6671 -29.5755 -9.47 23.8974 -30.6837 -8.1952
3 16 23.8974 -30.6837 -8.1952 23.6671 -29.5755 -9.47 24.28 -29.3726 -8.5573
3 16 24.28 -29.3726 -8.5573 25.0256 -25.3384 -4.5303 24.2767 -29.3719 -3.4053
3 16 24.2767 -29.3719 -3.4053 25.0256 -25.3384 -4.5303 24.6719 -27.2531 -2.6155
3 16 24.2767 -29.3719 -3.4053 24.6719 -27.2531 -2.6155 24.2746 -29.3714 0
3 16 24.2746 -29.3714 0 24.6719 -27.2531 -2.6155 24.5423 -27.9539 0
3 16 25.5085 -22.7228 -5.2311 25.5344 -22.5794 -8.6473 25.9915 -20.1073 -4.5303
3 16 25.9915 -20.1073 -4.5303 25.5344 -22.5794 -8.6473 26.8383 -15.5179 -8.7409
3 16 26.4744 -17.4917 0 29.2627 -2.389 -0.9138 26.345 -18.1926 2.6155
3 16 26.345 -18.1926 2.6155 29.2627 -2.389 -0.9138 29.2627 -2.389 8.9149
3 16 25.5344 -22.5794 -8.6473 25.0493 -22.4263 -9.5391 26.8383 -15.5179 -8.7409
3 16 26.8383 -15.5179 -8.7409 25.0493 -22.4263 -9.5391 26.6114 -14.347 -9.6171
3 16 29.2627 -0.6506 -8.9149 29.2627 -2.389 -8.9149 28.9163 -0.6606 -9.7322
3 16 28.9163 -0.6606 -9.7322 29.2627 -2.389 -8.9149 28.9163 -2.4252 -9.7322
3 16 10 -46.5136 6.252 13.126 -46.5136 5.4144 10 -31.9683 6.252
3 16 10 -31.9683 6.252 13.126 -46.5136 5.4144 13.126 -31.9683 5.4144
3 16 15.4144 -46.5136 3.126 16.252 -46.5136 0 15.4144 -31.9683 3.126
3 16 15.4144 -31.9683 3.126 16.252 -46.5136 0 16.252 -31.9683 0
3 16 13.126 -46.5136 5.4144 15.4144 -46.5136 3.126 13.126 -31.9683 5.4144
3 16 13.126 -31.9683 5.4144 15.4144 -46.5136 3.126 15.4144 -31.9683 3.126
3 16 13.126 -46.5136 5.4144 10 -46.5136 6.252 10 -46.5136 0
3 16 16.252 -46.5136 0 15.4144 -46.5136 3.126 10 -46.5136 0
3 16 15.4144 -46.5136 3.126 13.126 -46.5136 5.4144 10 -46.5136 0
3 16 22.4269 -31.9683 6.7099 23.2237 -31.5996 7.1374 21.7894 -31.9683 7.9917
3 16 21.7894 -31.9683 7.9917 23.2237 -31.5996 7.1374 22.4509 -31.5996 8.571
3 16 21.7894 -31.9683 7.9917 22.4509 -31.5996 8.571 21.0293 -31.5996 9.1384
3 16 23.2237 -31.5996 7.1374 23.8974 -30.6837 8.1952 22.4509 -31.5996 8.571
3 16 22.4509 -31.5996 8.571 23.8974 -30.6837 8.1952 23.1945 -30.6837 9.1366
3 16 23.1945 -30.6837 9.1366 23.8974 -30.6837 8.1952 23.6671 -29.5755 9.47
3 16 23.6671 -29.5755 9.47 23.8974 -30.6837 8.1952 24.28 -29.3726 8.5573
3 16 24.28 -29.3726 8.5573 24.2769 -29.3719 3.5933 25.0256 -25.3384 4.5303
3 16 25.0256 -25.3384 4.5303 24.2769 -29.3719 3.5933 24.6719 -27.2531 2.6155
3 16 28.9163 -2.4252 9.7322 26.6464 -14.1656 9.6189 29.2627 -2.389 8.9149
3 16 29.2627 -2.389 8.9149 26.6464 -14.1656 9.6189 26.837 -15.5254 8.7408
3 16 29.2627 -2.389 8.9149 26.837 -15.5254 8.7408 26.345 -18.1926 2.6155
3 16 26.345 -18.1926 2.6155 26.837 -15.5254 8.7408 25.9915 -20.1073 4.5303
3 16 28.9163 -2.4252 9.7322 29.2627 -2.389 8.9149 28.9163 -0.6606 9.7322
3 16 28.9163 -0.6606 9.7322 29.2627 -2.389 8.9149 29.2627 -0.6506 8.9149
3 16 13.126 -31.9683 5.4144 22.4269 -31.9683 6.7099 10 -31.9683 6.252
3 16 10.0683 -31.9683 7.9917 -1.7894 -31.9683 7.9917 10 -31.9683 6.252
3 16 10 -31.9683 6.252 -1.7894 -31.9683 7.9917 -2.4269 -31.9683 6.7099
3 16 13.126 -31.9683 -5.4144 10 -31.9683 -6.252 22.4269 -31.9683 -6.7099
3 16 23.8974 -30.6837 -3.5077 24.2767 -29.3719 -3.4053 23.8974 -30.6837 0.0138
3 16 23.8974 -30.6837 0.0138 24.2767 -29.3719 -3.4053 24.2746 -29.3714 0
3 16 29.2627 0 -8.9149 28.9163 0 -9.7322 25.9983 0 -7.1464
3 16 27.9991 0 -10 25.9983 0 -7.1464 28.9163 0 -9.7322
3 16 27.9991 0 -10 10.1684 0 -10 18.6896 0 -7.1338
3 16 10.1684 0 -10 17.6671 0 -7.1338 18.6896 0 -7.1338
3 16 29.2627 -0.6506 -0.9263 29.2627 -0.6506 8.9149 29.2627 -2.389 -0.9138
3 16 29.2627 -2.389 -0.9138 29.2627 -0.6506 8.9149 29.2627 -2.389 8.9149
3 16 26.0029 0 0 25.9983 0 7.1464 29.2627 0 -0.9311
3 16 29.2627 0 -0.9311 25.9983 0 7.1464 29.2627 0 8.9149
3 16 9.8068 -30.8219 -9.7132 9.7882 -29.5123 -10 22.0926 -30.8219 -9.7132
3 16 22.0926 -30.8219 -9.7132 9.7882 -29.5123 -10 22.8398 -29.5123 -10
3 16 9.8815 -22.2709 -10 9.9815 -14.513 -10 24.1934 -22.4236 -10
3 16 24.1934 -22.4236 -10 9.9815 -14.513 -10 25.7214 -14.4211 -10
3 16 10.1372 -2.4252 -10 10.1598 -0.6606 -10 28.012 -2.4252 -10
3 16 28.012 -2.4252 -10 10.1598 -0.6606 -10 28.0027 -0.6606 -10
3 16 24.28 -29.3726 8.5573 25.0256 -25.3384 4.5303 25.4579 -22.994 8.6418
3 16 25.4579 -22.994 8.6418 25.0256 -25.3384 4.5303 25.5085 -22.7228 5.2311
3 16 29.2627 -2.389 -8.9149 26.345 -18.1926 -2.6155 26.8383 -15.5179 -8.7409
3 16 26.8383 -15.5179 -8.7409 26.345 -18.1926 -2.6155 25.9915 -20.1073 -4.5303
3 16 6.874 -31.9683 -5.4144 4.5856 -31.9683 -3.126 -2.4269 -31.9683 -6.7099
3 16 -2.4269 -31.9683 -6.7099 4.5856 -31.9683 -3.126 -2.4269 -31.9683 -3.9017
3 16 13.126 -31.9683 5.4144 15.4144 -31.9683 3.126 22.4269 -31.9683 6.7099
3 16 22.4269 -31.9683 6.7099 15.4144 -31.9683 3.126 22.4269 -31.9683 3.2088
3 16 -6.7754 -15.8592 -8.7364 -5.592 -22.2677 -8.6515 -5.9915 -20.1073 -4.5303
3 16 -5.9915 -20.1073 -4.5303 -5.592 -22.2677 -8.6515 -5.5086 -22.7228 -5.2311
3 16 23.8974 -30.6837 3.5679 24.2769 -29.3719 3.5933 23.8974 -30.6837 8.1952
3 16 23.8974 -30.6837 8.1952 24.2769 -29.3719 3.5933 24.28 -29.3726 8.5573
3 16 -9.2627 0 -8.9149 -9.2627 0 0.4458 -5.9983 0 -7.1464
3 16 -5.9983 0 -7.1464 -9.2627 0 0.4458 -6.0029 0 0
3 16 -9.2627 0 8.9149 -8.9163 0 9.7322 -5.9983 0 7.1464
3 16 -8.9163 0 9.7322 -7.9991 0 10 -5.9983 0 7.1464
3 16 9.9781 0 10 10 0 7.1338 4.6275 0 7.1338
3 16 29.2627 0 8.9149 25.9983 0 7.1464 28.9163 0 9.7322
3 16 25.9983 0 7.1464 27.9991 0 10 28.9163 0 9.7322
3 16 15.4144 -31.9683 -3.126 22.4269 -31.9683 -3.5437 16.252 -31.9683 0
3 16 16.252 -31.9683 0 22.4269 -31.9683 -3.5437 22.4269 -31.9683 0.0232
3 16 22.4269 -31.9683 0.0232 22.4269 -31.9683 -3.5437 23.2237 -31.5996 0.0219
3 16 23.2237 -31.5996 0.0219 22.4269 -31.9683 -3.5437 23.2237 -31.5996 -3.5462
3 16 23.8974 -30.6837 0.0138 23.2237 -31.5996 0.0219 23.8974 -30.6837 -3.5077
3 16 23.8974 -30.6837 -3.5077 23.2237 -31.5996 0.0219 23.2237 -31.5996 -3.5462
3 16 -3.8974 -30.6837 -4.1655 -4.2773 -29.372 -4.2968 -3.8974 -30.6837 -8.1952
3 16 -3.8974 -30.6837 -8.1952 -4.2773 -29.372 -4.2968 -4.28 -29.3726 -8.5573
3 16 -3.2237 -31.5996 -4.0739 -3.8974 -30.6837 -4.1655 -3.2237 -31.5996 -7.1374
3 16 -3.2237 -31.5996 -7.1374 -3.8974 -30.6837 -4.1655 -3.8974 -30.6837 -8.1952
3 16 -2.4269 -31.9683 -3.9017 -3.2237 -31.5996 -4.0739 -2.4269 -31.9683 -6.7099
3 16 -2.4269 -31.9683 -6.7099 -3.2237 -31.5996 -4.0739 -3.2237 -31.5996 -7.1374
3 16 9.9044 -31.9683 -7.9917 10 -31.9683 -6.252 -1.7894 -31.9683 -7.9917
3 16 -1.7894 -31.9683 -7.9917 10 -31.9683 -6.252 -2.4269 -31.9683 -6.7099
3 16 9.8405 -31.5996 -9.1384 9.9044 -31.9683 -7.9917 -1.0293 -31.5996 -9.1384
3 16 -1.0293 -31.5996 -9.1384 9.9044 -31.9683 -7.9917 -1.7894 -31.9683 -7.9917
3 16 -2.0926 -30.8219 -9.7132 9.8068 -30.8219 -9.7132 -1.0293 -31.5996 -9.1384
3 16 -1.0293 -31.5996 -9.1384 9.8068 -30.8219 -9.7132 9.8405 -31.5996 -9.1384
3 16 -2.8398 -29.5123 -10 9.7882 -29.5123 -10 -2.0926 -30.8219 -9.7132
3 16 -2.0926 -30.8219 -9.7132 9.7882 -29.5123 -10 9.8068 -30.8219 -9.7132
3 16 -5.6864 -14.6044 -10 9.9815 -14.513 -10 -4.2513 -22.1201 -10
3 16 -4.2513 -22.1201 -10 9.9815 -14.513 -10 9.8815 -22.2709 -10
3 16 10.1598 -0.6606 -10 10.1372 -2.4252 -10 -8.0027 -0.6606 -10
3 16 -8.0027 -0.6606 -10 10.1372 -2.4252 -10 -8.0121 -2.4252 -10
3 16 10.1684 0 -10 -7.9991 0 -10 2.3329 0 -7.1338
3 16 1.3105 0 -7.1338 2.3329 0 -7.1338 -7.9991 0 -10
3 16 10.0683 -31.9683 7.9917 10 -31.9683 6.252 21.7894 -31.9683 7.9917
3 16 21.7894 -31.9683 7.9917 10 -31.9683 6.252 22.4269 -31.9683 6.7099
3 16 10.1014 -31.5996 9.1384 10.0683 -31.9683 7.9917 21.0293 -31.5996 9.1384
3 16 21.0293 -31.5996 9.1384 10.0683 -31.9683 7.9917 21.7894 -31.9683 7.9917
3 16 10.1014 -31.5996 9.1384 21.0293 -31.5996 9.1384 10.0945 -30.8219 9.7132
3 16 10.0945 -30.8219 9.7132 21.0293 -31.5996 9.1384 22.0926 -30.8219 9.7132
3 16 10.0945 -30.8219 9.7132 22.0926 -30.8219 9.7132 10.0681 -29.5123 10
3 16 10.0681 -29.5123 10 22.0926 -30.8219 9.7132 22.8398 -29.5123 10
3 16 10.0216 -14.2692 10 25.7468 -14.2885 10 9.9854 -2.4252 10
3 16 9.9854 -2.4252 10 25.7468 -14.2885 10 28.012 -2.4252 10
3 16 9.9801 -0.6606 10 9.9854 -2.4252 10 28.0027 -0.6606 10
3 16 28.0027 -0.6606 10 9.9854 -2.4252 10 28.012 -2.4252 10
3 16 9.9781 0 10 15.3725 0 7.1338 10 0 7.1338
3 16 22.4269 -31.9683 -3.5437 15.4144 -31.9683 -3.126 22.4269 -31.9683 -6.7099
3 16 22.4269 -31.9683 -6.7099 15.4144 -31.9683 -3.126 13.126 -31.9683 -5.4144
3 16 22.4269 -31.9683 -3.5437 22.4269 -31.9683 -6.7099 23.2237 -31.5996 -3.5462
3 16 23.2237 -31.5996 -3.5462 22.4269 -31.9683 -6.7099 23.2237 -31.5996 -7.1374
3 16 23.2237 -31.5996 -3.5462 23.2237 -31.5996 -7.1374 23.8974 -30.6837 -3.5077
3 16 23.8974 -30.6837 -3.5077 23.2237 -31.5996 -7.1374 23.8974 -30.6837 -8.1952
3 16 24.28 -29.3726 -8.5573 24.2767 -29.3719 -3.4053 23.8974 -30.6837 -8.1952
3 16 23.8974 -30.6837 -8.1952 24.2767 -29.3719 -3.4053 23.8974 -30.6837 -3.5077
3 16 22.4269 -31.9683 0.0232 22.4269 -31.9683 3.2088 16.252 -31.9683 0
3 16 16.252 -31.9683 0 22.4269 -31.9683 3.2088 15.4144 -31.9683 3.126
3 16 23.2237 -31.5996 3.3163 22.4269 -31.9683 3.2088 23.2237 -31.5996 0.0219
3 16 23.2237 -31.5996 0.0219 22.4269 -31.9683 3.2088 22.4269 -31.9683 0.0232
3 16 23.8974 -30.6837 3.5679 23.2237 -31.5996 3.3163 23.8974 -30.6837 0.0138
3 16 23.8974 -30.6837 0.0138 23.2237 -31.5996 3.3163 23.2237 -31.5996 0.0219
3 16 24.2769 -29.3719 3.5933 23.8974 -30.6837 3.5679 24.2746 -29.3714 0
3 16 24.2746 -29.3714 0 23.8974 -30.6837 3.5679 23.8974 -30.6837 0.0138
3 16 24.2769 -29.3719 3.5933 24.2746 -29.3714 0 24.6719 -27.2531 2.6155
3 16 24.6719 -27.2531 2.6155 24.2746 -29.3714 0 24.5423 -27.9539 0
3 16 24.28 -29.3726 -8.5573 25.5344 -22.5794 -8.6473 25.0256 -25.3384 -4.5303
3 16 25.0256 -25.3384 -4.5303 25.5344 -22.5794 -8.6473 25.5085 -22.7228 -5.2311
3 16 23.6671 -29.5755 -9.47 25.0493 -22.4263 -9.5391 24.28 -29.3726 -8.5573
3 16 24.28 -29.3726 -8.5573 25.0493 -22.4263 -9.5391 25.5344 -22.5794 -8.6473
3 16 25.0493 -22.4263 -9.5391 23.6671 -29.5755 -9.47 24.1934 -22.4236 -10
3 16 24.1934 -22.4236 -10 23.6671 -29.5755 -9.47 22.8398 -29.5123 -10
3 16 9.7882 -29.5123 -10 9.8815 -22.2709 -10 22.8398 -29.5123 -10
3 16 22.8398 -29.5123 -10 9.8815 -22.2709 -10 24.1934 -22.4236 -10
3 16 -4.2513 -22.1201 -10 9.8815 -22.2709 -10 -2.8398 -29.5123 -10
3 16 -2.8398 -29.5123 -10 9.8815 -22.2709 -10 9.7882 -29.5123 -10
3 16 -2.8398 -29.5123 -10 -3.6671 -29.5755 -9.47 -4.2513 -22.1201 -10
3 16 -4.2513 -22.1201 -10 -3.6671 -29.5755 -9.47 -5.1115 -22.1046 -9.5422
3 16 -5.592 -22.2677 -8.6515 -5.1115 -22.1046 -9.5422 -4.28 -29.3726 -8.5573
3 16 -4.28 -29.3726 -8.5573 -5.1115 -22.1046 -9.5422 -3.6671 -29.5755 -9.47
3 16 4.5856 -31.9683 -3.126 3.748 -31.9683 0 -2.4269 -31.9683 -3.9017
3 16 -2.4269 -31.9683 -3.9017 3.748 -31.9683 0 -2.4269 -31.9683 -0.3672
3 16 -2.4269 -31.9683 -0.3672 -3.2237 -31.5996 -0.3469 -2.4269 -31.9683 -3.9017
3 16 -2.4269 -31.9683 -3.9017 -3.2237 -31.5996 -0.3469 -3.2237 -31.5996 -4.0739
3 16 -3.8974 -30.6837 -0.2187 -3.8974 -30.6837 -4.1655 -3.2237 -31.5996 -0.3469
3 16 -3.2237 -31.5996 -0.3469 -3.8974 -30.6837 -4.1655 -3.2237 -31.5996 -4.0739
3 16 -3.8974 -30.6837 -4.1655 -3.8974 -30.6837 -0.2187 -4.2773 -29.372 -4.2968
3 16 -4.2773 -29.372 -4.2968 -3.8974 -30.6837 -0.2187 -4.2746 -29.3714 0
3 16 -4.2773 -29.372 -4.2968 -4.2746 -29.3714 0 -4.6719 -27.2531 -2.6155
3 16 -4.6719 -27.2531 -2.6155 -4.2746 -29.3714 0 -4.5423 -27.9539 0
3 16 -2.4269 -31.9683 3.5511 4.5856 -31.9683 3.126 -2.4269 -31.9683 6.7099
3 16 -2.4269 -31.9683 6.7099 4.5856 -31.9683 3.126 6.874 -31.9683 5.4144
3 16 -3.2237 -31.5996 7.1374 -3.2237 -31.5996 3.6187 -2.4269 -31.9683 6.7099
3 16 -2.4269 -31.9683 6.7099 -3.2237 -31.5996 3.6187 -2.4269 -31.9683 3.5511
3 16 -3.8974 -30.6837 8.1952 -3.8974 -30.6837 3.6615 -3.2237 -31.5996 7.1374
3 16 -3.2237 -31.5996 7.1374 -3.8974 -30.6837 3.6615 -3.2237 -31.5996 3.6187
3 16 -3.8974 -30.6837 3.6615 -3.8974 -30.6837 8.1952 -4.2769 -29.3719 3.6986
3 16 -4.2769 -29.3719 3.6986 -3.8974 -30.6837 8.1952 -4.28 -29.3726 8.5573
3 16 -4.28 -29.3726 8.5573 -5.4865 -22.8388 8.6439 -5.0257 -25.3384 4.5303
3 16 -5.0257 -25.3384 4.5303 -5.4865 -22.8388 8.6439 -5.5086 -22.7228 5.2311
3 16 -3.6671 -29.5755 9.47 -4.9909 -22.7286 9.5362 -4.28 -29.3726 8.5573
3 16 -4.28 -29.3726 8.5573 -4.9909 -22.7286 9.5362 -5.4865 -22.8388 8.6439
3 16 -4.9909 -22.7286 9.5362 -3.6671 -29.5755 9.47 -4.1234 -22.7903 10
3 16 -4.1234 -22.7903 10 -3.6671 -29.5755 9.47 -2.8398 -29.5123 10
3 16 -4.1234 -22.7903 10 -2.8398 -29.5123 10 10.048 -22.9427 10
3 16 10.048 -22.9427 10 -2.8398 -29.5123 10 10.0681 -29.5123 10
3 16 24.0654 -23.0936 10 10.048 -22.9427 10 22.8398 -29.5123 10
3 16 22.8398 -29.5123 10 10.048 -22.9427 10 10.0681 -29.5123 10
3 16 22.8398 -29.5123 10 23.6671 -29.5755 9.47 24.0654 -23.0936 10
3 16 24.0654 -23.0936 10 23.6671 -29.5755 9.47 24.9287 -23.0502 9.533
3 16 25.4579 -22.994 8.6418 24.9287 -23.0502 9.533 24.28 -29.3726 8.5573
3 16 24.28 -29.3726 8.5573 24.9287 -23.0502 9.533 23.6671 -29.5755 9.47
3 16 -9.2627 -2.389 8.9149 -9.2627 -2.389 0.4122 -6.345 -18.1926 2.6155
3 16 -6.345 -18.1926 2.6155 -9.2627 -2.389 0.4122 -6.4744 -17.4917 0
3 16 -9.2627 -0.6506 8.9149 -9.2627 -0.6506 0.4365 -9.2627 -2.389 8.9149
3 16 -9.2627 -2.389 8.9149 -9.2627 -0.6506 0.4365 -9.2627 -2.389 0.4122
3 16 -6.0029 0 0 -9.2627 0 0.4458 -5.9983 0 7.1464
3 16 -5.9983 0 7.1464 -9.2627 0 0.4458 -9.2627 0 8.9149
3 16 -5.5086 -22.7228 5.2311 -5.4865 -22.8388 8.6439 -5.9915 -20.1073 4.5303
3 16 -5.9915 -20.1073 4.5303 -5.4865 -22.8388 8.6439 -6.8716 -15.3381 8.7433
3 16 -5.4865 -22.8388 8.6439 -4.9909 -22.7286 9.5362 -6.8716 -15.3381 8.7433
3 16 -6.8716 -15.3381 8.7433 -4.9909 -22.7286 9.5362 -6.6543 -14.1248 9.6192
3 16 -6.6543 -14.1248 9.6192 -4.9909 -22.7286 9.5362 -5.7542 -14.2498 10
3 16 -5.7542 -14.2498 10 -4.9909 -22.7286 9.5362 -4.1234 -22.7903 10
3 16 -5.7542 -14.2498 10 -4.1234 -22.7903 10 10.0216 -14.2692 10
3 16 10.0216 -14.2692 10 -4.1234 -22.7903 10 10.048 -22.9427 10
3 16 25.7468 -14.2885 10 10.0216 -14.2692 10 24.0654 -23.0936 10
3 16 24.0654 -23.0936 10 10.0216 -14.2692 10 10.048 -22.9427 10
3 16 24.0654 -23.0936 10 24.9287 -23.0502 9.533 25.7468 -14.2885 10
3 16 25.7468 -14.2885 10 24.9287 -23.0502 9.533 26.6464 -14.1656 9.6189
3 16 26.6464 -14.1656 9.6189 24.9287 -23.0502 9.533 26.837 -15.5254 8.7408
3 16 26.837 -15.5254 8.7408 24.9287 -23.0502 9.533 25.4579 -22.994 8.6418
3 16 25.5085 -22.7228 5.2311 25.9915 -20.1073 4.5303 25.4579 -22.994 8.6418
3 16 25.4579 -22.994 8.6418 25.9915 -20.1073 4.5303 26.837 -15.5254 8.7408
3 16 -9.2627 -2.389 -8.9149 -6.7754 -15.8592 -8.7364 -6.345 -18.1926 -2.6155
3 16 -6.345 -18.1926 -2.6155 -6.7754 -15.8592 -8.7364 -5.9915 -20.1073 -4.5303
3 16 -8.9163 -2.4252 -9.7322 -6.574 -14.5404 -9.6152 -9.2627 -2.389 -8.9149
3 16 -9.2627 -2.389 -8.9149 -6.574 -14.5404 -9.6152 -6.7754 -15.8592 -8.7364
3 16 -5.6864 -14.6044 -10 -6.574 -14.5404 -9.6152 -8.0121 -2.4252 -10
3 16 -8.0121 -2.4252 -10 -6.574 -14.5404 -9.6152 -8.9163 -2.4252 -9.7322
3 16 -8.0121 -2.4252 -10 10.1372 -2.4252 -10 -5.6864 -14.6044 -10
3 16 -5.6864 -14.6044 -10 10.1372 -2.4252 -10 9.9815 -14.513 -10
3 16 9.9815 -14.513 -10 10.1372 -2.4252 -10 25.7214 -14.4211 -10
3 16 25.7214 -14.4211 -10 10.1372 -2.4252 -10 28.012 -2.4252 -10
3 16 28.9163 -2.4252 -9.7322 26.6114 -14.347 -9.6171 28.012 -2.4252 -10
3 16 28.012 -2.4252 -10 26.6114 -14.347 -9.6171 25.7214 -14.4211 -10
3 16 26.8383 -15.5179 -8.7409 26.6114 -14.347 -9.6171 29.2627 -2.389 -8.9149
3 16 29.2627 -2.389 -8.9149 26.6114 -14.347 -9.6171 28.9163 -2.4252 -9.7322
3 16 29.2627 -2.389 -8.9149 29.2627 -2.389 -0.9138 26.345 -18.1926 -2.6155
3 16 26.345 -18.1926 -2.6155 29.2627 -2.389 -0.9138 26.4744 -17.4917 0
3 16 29.2627 -0.6506 -8.9149 29.2627 -0.6506 -0.9263 29.2627 -2.389 -8.9149
3 16 29.2627 -2.389 -8.9149 29.2627 -0.6506 -0.9263 29.2627 -2.389 -0.9138
3 16 29.2627 0 -8.9149 25.9983 0 -7.1464 29.2627 0 -0.9311
3 16 29.2627 0 -0.9311 25.9983 0 -7.1464 26.0029 0 0
3 16 27.9991 0 -10 28.9163 0 -9.7322 28.0027 -0.6606 -10
3 16 28.0027 -0.6606 -10 28.9163 0 -9.7322 28.9163 -0.6606 -9.7322
3 16 29.2627 0 -8.9149 29.2627 -0.6506 -8.9149 28.9163 0 -9.7322
3 16 28.9163 0 -9.7322 29.2627 -0.6506 -8.9149 28.9163 -0.6606 -9.7322
3 16 29.2627 -0.6506 -0.9263 29.2627 -0.6506 -8.9149 29.2627 0 -0.9311
3 16 29.2627 0 -0.9311 29.2627 -0.6506 -8.9149 29.2627 0 -8.9149
3 16 29.2627 -0.6506 8.9149 29.2627 -0.6506 -0.9263 29.2627 0 8.9149
3 16 29.2627 0 8.9149 29.2627 -0.6506 -0.9263 29.2627 0 -0.9311
3 16 28.9163 -0.6606 9.7322 29.2627 -0.6506 8.9149 28.9163 0 9.7322
3 16 28.9163 0 9.7322 29.2627 -0.6506 8.9149 29.2627 0 8.9149
3 16 28.9163 -0.6606 9.7322 28.9163 0 9.7322 28.0027 -0.6606 10
3 16 28.0027 -0.6606 10 28.9163 0 9.7322 27.9991 0 10
3 16 9.9781 0 10 9.9801 -0.6606 10 27.9991 0 10
3 16 27.9991 0 10 9.9801 -0.6606 10 28.0027 -0.6606 10
3 16 -7.9991 0 10 -8.0027 -0.6606 10 9.9781 0 10
3 16 9.9781 0 10 -8.0027 -0.6606 10 9.9801 -0.6606 10
3 16 -8.9163 -0.6606 9.7322 -8.0027 -0.6606 10 -8.9163 0 9.7322
3 16 -8.9163 0 9.7322 -8.0027 -0.6606 10 -7.9991 0 10
3 16 -9.2627 0 8.9149 -9.2627 -0.6506 8.9149 -8.9163 0 9.7322
3 16 -8.9163 0 9.7322 -9.2627 -0.6506 8.9149 -8.9163 -0.6606 9.7322
3 16 -9.2627 -0.6506 0.4365 -9.2627 -0.6506 8.9149 -9.2627 0 0.4458
3 16 -9.2627 0 0.4458 -9.2627 -0.6506 8.9149 -9.2627 0 8.9149
3 16 -9.2627 -0.6506 -8.9149 -9.2627 -0.6506 0.4365 -9.2627 0 -8.9149
3 16 -9.2627 0 -8.9149 -9.2627 -0.6506 0.4365 -9.2627 0 0.4458
3 16 -8.9163 -0.6606 -9.7322 -9.2627 -0.6506 -8.9149 -8.9163 0 -9.7322
3 16 -8.9163 0 -9.7322 -9.2627 -0.6506 -8.9149 -9.2627 0 -8.9149
3 16 -8.9163 -0.6606 -9.7322 -8.9163 0 -9.7322 -8.0027 -0.6606 -10
3 16 -8.0027 -0.6606 -10 -8.9163 0 -9.7322 -7.9991 0 -10
3 16 10.1684 0 -10 10.1598 -0.6606 -10 -7.9991 0 -10
3 16 -7.9991 0 -10 10.1598 -0.6606 -10 -8.0027 -0.6606 -10
3 16 28.0027 -0.6606 -10 10.1598 -0.6606 -10 27.9991 0 -10
3 16 27.9991 0 -10 10.1598 -0.6606 -10 10.1684 0 -10
3 16 12.0387 -29.1757 2.5015 12.0268 -35.6181 2.6914 10.9737 -29.3274 3.124
3 16 10.9737 -29.3274 3.124 12.0268 -35.6181 2.6914 10.9484 -35.6181 3.107
3 16 10.9484 -35.6181 3.107 12.0268 -35.6181 2.6914 10.7916 -40.1988 3.1258
3 16 10.7916 -40.1988 3.1258 12.0268 -35.6181 2.6914 11.1594 -40.4979 2.9428
3 16 11.2 -40.4979 0 10 -43.8322 0 11.1594 -40.4979 2.9428
3 16 11.1594 -40.4979 2.9428 10 -43.8322 0 10 -43.8322 3.1448
3 16 12.0268 -35.6181 0 11.2 -40.4979 0 12.0268 -35.6181 2.6914
3 16 12.0268 -35.6181 2.6914 11.2 -40.4979 0 11.1594 -40.4979 2.9428
3 16 12.0268 -29.1929 0 12.0268 -35.6181 0 12.0387 -29.1757 2.5015
3 16 12.0387 -29.1757 2.5015 12.0268 -35.6181 0 12.0268 -35.6181 2.6914
3 16 10 -35.6181 3.2462 10 -29.445 3.2336 10.9484 -35.6181 3.107
3 16 10.9484 -35.6181 3.107 10 -29.445 3.2336 10.9737 -29.3274 3.124
3 16 10 -40.6371 3.1919 10 -35.6181 3.2462 10.7916 -40.1988 3.1258
3 16 10.7916 -40.1988 3.1258 10 -35.6181 3.2462 10.9484 -35.6181 3.107
3 16 11.1594 -40.4979 2.9428 10 -43.8322 3.1448 10.7916 -40.1988 3.1258
3 16 10 -43.8322 3.1448 10 -40.6371 3.1919 10.7916 -40.1988 3.1258
3 16 14.6102 -0.0158 5.9708 13.3703 -0.0158 4.7471 14.6102 -3.3008 5.9708
3 16 14.6102 -3.3008 5.9708 13.3703 -0.0158 4.7471 13.3703 -3.3008 4.7471
3 16 12.4507 -3.2996 3.5341 13.3703 -3.3008 4.7471 12.5101 -0.5252 3.4325
3 16 12.5101 -0.5252 3.4325 13.3703 -3.3008 4.7471 13.3703 -0.0158 4.7471
3 16 12.0387 -3.2804 0.8828 12.0387 -3.2926 2.5236 12.0626 -2.3269 1.4007
3 16 14.1746 -0.5603 2.6429 15.6721 -0.0158 4.019 14.1151 -3.3008 2.7445
3 16 14.1151 -3.3008 2.7445 15.6721 -0.0158 4.019 15.6721 -5.5305 4.019
3 16 15.6721 -5.5305 4.019 15.6721 -0.0158 4.019 16.8278 -5.5305 5.4126
3 16 16.8278 -5.5305 5.4126 15.6721 -0.0158 4.019 16.8278 -0.0158 5.4126
3 16 14.1151 -3.3008 2.7445 14.0779 -2.1942 1.1891 14.0945 -1.2979 1.8545
3 16 13.3703 -0.0158 4.7471 14.6102 -0.0158 5.9708 15.6721 -0.0158 4.019
3 16 15.6721 -0.0158 4.019 14.6102 -0.0158 5.9708 16.8278 -0.0158 5.4126
3 16 12.0588 -12.3145 0.8828 14.0653 -12.3145 0.8061 12.0387 -12.598 0
3 16 12.0387 -12.598 0 14.0653 -12.3145 0.8061 14.0816 -12.6022 0
3 16 14.0945 -1.2979 1.8545 12.0443 -1.2979 2.4449 14.1746 -0.5603 2.6429
3 16 14.1746 -0.5603 2.6429 12.0443 -1.2979 2.4449 12.5101 -0.5252 3.4325
3 16 12.5101 -0.5252 3.4325 13.3703 -0.0158 4.7471 14.1746 -0.5603 2.6429
3 16 14.1746 -0.5603 2.6429 13.3703 -0.0158 4.7471 15.6721 -0.0158 4.019
3 16 14.6102 -0.0158 5.9708 14.6102 -3.3008 5.9708 15.3725 0 7.1338
3 16 15.3725 0 7.1338 14.6102 -3.3008 5.9708 15.387 -5.5305 7.1338
3 16 14.6102 -0.0158 5.9708 15.3725 0 7.1338 16.8278 -0.0158 5.4126
3 16 16.8278 -0.0158 5.4126 15.3725 0 7.1338 17.6671 0 7.1338
3 16 18.6896 -0.0158 6.0094 20.8082 -0.0158 6.0094 18.6896 -5.5415 6.0079
3 16 18.6896 -5.5415 6.0079 20.8082 -0.0158 6.0094 20.8082 -5.5415 6.0079
3 16 20.8082 0 7.1338 20.8082 -0.0158 6.0094 18.6896 0 7.1338
3 16 18.6896 0 7.1338 20.8082 -0.0158 6.0094 18.6896 -0.0158 6.0094
3 16 18.6896 0 7.1338 18.6896 -0.0158 6.0094 18.6896 -5.5305 7.1338
3 16 18.6896 -5.5305 7.1338 18.6896 -0.0158 6.0094 18.6896 -5.5415 6.0079
3 16 20.8082 0 7.1338 20.8082 -5.5305 7.1338 20.8082 -0.0158 6.0094
3 16 20.8082 -0.0158 6.0094 20.8082 -5.5305 7.1338 20.8082 -5.5415 6.0079
3 16 14.1108 -28.9283 2.7454 14.1151 -22.9429 2.7445 15.6729 -28.7295 4.0222
3 16 15.6729 -28.7295 4.0222 14.1151 -22.9429 2.7445 15.6721 -22.9429 4.019
3 16 15.6729 -28.7295 4.0222 15.6721 -22.9429 4.019 16.8294 -28.5823 5.4223
3 16 16.8294 -28.5823 5.4223 15.6721 -22.9429 4.019 16.8278 -22.9429 5.4126
3 16 18.6896 -22.9429 7.1338 18.6896 -22.9429 5.9938 18.69 -28.3456 7.0574
3 16 18.69 -28.3456 7.0574 18.6896 -22.9429 5.9938 18.6896 -28.3482 5.9896
3 16 13.3692 -29.0226 4.737 14.6166 -28.8639 5.974 13.3703 -22.9429 4.7471
3 16 13.3703 -22.9429 4.7471 14.6166 -28.8639 5.974 14.6102 -22.9429 5.9708
3 16 12.0268 -29.1929 0 12.0387 -29.1757 2.5015 12.0387 -22.9429 0
3 16 12.0387 -22.9429 0 12.0387 -29.1757 2.5015 12.0387 -22.771 2.519
3 16 12.4481 -29.1398 3.5305 13.3692 -29.0226 4.737 12.4507 -22.9417 3.5341
3 16 12.4507 -22.9417 3.5341 13.3692 -29.0226 4.737 13.3703 -22.9429 4.7471
3 16 14.1108 -28.9283 2.7454 14.0742 -28.9315 0 14.1151 -22.9429 2.7445
3 16 14.1151 -22.9429 2.7445 14.0742 -28.9315 0 14.0816 -22.9429 0
3 16 17.6319 -22.9429 7.1338 17.6276 -28.4808 7.0578 16.8278 -22.9429 5.4126
3 16 16.8278 -22.9429 5.4126 17.6276 -28.4808 7.0578 16.8294 -28.5823 5.4223
3 16 14.6166 -28.8639 5.974 15.3529 -28.7702 7.0582 14.6102 -22.9429 5.9708
3 16 14.6102 -22.9429 5.9708 15.3529 -28.7702 7.0582 15.4327 -22.9429 7.1338
3 16 20.8082 -22.9429 5.9938 20.8065 -28.0729 5.9861 18.6896 -22.9429 5.9938
3 16 18.6896 -22.9429 5.9938 20.8065 -28.0729 5.9861 18.6896 -28.3482 5.9896
3 16 20.8067 -22.9429 7.0597 20.7964 -28.0737 6.9771 20.8082 -22.9429 5.9938
3 16 20.8082 -22.9429 5.9938 20.7964 -28.0737 6.9771 20.8065 -28.0729 5.9861
3 16 14.1151 -22.9429 2.7445 14.1151 -13.5251 2.7445 15.6721 -22.9429 4.019
3 16 15.6721 -22.9429 4.019 14.1151 -13.5251 2.7445 15.6721 -13.5251 4.019
3 16 15.6721 -22.9429 4.019 15.6721 -13.5251 4.019 16.8278 -22.9429 5.4126
3 16 16.8278 -22.9429 5.4126 15.6721 -13.5251 4.019 16.8278 -13.5251 5.4126
3 16 18.6896 -22.9429 7.1338 18.6896 -13.5455 7.1338 18.6896 -22.9429 5.9938
3 16 18.6896 -22.9429 5.9938 18.6896 -13.5455 7.1338 18.6896 -13.5438 6.0002
3 16 18.6896 -22.9429 5.9938 18.6896 -13.5438 6.0002 20.8082 -22.9429 5.9938
3 16 20.8082 -22.9429 5.9938 18.6896 -13.5438 6.0002 20.8082 -13.5438 6.0002
3 16 20.8082 -22.9429 5.9938 20.8082 -13.5438 6.0002 20.8067 -22.9429 7.0597
3 16 20.8067 -22.9429 7.0597 20.8082 -13.5438 6.0002 20.8036 -13.5455 7.1338
3 16 13.3703 -22.9429 4.7471 14.6102 -22.9429 5.9708 13.3703 -13.5251 4.7471
3 16 13.3703 -13.5251 4.7471 14.6102 -22.9429 5.9708 14.6102 -13.5251 5.9708
3 16 12.0387 -22.9429 0 12.0387 -22.771 2.519 12.0521 -14.7358 0
3 16 12.0521 -14.7358 0 12.0387 -22.771 2.519 12.0387 -13.3532 2.5211
3 16 12.4507 -22.9417 3.5341 13.3703 -22.9429 4.7471 12.4507 -13.524 3.5341
3 16 12.4507 -13.524 3.5341 13.3703 -22.9429 4.7471 13.3703 -13.5251 4.7471
3 16 14.0816 -22.9429 0 14.0708 -14.7358 0 14.1151 -22.9429 2.7445
3 16 14.1151 -22.9429 2.7445 14.0708 -14.7358 0 14.1151 -13.5251 2.7445
3 16 17.6319 -22.9429 7.1338 16.8278 -22.9429 5.4126 17.6463 -13.5455 7.1338
3 16 17.6463 -13.5455 7.1338 16.8278 -22.9429 5.4126 16.8278 -13.5251 5.4126
3 16 15.4327 -22.9429 7.1338 15.4043 -13.5446 7.1339 14.6102 -22.9429 5.9708
3 16 14.6102 -22.9429 5.9708 15.4043 -13.5446 7.1339 14.6102 -13.5251 5.9708
3 16 12.0387 -13.3532 2.5211 12.0588 -12.3145 0.8828 12.0521 -14.7358 0
3 16 12.0521 -14.7358 0 12.0588 -12.3145 0.8828 12.0387 -12.598 0
3 16 14.0816 -12.6022 0 14.0653 -12.3145 0.8061 14.0708 -14.7358 0
3 16 14.0708 -14.7358 0 14.0653 -12.3145 0.8061 14.1151 -13.5251 2.7445
3 16 12.0387 -13.3532 2.5211 12.0387 -3.2926 2.5236 12.0588 -12.3145 0.8828
3 16 12.0588 -12.3145 0.8828 12.0387 -3.2926 2.5236 12.0387 -3.2804 0.8828
3 16 16.8278 -5.5305 5.4126 16.8278 -13.5251 5.4126 15.6721 -5.5305 4.019
3 16 15.6721 -5.5305 4.019 16.8278 -13.5251 5.4126 15.6721 -13.5251 4.019
3 16 14.1151 -3.3008 2.7445 15.6721 -5.5305 4.019 14.1151 -13.5251 2.7445
3 16 14.1151 -13.5251 2.7445 15.6721 -5.5305 4.019 15.6721 -13.5251 4.019
3 16 14.1151 -13.5251 2.7445 14.0653 -12.3145 0.8061 14.1151 -3.3008 2.7445
3 16 14.1151 -3.3008 2.7445 14.0653 -12.3145 0.8061 14.0653 -3.2861 0.8061
3 16 12.0387 -3.2804 0.8828 14.0653 -3.2861 0.8061 12.0588 -12.3145 0.8828
3 16 12.0588 -12.3145 0.8828 14.0653 -3.2861 0.8061 14.0653 -12.3145 0.8061
3 16 17.6463 -13.5455 7.1338 16.8278 -13.5251 5.4126 17.6586 -5.5305 7.1338
3 16 17.6586 -5.5305 7.1338 16.8278 -13.5251 5.4126 16.8278 -5.5305 5.4126
3 16 18.6896 -5.5305 7.1338 18.6896 -5.5415 6.0079 18.6896 -13.5455 7.1338
3 16 18.6896 -13.5455 7.1338 18.6896 -5.5415 6.0079 18.6896 -13.5438 6.0002
3 16 18.6896 -13.5438 6.0002 18.6896 -5.5415 6.0079 20.8082 -13.5438 6.0002
3 16 20.8082 -13.5438 6.0002 18.6896 -5.5415 6.0079 20.8082 -5.5415 6.0079
3 16 12.4507 -3.2996 3.5341 12.4507 -13.524 3.5341 13.3703 -3.3008 4.7471
3 16 13.3703 -3.3008 4.7471 12.4507 -13.524 3.5341 13.3703 -13.5251 4.7471
3 16 13.3703 -13.5251 4.7471 14.6102 -13.5251 5.9708 13.3703 -3.3008 4.7471
3 16 13.3703 -3.3008 4.7471 14.6102 -13.5251 5.9708 14.6102 -3.3008 5.9708
3 16 15.4043 -13.5446 7.1339 15.387 -5.5305 7.1338 14.6102 -13.5251 5.9708
3 16 14.6102 -13.5251 5.9708 15.387 -5.5305 7.1338 14.6102 -3.3008 5.9708
3 16 16.8278 -5.5305 5.4126 16.8278 -0.0158 5.4126 17.6586 -5.5305 7.1338
3 16 17.6586 -5.5305 7.1338 16.8278 -0.0158 5.4126 17.6671 0 7.1338
3 16 10 -13.5434 7.1339 15.4043 -13.5446 7.1339 10 -22.9429 7.1338
3 16 10 -22.9429 7.1338 15.4043 -13.5446 7.1339 15.4327 -22.9429 7.1338
3 16 10 -5.5305 7.1338 15.387 -5.5305 7.1338 10 -13.5434 7.1339
3 16 10 -13.5434 7.1339 15.387 -5.5305 7.1338 15.4043 -13.5446 7.1339
3 16 22.5176 -23.0188 6.9428 21.5351 -27.9758 6.9762 20.8067 -22.9429 7.0597
3 16 20.8067 -22.9429 7.0597 21.5351 -27.9758 6.9762 20.7964 -28.0737 6.9771
3 16 20.8036 -13.5455 7.1338 23.3281 -18.9297 6.9428 20.8067 -22.9429 7.0597
3 16 20.8067 -22.9429 7.0597 23.3281 -18.9297 6.9428 22.5176 -23.0188 6.9428
3 16 15.387 -5.5305 7.1338 10 -5.5305 7.1338 15.3725 0 7.1338
3 16 15.3725 0 7.1338 10 -5.5305 7.1338 10 0 7.1338
3 16 20.8036 -13.5455 7.1338 24.3452 -13.6218 6.9428 23.3281 -18.9297 6.9428
3 16 26.0029 0 0 26.0029 -5.4942 0 25.9983 0 7.1464
3 16 25.9983 0 7.1464 26.0029 -5.4942 0 25.9983 -5.5305 7.1464
3 16 15.4327 -22.9429 7.1338 15.3529 -28.7702 7.0582 10 -22.9429 7.1338
3 16 10 -22.9429 7.1338 15.3529 -28.7702 7.0582 10 -29.445 7.0578
3 16 24.3452 -13.6218 6.9428 24.4262 -13.397 0 23.5685 -17.7168 2.6155
3 16 23.5685 -17.7168 2.6155 24.4262 -13.397 0 23.706 -17.0229 0
3 16 22.5176 -23.0188 6.9428 23.3281 -18.9297 6.9428 22.6729 -22.2353 5.2311
3 16 22.6729 -22.2353 5.2311 23.3281 -18.9297 6.9428 23.1899 -19.6265 4.5303
3 16 21.5351 -27.9758 6.9762 22.5176 -23.0188 6.9428 22.1571 -24.8471 4.5303
3 16 22.1571 -24.8471 4.5303 22.5176 -23.0188 6.9428 22.6729 -22.2353 5.2311
3 16 21.5351 -27.9758 6.9762 22.1571 -24.8471 4.5303 21.7773 -26.7539 2.6155
3 16 21.5351 -27.9758 6.9762 20.8065 -28.0729 5.9861 20.7964 -28.0737 6.9771
3 16 23.1899 -19.6265 4.5303 23.3281 -18.9297 6.9428 23.5685 -17.7168 2.6155
3 16 23.5685 -17.7168 2.6155 23.3281 -18.9297 6.9428 24.3452 -13.6218 6.9428
3 16 21.5351 -27.9758 6.9762 21.7773 -26.7539 2.6155 21.5362 -27.9699 0
3 16 21.5362 -27.9699 0 21.7773 -26.7539 2.6155 21.6387 -27.453 0
3 16 21.5362 -27.9699 0 20.8065 -28.0729 5.9861 21.5351 -27.9758 6.9762
3 16 20.8082 -5.5305 7.1338 20.8082 0 7.1338 25.9983 -5.5305 7.1464
3 16 25.9983 -5.5305 7.1464 20.8082 0 7.1338 25.9983 0 7.1464
3 16 14.0779 -2.1942 1.1891 14.0653 -3.2861 0.8061 12.0626 -2.3269 1.4007
3 16 12.0626 -2.3269 1.4007 14.0653 -3.2861 0.8061 12.0387 -3.2804 0.8828
3 16 10 -29.445 3.2336 10 -29.445 7.0578 10.9737 -29.3274 3.124
3 16 21.7773 -26.7539 2.6155 22.1571 -24.8471 4.5303 24.6719 -27.2531 2.6155
3 16 24.6719 -27.2531 2.6155 22.1571 -24.8471 4.5303 25.0256 -25.3384 4.5303
3 16 21.6387 -27.453 0 21.7773 -26.7539 2.6155 24.5423 -27.9539 0
3 16 24.5423 -27.9539 0 21.7773 -26.7539 2.6155 24.6719 -27.2531 2.6155
3 16 22.1571 -24.8471 4.5303 22.6729 -22.2353 5.2311 25.0256 -25.3384 4.5303
3 16 25.0256 -25.3384 4.5303 22.6729 -22.2353 5.2311 25.5085 -22.7228 5.2311
3 16 22.6729 -22.2353 5.2311 23.1899 -19.6265 4.5303 25.5085 -22.7228 5.2311
3 16 25.5085 -22.7228 5.2311 23.1899 -19.6265 4.5303 25.9915 -20.1073 4.5303
3 16 23.1899 -19.6265 4.5303 23.5685 -17.7168 2.6155 25.9915 -20.1073 4.5303
3 16 25.9915 -20.1073 4.5303 23.5685 -17.7168 2.6155 26.345 -18.1926 2.6155
3 16 23.5685 -17.7168 2.6155 23.706 -17.0229 0 26.345 -18.1926 2.6155
3 16 26.345 -18.1926 2.6155 23.706 -17.0229 0 26.4744 -17.4917 0
3 16 12.0387 -3.2926 2.5236 12.4507 -3.2996 3.5341 12.0443 -1.2979 2.4449
3 16 12.0443 -1.2979 2.4449 12.4507 -3.2996 3.5341 12.5101 -0.5252 3.4325
3 16 12.0387 -3.2926 2.5236 12.0387 -13.3532 2.5211 12.4507 -3.2996 3.5341
3 16 12.4507 -3.2996 3.5341 12.0387 -13.3532 2.5211 12.4507 -13.524 3.5341
3 16 12.0387 -13.3532 2.5211 12.0387 -22.771 2.519 12.4507 -13.524 3.5341
3 16 12.4507 -13.524 3.5341 12.0387 -22.771 2.519 12.4507 -22.9417 3.5341
3 16 12.0387 -22.771 2.519 12.0387 -29.1757 2.5015 12.4507 -22.9417 3.5341
3 16 12.4507 -22.9417 3.5341 12.0387 -29.1757 2.5015 12.4481 -29.1398 3.5305
3 16 12.0387 -3.2926 2.5236 12.0443 -1.2979 2.4449 12.0626 -2.3269 1.4007
3 16 14.0779 -2.1942 1.1891 12.0626 -2.3269 1.4007 14.0945 -1.2979 1.8545
3 16 14.0945 -1.2979 1.8545 12.0626 -2.3269 1.4007 12.0443 -1.2979 2.4449
3 16 24.3452 -13.6218 6.9428 25.9983 -5.5305 7.1464 24.4262 -13.397 0
3 16 24.4262 -13.397 0 25.9983 -5.5305 7.1464 26.0029 -5.4942 0
3 16 18.6896 0 7.1338 18.6896 -5.5305 7.1338 17.6671 0 7.1338
3 16 17.6671 0 7.1338 18.6896 -5.5305 7.1338 17.6586 -5.5305 7.1338
3 16 17.6586 -5.5305 7.1338 18.6896 -5.5305 7.1338 17.6463 -13.5455 7.1338
3 16 17.6463 -13.5455 7.1338 18.6896 -5.5305 7.1338 18.6896 -13.5455 7.1338
3 16 17.6463 -13.5455 7.1338 18.6896 -13.5455 7.1338 17.6319 -22.9429 7.1338
3 16 17.6319 -22.9429 7.1338 18.6896 -13.5455 7.1338 18.6896 -22.9429 7.1338
3 16 18.6896 -22.9429 7.1338 18.69 -28.3456 7.0574 17.6319 -22.9429 7.1338
3 16 17.6319 -22.9429 7.1338 18.69 -28.3456 7.0574 17.6276 -28.4808 7.0578
3 16 14.1108 -28.9283 2.7454 15.6729 -28.7295 4.0222 21.5362 -27.9699 0
3 16 21.5362 -27.9699 0 18.6896 -28.3482 5.9896 20.8065 -28.0729 5.9861
3 16 10 -29.445 7.0578 12.4481 -29.1398 3.5305 10.9737 -29.3274 3.124
3 16 10.9737 -29.3274 3.124 12.4481 -29.1398 3.5305 12.0387 -29.1757 2.5015
3 16 13.3692 -29.0226 4.737 12.4481 -29.1398 3.5305 10 -29.445 7.0578
3 16 14.6166 -28.8639 5.974 13.3692 -29.0226 4.737 10 -29.445 7.0578
3 16 15.3529 -28.7702 7.0582 14.6166 -28.8639 5.974 10 -29.445 7.0578
3 16 15.6729 -28.7295 4.0222 16.8294 -28.5823 5.4223 21.5362 -27.9699 0
3 16 16.8294 -28.5823 5.4223 17.6276 -28.4808 7.0578 18.6896 -28.3482 5.9896
3 16 18.6896 -28.3482 5.9896 17.6276 -28.4808 7.0578 18.69 -28.3456 7.0574
3 16 16.8294 -28.5823 5.4223 18.6896 -28.3482 5.9896 21.5362 -27.9699 0
3 16 20.8082 -5.5305 7.1338 20.8036 -13.5455 7.1338 20.8082 -5.5415 6.0079
3 16 20.8082 -5.5415 6.0079 20.8036 -13.5455 7.1338 20.8082 -13.5438 6.0002
3 16 25.9983 -5.5305 7.1464 24.3452 -13.6218 6.9428 20.8082 -5.5305 7.1338
3 16 20.8082 -5.5305 7.1338 24.3452 -13.6218 6.9428 20.8036 -13.5455 7.1338
3 16 14.1151 -3.3008 2.7445 14.0653 -3.2861 0.8061 14.0779 -2.1942 1.1891
3 16 14.1746 -0.5603 2.6429 14.1151 -3.3008 2.7445 14.0945 -1.2979 1.8545
3 16 14.0742 -28.9315 0 14.1108 -28.9283 2.7454 21.5362 -27.9699 0
3 16 10.9484 -35.6181 -3.107 12.0268 -35.6181 -2.6914 10.9737 -29.3274 -3.124
3 16 10.9737 -29.3274 -3.124 12.0268 -35.6181 -2.6914 12.0387 -29.1757 -2.5015
3 16 10.9484 -35.6181 -3.107 10.7916 -40.1988 -3.1258 12.0268 -35.6181 -2.6914
3 16 12.0268 -35.6181 -2.6914 10.7916 -40.1988 -3.1258 11.1594 -40.4979 -2.9428
3 16 11.2 -40.4979 0 11.1594 -40.4979 -2.9428 10 -43.8322 0
3 16 10 -43.8322 0 11.1594 -40.4979 -2.9428 10 -43.8322 -3.1448
3 16 12.0268 -35.6181 0 12.0268 -35.6181 -2.6914 11.2 -40.4979 0
3 16 11.2 -40.4979 0 12.0268 -35.6181 -2.6914 11.1594 -40.4979 -2.9428
3 16 12.0268 -35.6181 -2.6914 12.0268 -35.6181 0 12.0387 -29.1757 -2.5015
3 16 12.0387 -29.1757 -2.5015 12.0268 -35.6181 0 12.0268 -29.1929 0
3 16 10 -35.6181 -3.2462 10.9484 -35.6181 -3.107 10 -29.445 -3.2336
3 16 10 -29.445 -3.2336 10.9484 -35.6181 -3.107 10.9737 -29.3274 -3.124
3 16 10 -40.6371 -3.1919 10.7916 -40.1988 -3.1258 10 -35.6181 -3.2462
3 16 10 -35.6181 -3.2462 10.7916 -40.1988 -3.1258 10.9484 -35.6181 -3.107
3 16 11.1594 -40.4979 -2.9428 10.7916 -40.1988 -3.1258 10 -43.8322 -3.1448
3 16 10.7916 -40.1988 -3.1258 10 -40.6371 -3.1919 10 -43.8322 -3.1448
3 16 14.6102 -0.0158 -5.9708 14.6102 -3.3008 -5.9708 13.3703 -0.0158 -4.7471
3 16 13.3703 -0.0158 -4.7471 14.6102 -3.3008 -5.9708 13.3703 -3.3008 -4.7471
3 16 12.4507 -3.2996 -3.5341 12.5101 -0.5252 -3.4325 13.3703 -3.3008 -4.7471
3 16 13.3703 -3.3008 -4.7471 12.5101 -0.5252 -3.4325 13.3703 -0.0158 -4.7471
3 16 12.0387 -3.2804 -0.8828 12.0626 -2.3269 -1.4007 12.0387 -3.2926 -2.5236
3 16 14.1746 -0.5603 -2.6429 14.1151 -3.3008 -2.7445 15.6721 -0.0158 -4.019
3 16 15.6721 -0.0158 -4.019 14.1151 -3.3008 -2.7445 15.6721 -5.5305 -4.019
3 16 15.6721 -5.5305 -4.019 16.8278 -5.5305 -5.4126 15.6721 -0.0158 -4.019
3 16 15.6721 -0.0158 -4.019 16.8278 -5.5305 -5.4126 16.8278 -0.0158 -5.4126
3 16 14.1151 -3.3008 -2.7445 14.0945 -1.2979 -1.8545 14.0779 -2.1942 -1.1891
3 16 16.8278 -0.0158 -5.4126 14.6102 -0.0158 -5.9708 15.6721 -0.0158 -4.019
3 16 15.6721 -0.0158 -4.019 14.6102 -0.0158 -5.9708 13.3703 -0.0158 -4.7471
3 16 14.0816 -12.6022 0 14.0653 -12.3145 -0.8061 12.0387 -12.598 0
3 16 12.0387 -12.598 0 14.0653 -12.3145 -0.8061 12.0588 -12.3145 -0.8828
3 16 12.5101 -0.5252 -3.4325 12.0443 -1.2979 -2.4449 14.1746 -0.5603 -2.6429
3 16 14.1746 -0.5603 -2.6429 12.0443 -1.2979 -2.4449 14.0945 -1.2979 -1.8545
3 16 15.6721 -0.0158 -4.019 13.3703 -0.0158 -4.7471 14.1746 -0.5603 -2.6429
3 16 14.1746 -0.5603 -2.6429 13.3703 -0.0158 -4.7471 12.5101 -0.5252 -3.4325
3 16 14.6102 -0.0158 -5.9708 15.3725 0 -7.1338 14.6102 -3.3008 -5.9708
3 16 14.6102 -3.3008 -5.9708 15.3725 0 -7.1338 15.387 -5.5305 -7.1338
3 16 17.6671 0 -7.1338 15.3725 0 -7.1338 16.8278 -0.0158 -5.4126
3 16 16.8278 -0.0158 -5.4126 15.3725 0 -7.1338 14.6102 -0.0158 -5.9708
3 16 18.6896 -0.0158 -6.0094 18.6896 -5.5415 -6.0079 20.8082 -0.0158 -6.0094
3 16 20.8082 -0.0158 -6.0094 18.6896 -5.5415 -6.0079 20.8082 -5.5415 -6.0079
3 16 20.8082 0 -7.1338 18.6896 0 -7.1338 20.8082 -0.0158 -6.0094
3 16 20.8082 -0.0158 -6.0094 18.6896 0 -7.1338 18.6896 -0.0158 -6.0094
3 16 18.6896 0 -7.1338 18.6896 -5.5305 -7.1338 18.6896 -0.0158 -6.0094
3 16 18.6896 -0.0158 -6.0094 18.6896 -5.5305 -7.1338 18.6896 -5.5415 -6.0079
3 16 20.8082 -5.5415 -6.0079 20.8082 -5.5305 -7.1338 20.8082 -0.0158 -6.0094
3 16 20.8082 -0.0158 -6.0094 20.8082 -5.5305 -7.1338 20.8082 0 -7.1338
3 16 14.1108 -28.9283 -2.7454 15.6729 -28.7295 -4.0222 14.1151 -22.9429 -2.7445
3 16 14.1151 -22.9429 -2.7445 15.6729 -28.7295 -4.0222 15.6721 -22.9429 -4.019
3 16 15.6729 -28.7295 -4.0222 16.8294 -28.5823 -5.4223 15.6721 -22.9429 -4.019
3 16 15.6721 -22.9429 -4.019 16.8294 -28.5823 -5.4223 16.8278 -22.9429 -5.4126
3 16 18.6896 -28.3482 -5.9896 18.6896 -22.9429 -5.9938 18.69 -28.3456 -7.0574
3 16 18.69 -28.3456 -7.0574 18.6896 -22.9429 -5.9938 18.6896 -22.9429 -7.1338
3 16 13.3692 -29.0226 -4.737 13.3703 -22.9429 -4.7471 14.6166 -28.8639 -5.974
3 16 14.6166 -28.8639 -5.974 13.3703 -22.9429 -4.7471 14.6102 -22.9429 -5.9708
3 16 12.0268 -29.1929 0 12.0387 -22.9429 0 12.0387 -29.1757 -2.5015
3 16 12.0387 -29.1757 -2.5015 12.0387 -22.9429 0 12.0387 -22.771 -2.519
3 16 12.4481 -29.1398 -3.5305 12.4507 -22.9417 -3.5341 13.3692 -29.0226 -4.737
3 16 13.3692 -29.0226 -4.737 12.4507 -22.9417 -3.5341 13.3703 -22.9429 -4.7471
3 16 14.1108 -28.9283 -2.7454 14.1151 -22.9429 -2.7445 14.0742 -28.9315 0
3 16 14.0742 -28.9315 0 14.1151 -22.9429 -2.7445 14.0816 -22.9429 0
3 16 17.6319 -22.9429 -7.1338 16.8278 -22.9429 -5.4126 17.6276 -28.4808 -7.0578
3 16 17.6276 -28.4808 -7.0578 16.8278 -22.9429 -5.4126 16.8294 -28.5823 -5.4223
3 16 14.6166 -28.8639 -5.974 14.6102 -22.9429 -5.9708 15.3529 -28.7702 -7.0582
3 16 15.3529 -28.7702 -7.0582 14.6102 -22.9429 -5.9708 15.4327 -22.9429 -7.1338
3 16 18.6896 -28.3482 -5.9896 20.8065 -28.0729 -5.9861 18.6896 -22.9429 -5.9938
3 16 18.6896 -22.9429 -5.9938 20.8065 -28.0729 -5.9861 20.8082 -22.9429 -5.9938
3 16 20.8065 -28.0729 -5.9861 20.7964 -28.0737 -6.9771 20.8082 -22.9429 -5.9938
3 16 20.8082 -22.9429 -5.9938 20.7964 -28.0737 -6.9771 20.8067 -22.9429 -7.0597
3 16 14.1151 -22.9429 -2.7445 15.6721 -22.9429 -4.019 14.1151 -13.5251 -2.7445
3 16 14.1151 -13.5251 -2.7445 15.6721 -22.9429 -4.019 15.6721 -13.5251 -4.019
3 16 15.6721 -22.9429 -4.019 16.8278 -22.9429 -5.4126 15.6721 -13.5251 -4.019
3 16 15.6721 -13.5251 -4.019 16.8278 -22.9429 -5.4126 16.8278 -13.5251 -5.4126
3 16 18.6896 -22.9429 -7.1338 18.6896 -22.9429 -5.9938 18.6896 -13.5455 -7.1338
3 16 18.6896 -13.5455 -7.1338 18.6896 -22.9429 -5.9938 18.6896 -13.5438 -6.0002
3 16 18.6896 -22.9429 -5.9938 20.8082 -22.9429 -5.9938 18.6896 -13.5438 -6.0002
3 16 18.6896 -13.5438 -6.0002 20.8082 -22.9429 -5.9938 20.8082 -13.5438 -6.0002
3 16 20.8082 -22.9429 -5.9938 20.8067 -22.9429 -7.0597 20.8082 -13.5438 -6.0002
3 16 20.8082 -13.5438 -6.0002 20.8067 -22.9429 -7.0597 20.8036 -13.5455 -7.1338
3 16 13.3703 -22.9429 -4.7471 13.3703 -13.5251 -4.7471 14.6102 -22.9429 -5.9708
3 16 14.6102 -22.9429 -5.9708 13.3703 -13.5251 -4.7471 14.6102 -13.5251 -5.9708
3 16 12.0387 -22.9429 0 12.0521 -14.7358 0 12.0387 -22.771 -2.519
3 16 12.0387 -22.771 -2.519 12.0521 -14.7358 0 12.0387 -13.3532 -2.5211
3 16 12.4507 -22.9417 -3.5341 12.4507 -13.524 -3.5341 13.3703 -22.9429 -4.7471
3 16 13.3703 -22.9429 -4.7471 12.4507 -13.524 -3.5341 13.3703 -13.5251 -4.7471
3 16 14.1151 -13.5251 -2.7445 14.0708 -14.7358 0 14.1151 -22.9429 -2.7445
3 16 14.1151 -22.9429 -2.7445 14.0708 -14.7358 0 14.0816 -22.9429 0
3 16 16.8278 -13.5251 -5.4126 16.8278 -22.9429 -5.4126 17.6463 -13.5455 -7.1338
3 16 17.6463 -13.5455 -7.1338 16.8278 -22.9429 -5.4126 17.6319 -22.9429 -7.1338
3 16 14.6102 -13.5251 -5.9708 15.4043 -13.5446 -7.1339 14.6102 -22.9429 -5.9708
3 16 14.6102 -22.9429 -5.9708 15.4043 -13.5446 -7.1339 15.4327 -22.9429 -7.1338
3 16 12.0387 -12.598 0 12.0588 -12.3145 -0.8828 12.0521 -14.7358 0
3 16 12.0521 -14.7358 0 12.0588 -12.3145 -0.8828 12.0387 -13.3532 -2.5211
3 16 14.1151 -13.5251 -2.7445 14.0653 -12.3145 -0.8061 14.0708 -14.7358 0
3 16 14.0708 -14.7358 0 14.0653 -12.3145 -0.8061 14.0816 -12.6022 0
3 16 12.0387 -3.2804 -0.8828 12.0387 -3.2926 -2.5236 12.0588 -12.3145 -0.8828
3 16 12.0588 -12.3145 -0.8828 12.0387 -3.2926 -2.5236 12.0387 -13.3532 -2.5211
3 16 16.8278 -5.5305 -5.4126 15.6721 -5.5305 -4.019 16.8278 -13.5251 -5.4126
3 16 16.8278 -13.5251 -5.4126 15.6721 -5.5305 -4.019 15.6721 -13.5251 -4.019
3 16 15.6721 -13.5251 -4.019 15.6721 -5.5305 -4.019 14.1151 -13.5251 -2.7445
3 16 14.1151 -13.5251 -2.7445 15.6721 -5.5305 -4.019 14.1151 -3.3008 -2.7445
3 16 14.1151 -13.5251 -2.7445 14.1151 -3.3008 -2.7445 14.0653 -12.3145 -0.8061
3 16 14.0653 -12.3145 -0.8061 14.1151 -3.3008 -2.7445 14.0653 -3.2861 -0.8061
3 16 14.0653 -12.3145 -0.8061 14.0653 -3.2861 -0.8061 12.0588 -12.3145 -0.8828
3 16 12.0588 -12.3145 -0.8828 14.0653 -3.2861 -0.8061 12.0387 -3.2804 -0.8828
3 16 17.6463 -13.5455 -7.1338 17.6586 -5.5305 -7.1338 16.8278 -13.5251 -5.4126
3 16 16.8278 -13.5251 -5.4126 17.6586 -5.5305 -7.1338 16.8278 -5.5305 -5.4126
3 16 18.6896 -5.5305 -7.1338 18.6896 -13.5455 -7.1338 18.6896 -5.5415 -6.0079
3 16 18.6896 -5.5415 -6.0079 18.6896 -13.5455 -7.1338 18.6896 -13.5438 -6.0002
3 16 18.6896 -13.5438 -6.0002 20.8082 -13.5438 -6.0002 18.6896 -5.5415 -6.0079
3 16 18.6896 -5.5415 -6.0079 20.8082 -13.5438 -6.0002 20.8082 -5.5415 -6.0079
3 16 12.4507 -3.2996 -3.5341 13.3703 -3.3008 -4.7471 12.4507 -13.524 -3.5341
3 16 12.4507 -13.524 -3.5341 13.3703 -3.3008 -4.7471 13.3703 -13.5251 -4.7471
3 16 13.3703 -13.5251 -4.7471 13.3703 -3.3008 -4.7471 14.6102 -13.5251 -5.9708
3 16 14.6102 -13.5251 -5.9708 13.3703 -3.3008 -4.7471 14.6102 -3.3008 -5.9708
3 16 14.6102 -3.3008 -5.9708 15.387 -5.5305 -7.1338 14.6102 -13.5251 -5.9708
3 16 14.6102 -13.5251 -5.9708 15.387 -5.5305 -7.1338 15.4043 -13.5446 -7.1339
3 16 17.6671 0 -7.1338 16.8278 -0.0158 -5.4126 17.6586 -5.5305 -7.1338
3 16 17.6586 -5.5305 -7.1338 16.8278 -0.0158 -5.4126 16.8278 -5.5305 -5.4126
3 16 10 -13.5434 -7.1339 10 -22.9429 -7.1338 15.4043 -13.5446 -7.1339
3 16 15.4043 -13.5446 -7.1339 10 -22.9429 -7.1338 15.4327 -22.9429 -7.1338
3 16 10 -5.5305 -7.1338 10 -13.5434 -7.1339 15.387 -5.5305 -7.1338
3 16 15.387 -5.5305 -7.1338 10 -13.5434 -7.1339 15.4043 -13.5446 -7.1339
3 16 20.7964 -28.0737 -6.9771 21.5351 -27.9758 -6.9762 20.8067 -22.9429 -7.0597
3 16 20.8067 -22.9429 -7.0597 21.5351 -27.9758 -6.9762 22.5176 -23.0188 -6.9428
3 16 20.8036 -13.5455 -7.1338 20.8067 -22.9429 -7.0597 23.3281 -18.9297 -6.9428
3 16 23.3281 -18.9297 -6.9428 20.8067 -22.9429 -7.0597 22.5176 -23.0188 -6.9428
3 16 10 0 -7.1338 10 -5.5305 -7.1338 15.3725 0 -7.1338
3 16 15.3725 0 -7.1338 10 -5.5305 -7.1338 15.387 -5.5305 -7.1338
3 16 20.8036 -13.5455 -7.1338 23.3281 -18.9297 -6.9428 24.3452 -13.6218 -6.9428
3 16 26.0029 0 0 25.9983 0 -7.1464 26.0029 -5.4942 0
3 16 26.0029 -5.4942 0 25.9983 0 -7.1464 25.9983 -5.5305 -7.1464
3 16 10 -29.445 -7.0578 15.3529 -28.7702 -7.0582 10 -22.9429 -7.1338
3 16 10 -22.9429 -7.1338 15.3529 -28.7702 -7.0582 15.4327 -22.9429 -7.1338
3 16 23.706 -17.0229 0 24.4262 -13.397 0 23.5685 -17.7168 -2.6155
3 16 23.5685 -17.7168 -2.6155 24.4262 -13.397 0 24.3452 -13.6218 -6.9428
3 16 22.5176 -23.0188 -6.9428 22.6729 -22.2353 -5.2311 23.3281 -18.9297 -6.9428
3 16 23.3281 -18.9297 -6.9428 22.6729 -22.2353 -5.2311 23.1899 -19.6265 -4.5303
3 16 21.5351 -27.9758 -6.9762 22.1571 -24.8471 -4.5303 22.5176 -23.0188 -6.9428
3 16 22.5176 -23.0188 -6.9428 22.1571 -24.8471 -4.5303 22.6729 -22.2353 -5.2311
3 16 21.5351 -27.9758 -6.9762 21.7773 -26.7539 -2.6155 22.1571 -24.8471 -4.5303
3 16 21.5351 -27.9758 -6.9762 20.7964 -28.0737 -6.9771 20.8065 -28.0729 -5.9861
3 16 24.3452 -13.6218 -6.9428 23.3281 -18.9297 -6.9428 23.5685 -17.7168 -2.6155
3 16 23.5685 -17.7168 -2.6155 23.3281 -18.9297 -6.9428 23.1899 -19.6265 -4.5303
3 16 21.5351 -27.9758 -6.9762 21.5362 -27.9699 0 21.7773 -26.7539 -2.6155
3 16 21.7773 -26.7539 -2.6155 21.5362 -27.9699 0 21.6387 -27.453 0
3 16 21.5362 -27.9699 0 21.5351 -27.9758 -6.9762 20.8065 -28.0729 -5.9861
3 16 20.8082 -5.5305 -7.1338 25.9983 -5.5305 -7.1464 20.8082 0 -7.1338
3 16 20.8082 0 -7.1338 25.9983 -5.5305 -7.1464 25.9983 0 -7.1464
3 16 14.0779 -2.1942 -1.1891 12.0626 -2.3269 -1.4007 14.0653 -3.2861 -0.8061
3 16 14.0653 -3.2861 -0.8061 12.0626 -2.3269 -1.4007 12.0387 -3.2804 -0.8828
3 16 10 -29.445 -3.2336 10.9737 -29.3274 -3.124 10 -29.445 -7.0578
3 16 25.0256 -25.3384 -4.5303 22.1571 -24.8471 -4.5303 24.6719 -27.2531 -2.6155
3 16 24.6719 -27.2531 -2.6155 22.1571 -24.8471 -4.5303 21.7773 -26.7539 -2.6155
3 16 24.6719 -27.2531 -2.6155 21.7773 -26.7539 -2.6155 24.5423 -27.9539 0
3 16 24.5423 -27.9539 0 21.7773 -26.7539 -2.6155 21.6387 -27.453 0
3 16 25.5085 -22.7228 -5.2311 22.6729 -22.2353 -5.2311 25.0256 -25.3384 -4.5303
3 16 25.0256 -25.3384 -4.5303 22.6729 -22.2353 -5.2311 22.1571 -24.8471 -4.5303
3 16 25.9915 -20.1073 -4.5303 23.1899 -19.6265 -4.5303 25.5085 -22.7228 -5.2311
3 16 25.5085 -22.7228 -5.2311 23.1899 -19.6265 -4.5303 22.6729 -22.2353 -5.2311
3 16 26.345 -18.1926 -2.6155 23.5685 -17.7168 -2.6155 25.9915 -20.1073 -4.5303
3 16 25.9915 -20.1073 -4.5303 23.5685 -17.7168 -2.6155 23.1899 -19.6265 -4.5303
3 16 26.4744 -17.4917 0 23.706 -17.0229 0 26.345 -18.1926 -2.6155
3 16 26.345 -18.1926 -2.6155 23.706 -17.0229 0 23.5685 -17.7168 -2.6155
3 16 12.0387 -3.2926 -2.5236 12.0443 -1.2979 -2.4449 12.4507 -3.2996 -3.5341
3 16 12.4507 -3.2996 -3.5341 12.0443 -1.2979 -2.4449 12.5101 -0.5252 -3.4325
3 16 12.0387 -3.2926 -2.5236 12.4507 -3.2996 -3.5341 12.0387 -13.3532 -2.5211
3 16 12.0387 -13.3532 -2.5211 12.4507 -3.2996 -3.5341 12.4507 -13.524 -3.5341
3 16 12.0387 -13.3532 -2.5211 12.4507 -13.524 -3.5341 12.0387 -22.771 -2.519
3 16 12.0387 -22.771 -2.519 12.4507 -13.524 -3.5341 12.4507 -22.9417 -3.5341
3 16 12.0387 -22.771 -2.519 12.4507 -22.9417 -3.5341 12.0387 -29.1757 -2.5015
3 16 12.0387 -29.1757 -2.5015 12.4507 -22.9417 -3.5341 12.4481 -29.1398 -3.5305
3 16 12.0387 -3.2926 -2.5236 12.0626 -2.3269 -1.4007 12.0443 -1.2979 -2.4449
3 16 12.0443 -1.2979 -2.4449 12.0626 -2.3269 -1.4007 14.0945 -1.2979 -1.8545
3 16 14.0945 -1.2979 -1.8545 12.0626 -2.3269 -1.4007 14.0779 -2.1942 -1.1891
3 16 24.3452 -13.6218 -6.9428 24.4262 -13.397 0 25.9983 -5.5305 -7.1464
3 16 25.9983 -5.5305 -7.1464 24.4262 -13.397 0 26.0029 -5.4942 0
3 16 18.6896 0 -7.1338 17.6671 0 -7.1338 18.6896 -5.5305 -7.1338
3 16 18.6896 -5.5305 -7.1338 17.6671 0 -7.1338 17.6586 -5.5305 -7.1338
3 16 17.6586 -5.5305 -7.1338 17.6463 -13.5455 -7.1338 18.6896 -5.5305 -7.1338
3 16 18.6896 -5.5305 -7.1338 17.6463 -13.5455 -7.1338 18.6896 -13.5455 -7.1338
3 16 17.6463 -13.5455 -7.1338 17.6319 -22.9429 -7.1338 18.6896 -13.5455 -7.1338
3 16 18.6896 -13.5455 -7.1338 17.6319 -22.9429 -7.1338 18.6896 -22.9429 -7.1338
3 16 17.6276 -28.4808 -7.0578 18.69 -28.3456 -7.0574 17.6319 -22.9429 -7.1338
3 16 17.6319 -22.9429 -7.1338 18.69 -28.3456 -7.0574 18.6896 -22.9429 -7.1338
3 16 14.1108 -28.9283 -2.7454 21.5362 -27.9699 0 15.6729 -28.7295 -4.0222
3 16 21.5362 -27.9699 0 20.8065 -28.0729 -5.9861 18.6896 -28.3482 -5.9896
3 16 10 -29.445 -7.0578 10.9737 -29.3274 -3.124 12.4481 -29.1398 -3.5305
3 16 12.4481 -29.1398 -3.5305 10.9737 -29.3274 -3.124 12.0387 -29.1757 -2.5015
3 16 13.3692 -29.0226 -4.737 10 -29.445 -7.0578 12.4481 -29.1398 -3.5305
3 16 14.6166 -28.8639 -5.974 10 -29.445 -7.0578 13.3692 -29.0226 -4.737
3 16 15.3529 -28.7702 -7.0582 10 -29.445 -7.0578 14.6166 -28.8639 -5.974
3 16 15.6729 -28.7295 -4.0222 21.5362 -27.9699 0 16.8294 -28.5823 -5.4223
3 16 16.8294 -28.5823 -5.4223 18.6896 -28.3482 -5.9896 17.6276 -28.4808 -7.0578
3 16 17.6276 -28.4808 -7.0578 18.6896 -28.3482 -5.9896 18.69 -28.3456 -7.0574
3 16 16.8294 -28.5823 -5.4223 21.5362 -27.9699 0 18.6896 -28.3482 -5.9896
3 16 20.8082 -13.5438 -6.0002 20.8036 -13.5455 -7.1338 20.8082 -5.5415 -6.0079
3 16 20.8082 -5.5415 -6.0079 20.8036 -13.5455 -7.1338 20.8082 -5.5305 -7.1338
3 16 20.8036 -13.5455 -7.1338 24.3452 -13.6218 -6.9428 20.8082 -5.5305 -7.1338
3 16 20.8082 -5.5305 -7.1338 24.3452 -13.6218 -6.9428 25.9983 -5.5305 -7.1464
3 16 14.1151 -3.3008 -2.7445 14.0779 -2.1942 -1.1891 14.0653 -3.2861 -0.8061
3 16 14.1746 -0.5603 -2.6429 14.0945 -1.2979 -1.8545 14.1151 -3.3008 -2.7445
3 16 14.0742 -28.9315 0 21.5362 -27.9699 0 14.1108 -28.9283 -2.7454
3 16 7.9613 -29.1757 -2.5015 7.9732 -35.6181 -2.6914 9.0263 -29.3274 -3.124
3 16 9.0263 -29.3274 -3.124 7.9732 -35.6181 -2.6914 9.0516 -35.6181 -3.107
3 16 9.0516 -35.6181 -3.107 7.9732 -35.6181 -2.6914 9.2084 -40.1988 -3.1258
3 16 9.2084 -40.1988 -3.1258 7.9732 -35.6181 -2.6914 8.8406 -40.4979 -2.9428
3 16 8.8 -40.4979 0 10 -43.8322 0 8.8406 -40.4979 -2.9428
3 16 8.8406 -40.4979 -2.9428 10 -43.8322 0 10 -43.8322 -3.1448
3 16 7.9732 -35.6181 0 8.8 -40.4979 0 7.9732 -35.6181 -2.6914
3 16 7.9732 -35.6181 -2.6914 8.8 -40.4979 0 8.8406 -40.4979 -2.9428
3 16 7.9732 -29.1929 0 7.9732 -35.6181 0 7.9613 -29.1757 -2.5015
3 16 7.9613 -29.1757 -2.5015 7.9732 -35.6181 0 7.9732 -35.6181 -2.6914
3 16 10 -35.6181 -3.2462 10 -29.445 -3.2336 9.0516 -35.6181 -3.107
3 16 9.0516 -35.6181 -3.107 10 -29.445 -3.2336 9.0263 -29.3274 -3.124
3 16 10 -40.6371 -3.1919 10 -35.6181 -3.2462 9.2084 -40.1988 -3.1258
3 16 9.2084 -40.1988 -3.1258 10 -35.6181 -3.2462 9.0516 -35.6181 -3.107
3 16 8.8406 -40.4979 -2.9428 10 -43.8322 -3.1448 9.2084 -40.1988 -3.1258
3 16 10 -43.8322 -3.1448 10 -40.6371 -3.1919 9.2084 -40.1988 -3.1258
3 16 5.3898 -0.0158 -5.9708 6.6297 -0.0158 -4.7471 5.3898 -3.3008 -5.9708
3 16 5.3898 -3.3008 -5.9708 6.6297 -0.0158 -4.7471 6.6297 -3.3008 -4.7471
3 16 7.5494 -3.2996 -3.5341 6.6297 -3.3008 -4.7471 7.4899 -0.5252 -3.4325
3 16 7.4899 -0.5252 -3.4325 6.6297 -3.3008 -4.7471 6.6297 -0.0158 -4.7471
3 16 7.9613 -3.2804 -0.8828 7.9613 -3.2926 -2.5236 7.9374 -2.3269 -1.4007
3 16 5.8254 -0.5603 -2.6429 4.3279 -0.0158 -4.019 5.8849 -3.3008 -2.7445
3 16 5.8849 -3.3008 -2.7445 4.3279 -0.0158 -4.019 4.3279 -5.5305 -4.019
3 16 4.3279 -5.5305 -4.019 4.3279 -0.0158 -4.019 3.1722 -5.5305 -5.4126
3 16 3.1722 -5.5305 -5.4126 4.3279 -0.0158 -4.019 3.1722 -0.0158 -5.4126
3 16 5.8849 -3.3008 -2.7445 5.9221 -2.1942 -1.1891 5.9055 -1.2979 -1.8545
3 16 6.6297 -0.0158 -4.7471 5.3898 -0.0158 -5.9708 4.3279 -0.0158 -4.019
3 16 4.3279 -0.0158 -4.019 5.3898 -0.0158 -5.9708 3.1722 -0.0158 -5.4126
3 16 7.9412 -12.3145 -0.8828 5.9347 -12.3145 -0.8061 7.9613 -12.598 0
3 16 7.9613 -12.598 0 5.9347 -12.3145 -0.8061 5.9184 -12.6022 0
3 16 5.9055 -1.2979 -1.8545 7.9557 -1.2979 -2.4449 5.8254 -0.5603 -2.6429
3 16 5.8254 -0.5603 -2.6429 7.9557 -1.2979 -2.4449 7.4899 -0.5252 -3.4325
3 16 7.4899 -0.5252 -3.4325 6.6297 -0.0158 -4.7471 5.8254 -0.5603 -2.6429
3 16 5.8254 -0.5603 -2.6429 6.6297 -0.0158 -4.7471 4.3279 -0.0158 -4.019
3 16 5.3898 -0.0158 -5.9708 5.3898 -3.3008 -5.9708 4.6275 0 -7.1338
3 16 4.6275 0 -7.1338 5.3898 -3.3008 -5.9708 4.613 -5.5305 -7.1338
3 16 5.3898 -0.0158 -5.9708 4.6275 0 -7.1338 3.1722 -0.0158 -5.4126
3 16 3.1722 -0.0158 -5.4126 4.6275 0 -7.1338 2.3329 0 -7.1338
3 16 1.3105 -0.0158 -6.0094 -0.8082 -0.0158 -6.0094 1.3105 -5.5415 -6.0079
3 16 1.3105 -5.5415 -6.0079 -0.8082 -0.0158 -6.0094 -0.8082 -5.5415 -6.0079
3 16 -0.8082 0 -7.1338 -0.8082 -0.0158 -6.0094 1.3105 0 -7.1338
3 16 1.3105 0 -7.1338 -0.8082 -0.0158 -6.0094 1.3105 -0.0158 -6.0094
3 16 1.3105 0 -7.1338 1.3105 -0.0158 -6.0094 1.3105 -5.5305 -7.1338
3 16 1.3105 -5.5305 -7.1338 1.3105 -0.0158 -6.0094 1.3105 -5.5415 -6.0079
3 16 -0.8082 0 -7.1338 -0.8082 -5.5305 -7.1338 -0.8082 -0.0158 -6.0094
3 16 -0.8082 -0.0158 -6.0094 -0.8082 -5.5305 -7.1338 -0.8082 -5.5415 -6.0079
3 16 5.8892 -28.9283 -2.7454 5.8849 -22.9429 -2.7445 4.3271 -28.7295 -4.0222
3 16 4.3271 -28.7295 -4.0222 5.8849 -22.9429 -2.7445 4.3279 -22.9429 -4.019
3 16 4.3271 -28.7295 -4.0222 4.3279 -22.9429 -4.019 3.1706 -28.5823 -5.4223
3 16 3.1706 -28.5823 -5.4223 4.3279 -22.9429 -4.019 3.1722 -22.9429 -5.4126
3 16 1.3105 -22.9429 -7.1338 1.3105 -22.9429 -5.9938 1.31 -28.3456 -7.0574
3 16 1.31 -28.3456 -7.0574 1.3105 -22.9429 -5.9938 1.3105 -28.3482 -5.9896
3 16 6.6308 -29.0226 -4.737 5.3834 -28.8639 -5.974 6.6297 -22.9429 -4.7471
3 16 6.6297 -22.9429 -4.7471 5.3834 -28.8639 -5.974 5.3898 -22.9429 -5.9708
3 16 7.9732 -29.1929 0 7.9613 -29.1757 -2.5015 7.9613 -22.9429 0
3 16 7.9613 -22.9429 0 7.9613 -29.1757 -2.5015 7.9613 -22.771 -2.519
3 16 7.5519 -29.1398 -3.5305 6.6308 -29.0226 -4.737 7.5494 -22.9417 -3.5341
3 16 7.5494 -22.9417 -3.5341 6.6308 -29.0226 -4.737 6.6297 -22.9429 -4.7471
3 16 5.8892 -28.9283 -2.7454 5.9258 -28.9315 0 5.8849 -22.9429 -2.7445
3 16 5.8849 -22.9429 -2.7445 5.9258 -28.9315 0 5.9184 -22.9429 0
3 16 2.3681 -22.9429 -7.1338 2.3724 -28.4808 -7.0578 3.1722 -22.9429 -5.4126
3 16 3.1722 -22.9429 -5.4126 2.3724 -28.4808 -7.0578 3.1706 -28.5823 -5.4223
3 16 5.3834 -28.8639 -5.974 4.6471 -28.7702 -7.0582 5.3898 -22.9429 -5.9708
3 16 5.3898 -22.9429 -5.9708 4.6471 -28.7702 -7.0582 4.5673 -22.9429 -7.1338
3 16 -0.8082 -22.9429 -5.9938 -0.8065 -28.0729 -5.9861 1.3105 -22.9429 -5.9938
3 16 1.3105 -22.9429 -5.9938 -0.8065 -28.0729 -5.9861 1.3105 -28.3482 -5.9896
3 16 -0.8066 -22.9429 -7.0597 -0.7963 -28.0737 -6.9771 -0.8082 -22.9429 -5.9938
3 16 -0.8082 -22.9429 -5.9938 -0.7963 -28.0737 -6.9771 -0.8065 -28.0729 -5.9861
3 16 5.8849 -22.9429 -2.7445 5.8849 -13.5251 -2.7445 4.3279 -22.9429 -4.019
3 16 4.3279 -22.9429 -4.019 5.8849 -13.5251 -2.7445 4.3279 -13.5251 -4.019
3 16 4.3279 -22.9429 -4.019 4.3279 -13.5251 -4.019 3.1722 -22.9429 -5.4126
3 16 3.1722 -22.9429 -5.4126 4.3279 -13.5251 -4.019 3.1722 -13.5251 -5.4126
3 16 1.3105 -22.9429 -7.1338 1.3105 -13.5455 -7.1338 1.3105 -22.9429 -5.9938
3 16 1.3105 -22.9429 -5.9938 1.3105 -13.5455 -7.1338 1.3105 -13.5438 -6.0002
3 16 1.3105 -22.9429 -5.9938 1.3105 -13.5438 -6.0002 -0.8082 -22.9429 -5.9938
3 16 -0.8082 -22.9429 -5.9938 1.3105 -13.5438 -6.0002 -0.8082 -13.5438 -6.0002
3 16 -0.8082 -22.9429 -5.9938 -0.8082 -13.5438 -6.0002 -0.8066 -22.9429 -7.0597
3 16 -0.8066 -22.9429 -7.0597 -0.8082 -13.5438 -6.0002 -0.8036 -13.5455 -7.1338
3 16 6.6297 -22.9429 -4.7471 5.3898 -22.9429 -5.9708 6.6297 -13.5251 -4.7471
3 16 6.6297 -13.5251 -4.7471 5.3898 -22.9429 -5.9708 5.3898 -13.5251 -5.9708
3 16 7.9613 -22.9429 0 7.9613 -22.771 -2.519 7.9479 -14.7358 0
3 16 7.9479 -14.7358 0 7.9613 -22.771 -2.519 7.9613 -13.3532 -2.5211
3 16 7.5494 -22.9417 -3.5341 6.6297 -22.9429 -4.7471 7.5494 -13.524 -3.5341
3 16 7.5494 -13.524 -3.5341 6.6297 -22.9429 -4.7471 6.6297 -13.5251 -4.7471
3 16 5.9184 -22.9429 0 5.9292 -14.7358 0 5.8849 -22.9429 -2.7445
3 16 5.8849 -22.9429 -2.7445 5.9292 -14.7358 0 5.8849 -13.5251 -2.7445
3 16 2.3681 -22.9429 -7.1338 3.1722 -22.9429 -5.4126 2.3537 -13.5455 -7.1338
3 16 2.3537 -13.5455 -7.1338 3.1722 -22.9429 -5.4126 3.1722 -13.5251 -5.4126
3 16 4.5673 -22.9429 -7.1338 4.5957 -13.5446 -7.1339 5.3898 -22.9429 -5.9708
3 16 5.3898 -22.9429 -5.9708 4.5957 -13.5446 -7.1339 5.3898 -13.5251 -5.9708
3 16 7.9613 -13.3532 -2.5211 7.9412 -12.3145 -0.8828 7.9479 -14.7358 0
3 16 7.9479 -14.7358 0 7.9412 -12.3145 -0.8828 7.9613 -12.598 0
3 16 5.9184 -12.6022 0 5.9347 -12.3145 -0.8061 5.9292 -14.7358 0
3 16 5.9292 -14.7358 0 5.9347 -12.3145 -0.8061 5.8849 -13.5251 -2.7445
3 16 7.9613 -13.3532 -2.5211 7.9613 -3.2926 -2.5236 7.9412 -12.3145 -0.8828
3 16 7.9412 -12.3145 -0.8828 7.9613 -3.2926 -2.5236 7.9613 -3.2804 -0.8828
3 16 3.1722 -5.5305 -5.4126 3.1722 -13.5251 -5.4126 4.3279 -5.5305 -4.019
3 16 4.3279 -5.5305 -4.019 3.1722 -13.5251 -5.4126 4.3279 -13.5251 -4.019
3 16 5.8849 -3.3008 -2.7445 4.3279 -5.5305 -4.019 5.8849 -13.5251 -2.7445
3 16 5.8849 -13.5251 -2.7445 4.3279 -5.5305 -4.019 4.3279 -13.5251 -4.019
3 16 5.8849 -13.5251 -2.7445 5.9347 -12.3145 -0.8061 5.8849 -3.3008 -2.7445
3 16 5.8849 -3.3008 -2.7445 5.9347 -12.3145 -0.8061 5.9347 -3.2861 -0.8061
3 16 7.9613 -3.2804 -0.8828 5.9347 -3.2861 -0.8061 7.9412 -12.3145 -0.8828
3 16 7.9412 -12.3145 -0.8828 5.9347 -3.2861 -0.8061 5.9347 -12.3145 -0.8061
3 16 2.3537 -13.5455 -7.1338 3.1722 -13.5251 -5.4126 2.3414 -5.5305 -7.1338
3 16 2.3414 -5.5305 -7.1338 3.1722 -13.5251 -5.4126 3.1722 -5.5305 -5.4126
3 16 1.3105 -5.5305 -7.1338 1.3105 -5.5415 -6.0079 1.3105 -13.5455 -7.1338
3 16 1.3105 -13.5455 -7.1338 1.3105 -5.5415 -6.0079 1.3105 -13.5438 -6.0002
3 16 1.3105 -13.5438 -6.0002 1.3105 -5.5415 -6.0079 -0.8082 -13.5438 -6.0002
3 16 -0.8082 -13.5438 -6.0002 1.3105 -5.5415 -6.0079 -0.8082 -5.5415 -6.0079
3 16 7.5494 -3.2996 -3.5341 7.5494 -13.524 -3.5341 6.6297 -3.3008 -4.7471
3 16 6.6297 -3.3008 -4.7471 7.5494 -13.524 -3.5341 6.6297 -13.5251 -4.7471
3 16 6.6297 -13.5251 -4.7471 5.3898 -13.5251 -5.9708 6.6297 -3.3008 -4.7471
3 16 6.6297 -3.3008 -4.7471 5.3898 -13.5251 -5.9708 5.3898 -3.3008 -5.9708
3 16 4.5957 -13.5446 -7.1339 4.613 -5.5305 -7.1338 5.3898 -13.5251 -5.9708
3 16 5.3898 -13.5251 -5.9708 4.613 -5.5305 -7.1338 5.3898 -3.3008 -5.9708
3 16 3.1722 -5.5305 -5.4126 3.1722 -0.0158 -5.4126 2.3414 -5.5305 -7.1338
3 16 2.3414 -5.5305 -7.1338 3.1722 -0.0158 -5.4126 2.3329 0 -7.1338
3 16 10 -13.5434 -7.1339 4.5957 -13.5446 -7.1339 10 -22.9429 -7.1338
3 16 10 -22.9429 -7.1338 4.5957 -13.5446 -7.1339 4.5673 -22.9429 -7.1338
3 16 10 -5.5305 -7.1338 4.613 -5.5305 -7.1338 10 -13.5434 -7.1339
3 16 10 -13.5434 -7.1339 4.613 -5.5305 -7.1338 4.5957 -13.5446 -7.1339
3 16 -2.5176 -23.0188 -6.9428 -1.5351 -27.9758 -6.9762 -0.8066 -22.9429 -7.0597
3 16 -0.8066 -22.9429 -7.0597 -1.5351 -27.9758 -6.9762 -0.7963 -28.0737 -6.9771
3 16 -0.8036 -13.5455 -7.1338 -3.328 -18.9297 -6.9428 -0.8066 -22.9429 -7.0597
3 16 -0.8066 -22.9429 -7.0597 -3.328 -18.9297 -6.9428 -2.5176 -23.0188 -6.9428
3 16 4.613 -5.5305 -7.1338 10 -5.5305 -7.1338 4.6275 0 -7.1338
3 16 4.6275 0 -7.1338 10 -5.5305 -7.1338 10 0 -7.1338
3 16 -0.8036 -13.5455 -7.1338 -4.3452 -13.6218 -6.9428 -3.328 -18.9297 -6.9428
3 16 -6.0029 0 0 -6.0029 -5.4942 0 -5.9983 0 -7.1464
3 16 -5.9983 0 -7.1464 -6.0029 -5.4942 0 -5.9983 -5.5305 -7.1464
3 16 4.5673 -22.9429 -7.1338 4.6471 -28.7702 -7.0582 10 -22.9429 -7.1338
3 16 10 -22.9429 -7.1338 4.6471 -28.7702 -7.0582 10 -29.445 -7.0578
3 16 -4.3452 -13.6218 -6.9428 -4.4262 -13.397 0 -3.5685 -17.7168 -2.6155
3 16 -3.5685 -17.7168 -2.6155 -4.4262 -13.397 0 -3.706 -17.0229 0
3 16 -2.5176 -23.0188 -6.9428 -3.328 -18.9297 -6.9428 -2.6729 -22.2353 -5.2311
3 16 -2.6729 -22.2353 -5.2311 -3.328 -18.9297 -6.9428 -3.1899 -19.6265 -4.5303
3 16 -1.5351 -27.9758 -6.9762 -2.5176 -23.0188 -6.9428 -2.1571 -24.8471 -4.5303
3 16 -2.1571 -24.8471 -4.5303 -2.5176 -23.0188 -6.9428 -2.6729 -22.2353 -5.2311
3 16 -1.5351 -27.9758 -6.9762 -2.1571 -24.8471 -4.5303 -1.7773 -26.7539 -2.6155
3 16 -1.5351 -27.9758 -6.9762 -0.8065 -28.0729 -5.9861 -0.7963 -28.0737 -6.9771
3 16 -3.1899 -19.6265 -4.5303 -3.328 -18.9297 -6.9428 -3.5685 -17.7168 -2.6155
3 16 -3.5685 -17.7168 -2.6155 -3.328 -18.9297 -6.9428 -4.3452 -13.6218 -6.9428
3 16 -1.5351 -27.9758 -6.9762 -1.7773 -26.7539 -2.6155 -1.5362 -27.9699 0
3 16 -1.5362 -27.9699 0 -1.7773 -26.7539 -2.6155 -1.6387 -27.453 0
3 16 -1.5362 -27.9699 0 -0.8065 -28.0729 -5.9861 -1.5351 -27.9758 -6.9762
3 16 -0.8082 -5.5305 -7.1338 -0.8082 0 -7.1338 -5.9983 -5.5305 -7.1464
3 16 -5.9983 -5.5305 -7.1464 -0.8082 0 -7.1338 -5.9983 0 -7.1464
3 16 5.9221 -2.1942 -1.1891 5.9347 -3.2861 -0.8061 7.9374 -2.3269 -1.4007
3 16 7.9374 -2.3269 -1.4007 5.9347 -3.2861 -0.8061 7.9613 -3.2804 -0.8828
3 16 10 -29.445 -3.2336 10 -29.445 -7.0578 9.0263 -29.3274 -3.124
3 16 -1.7773 -26.7539 -2.6155 -2.1571 -24.8471 -4.5303 -4.6719 -27.2531 -2.6155
3 16 -4.6719 -27.2531 -2.6155 -2.1571 -24.8471 -4.5303 -5.0257 -25.3384 -4.5303
3 16 -1.6387 -27.453 0 -1.7773 -26.7539 -2.6155 -4.5423 -27.9539 0
3 16 -4.5423 -27.9539 0 -1.7773 -26.7539 -2.6155 -4.6719 -27.2531 -2.6155
3 16 -2.1571 -24.8471 -4.5303 -2.6729 -22.2353 -5.2311 -5.0257 -25.3384 -4.5303
3 16 -5.0257 -25.3384 -4.5303 -2.6729 -22.2353 -5.2311 -5.5086 -22.7228 -5.2311
3 16 -2.6729 -22.2353 -5.2311 -3.1899 -19.6265 -4.5303 -5.5086 -22.7228 -5.2311
3 16 -5.5086 -22.7228 -5.2311 -3.1899 -19.6265 -4.5303 -5.9915 -20.1073 -4.5303
3 16 -3.1899 -19.6265 -4.5303 -3.5685 -17.7168 -2.6155 -5.9915 -20.1073 -4.5303
3 16 -5.9915 -20.1073 -4.5303 -3.5685 -17.7168 -2.6155 -6.345 -18.1926 -2.6155
3 16 -3.5685 -17.7168 -2.6155 -3.706 -17.0229 0 -6.345 -18.1926 -2.6155
3 16 -6.345 -18.1926 -2.6155 -3.706 -17.0229 0 -6.4744 -17.4917 0
3 16 7.9613 -3.2926 -2.5236 7.5494 -3.2996 -3.5341 7.9557 -1.2979 -2.4449
3 16 7.9557 -1.2979 -2.4449 7.5494 -3.2996 -3.5341 7.4899 -0.5252 -3.4325
3 16 7.9613 -3.2926 -2.5236 7.9613 -13.3532 -2.5211 7.5494 -3.2996 -3.5341
3 16 7.5494 -3.2996 -3.5341 7.9613 -13.3532 -2.5211 7.5494 -13.524 -3.5341
3 16 7.9613 -13.3532 -2.5211 7.9613 -22.771 -2.519 7.5494 -13.524 -3.5341
3 16 7.5494 -13.524 -3.5341 7.9613 -22.771 -2.519 7.5494 -22.9417 -3.5341
3 16 7.9613 -22.771 -2.519 7.9613 -29.1757 -2.5015 7.5494 -22.9417 -3.5341
3 16 7.5494 -22.9417 -3.5341 7.9613 -29.1757 -2.5015 7.5519 -29.1398 -3.5305
3 16 7.9613 -3.2926 -2.5236 7.9557 -1.2979 -2.4449 7.9374 -2.3269 -1.4007
3 16 5.9221 -2.1942 -1.1891 7.9374 -2.3269 -1.4007 5.9055 -1.2979 -1.8545
3 16 5.9055 -1.2979 -1.8545 7.9374 -2.3269 -1.4007 7.9557 -1.2979 -2.4449
3 16 -4.3452 -13.6218 -6.9428 -5.9983 -5.5305 -7.1464 -4.4262 -13.397 0
3 16 -4.4262 -13.397 0 -5.9983 -5.5305 -7.1464 -6.0029 -5.4942 0
3 16 1.3105 0 -7.1338 1.3105 -5.5305 -7.1338 2.3329 0 -7.1338
3 16 2.3329 0 -7.1338 1.3105 -5.5305 -7.1338 2.3414 -5.5305 -7.1338
3 16 2.3414 -5.5305 -7.1338 1.3105 -5.5305 -7.1338 2.3537 -13.5455 -7.1338
3 16 2.3537 -13.5455 -7.1338 1.3105 -5.5305 -7.1338 1.3105 -13.5455 -7.1338
3 16 2.3537 -13.5455 -7.1338 1.3105 -13.5455 -7.1338 2.3681 -22.9429 -7.1338
3 16 2.3681 -22.9429 -7.1338 1.3105 -13.5455 -7.1338 1.3105 -22.9429 -7.1338
3 16 1.3105 -22.9429 -7.1338 1.31 -28.3456 -7.0574 2.3681 -22.9429 -7.1338
3 16 2.3681 -22.9429 -7.1338 1.31 -28.3456 -7.0574 2.3724 -28.4808 -7.0578
3 16 5.8892 -28.9283 -2.7454 4.3271 -28.7295 -4.0222 -1.5362 -27.9699 0
3 16 -1.5362 -27.9699 0 1.3105 -28.3482 -5.9896 -0.8065 -28.0729 -5.9861
3 16 10 -29.445 -7.0578 7.5519 -29.1398 -3.5305 9.0263 -29.3274 -3.124
3 16 9.0263 -29.3274 -3.124 7.5519 -29.1398 -3.5305 7.9613 -29.1757 -2.5015
3 16 6.6308 -29.0226 -4.737 7.5519 -29.1398 -3.5305 10 -29.445 -7.0578
3 16 5.3834 -28.8639 -5.974 6.6308 -29.0226 -4.737 10 -29.445 -7.0578
3 16 4.6471 -28.7702 -7.0582 5.3834 -28.8639 -5.974 10 -29.445 -7.0578
3 16 4.3271 -28.7295 -4.0222 3.1706 -28.5823 -5.4223 -1.5362 -27.9699 0
3 16 3.1706 -28.5823 -5.4223 2.3724 -28.4808 -7.0578 1.3105 -28.3482 -5.9896
3 16 1.3105 -28.3482 -5.9896 2.3724 -28.4808 -7.0578 1.31 -28.3456 -7.0574
3 16 3.1706 -28.5823 -5.4223 1.3105 -28.3482 -5.9896 -1.5362 -27.9699 0
3 16 -0.8082 -5.5305 -7.1338 -0.8036 -13.5455 -7.1338 -0.8082 -5.5415 -6.0079
3 16 -0.8082 -5.5415 -6.0079 -0.8036 -13.5455 -7.1338 -0.8082 -13.5438 -6.0002
3 16 -5.9983 -5.5305 -7.1464 -4.3452 -13.6218 -6.9428 -0.8082 -5.5305 -7.1338
3 16 -0.8082 -5.5305 -7.1338 -4.3452 -13.6218 -6.9428 -0.8036 -13.5455 -7.1338
3 16 5.8849 -3.3008 -2.7445 5.9347 -3.2861 -0.8061 5.9221 -2.1942 -1.1891
3 16 5.8254 -0.5603 -2.6429 5.8849 -3.3008 -2.7445 5.9055 -1.2979 -1.8545
3 16 5.9258 -28.9315 0 5.8892 -28.9283 -2.7454 -1.5362 -27.9699 0
3 16 9.0516 -35.6181 3.107 7.9732 -35.6181 2.6914 9.0263 -29.3274 3.124
3 16 9.0263 -29.3274 3.124 7.9732 -35.6181 2.6914 7.9613 -29.1757 2.5015
3 16 9.0516 -35.6181 3.107 9.2084 -40.1988 3.1258 7.9732 -35.6181 2.6914
3 16 7.9732 -35.6181 2.6914 9.2084 -40.1988 3.1258 8.8406 -40.4979 2.9428
3 16 8.8 -40.4979 0 8.8406 -40.4979 2.9428 10 -43.8322 0
3 16 10 -43.8322 0 8.8406 -40.4979 2.9428 10 -43.8322 3.1448
3 16 7.9732 -35.6181 0 7.9732 -35.6181 2.6914 8.8 -40.4979 0
3 16 8.8 -40.4979 0 7.9732 -35.6181 2.6914 8.8406 -40.4979 2.9428
3 16 7.9732 -35.6181 2.6914 7.9732 -35.6181 0 7.9613 -29.1757 2.5015
3 16 7.9613 -29.1757 2.5015 7.9732 -35.6181 0 7.9732 -29.1929 0
3 16 10 -35.6181 3.2462 9.0516 -35.6181 3.107 10 -29.445 3.2336
3 16 10 -29.445 3.2336 9.0516 -35.6181 3.107 9.0263 -29.3274 3.124
3 16 10 -40.6371 3.1919 9.2084 -40.1988 3.1258 10 -35.6181 3.2462
3 16 10 -35.6181 3.2462 9.2084 -40.1988 3.1258 9.0516 -35.6181 3.107
3 16 8.8406 -40.4979 2.9428 9.2084 -40.1988 3.1258 10 -43.8322 3.1448
3 16 9.2084 -40.1988 3.1258 10 -40.6371 3.1919 10 -43.8322 3.1448
3 16 5.3898 -0.0158 5.9708 5.3898 -3.3008 5.9708 6.6297 -0.0158 4.7471
3 16 6.6297 -0.0158 4.7471 5.3898 -3.3008 5.9708 6.6297 -3.3008 4.7471
3 16 7.5494 -3.2996 3.5341 7.4899 -0.5252 3.4325 6.6297 -3.3008 4.7471
3 16 6.6297 -3.3008 4.7471 7.4899 -0.5252 3.4325 6.6297 -0.0158 4.7471
3 16 7.9613 -3.2804 0.8828 7.9374 -2.3269 1.4007 7.9613 -3.2926 2.5236
3 16 5.8254 -0.5603 2.6429 5.8849 -3.3008 2.7445 4.3279 -0.0158 4.019
3 16 4.3279 -0.0158 4.019 5.8849 -3.3008 2.7445 4.3279 -5.5305 4.019
3 16 4.3279 -5.5305 4.019 3.1722 -5.5305 5.4126 4.3279 -0.0158 4.019
3 16 4.3279 -0.0158 4.019 3.1722 -5.5305 5.4126 3.1722 -0.0158 5.4126
3 16 5.8849 -3.3008 2.7445 5.9055 -1.2979 1.8545 5.9221 -2.1942 1.1891
3 16 3.1722 -0.0158 5.4126 5.3898 -0.0158 5.9708 4.3279 -0.0158 4.019
3 16 4.3279 -0.0158 4.019 5.3898 -0.0158 5.9708 6.6297 -0.0158 4.7471
3 16 5.9184 -12.6022 0 5.9347 -12.3145 0.8061 7.9613 -12.598 0
3 16 7.9613 -12.598 0 5.9347 -12.3145 0.8061 7.9412 -12.3145 0.8828
3 16 7.4899 -0.5252 3.4325 7.9557 -1.2979 2.4449 5.8254 -0.5603 2.6429
3 16 5.8254 -0.5603 2.6429 7.9557 -1.2979 2.4449 5.9055 -1.2979 1.8545
3 16 4.3279 -0.0158 4.019 6.6297 -0.0158 4.7471 5.8254 -0.5603 2.6429
3 16 5.8254 -0.5603 2.6429 6.6297 -0.0158 4.7471 7.4899 -0.5252 3.4325
3 16 5.3898 -0.0158 5.9708 4.6275 0 7.1338 5.3898 -3.3008 5.9708
3 16 5.3898 -3.3008 5.9708 4.6275 0 7.1338 4.613 -5.5305 7.1338
3 16 2.3329 0 7.1338 4.6275 0 7.1338 3.1722 -0.0158 5.4126
3 16 3.1722 -0.0158 5.4126 4.6275 0 7.1338 5.3898 -0.0158 5.9708
3 16 1.3105 -0.0158 6.0094 1.3105 -5.5415 6.0079 -0.8082 -0.0158 6.0094
3 16 -0.8082 -0.0158 6.0094 1.3105 -5.5415 6.0079 -0.8082 -5.5415 6.0079
3 16 -0.8082 0 7.1338 1.3105 0 7.1338 -0.8082 -0.0158 6.0094
3 16 -0.8082 -0.0158 6.0094 1.3105 0 7.1338 1.3105 -0.0158 6.0094
3 16 1.3105 0 7.1338 1.3105 -5.5305 7.1338 1.3105 -0.0158 6.0094
3 16 1.3105 -0.0158 6.0094 1.3105 -5.5305 7.1338 1.3105 -5.5415 6.0079
3 16 -0.8082 -5.5415 6.0079 -0.8082 -5.5305 7.1338 -0.8082 -0.0158 6.0094
3 16 -0.8082 -0.0158 6.0094 -0.8082 -5.5305 7.1338 -0.8082 0 7.1338
3 16 5.8892 -28.9283 2.7454 4.3271 -28.7295 4.0222 5.8849 -22.9429 2.7445
3 16 5.8849 -22.9429 2.7445 4.3271 -28.7295 4.0222 4.3279 -22.9429 4.019
3 16 4.3271 -28.7295 4.0222 3.1706 -28.5823 5.4223 4.3279 -22.9429 4.019
3 16 4.3279 -22.9429 4.019 3.1706 -28.5823 5.4223 3.1722 -22.9429 5.4126
3 16 1.3105 -28.3482 5.9896 1.3105 -22.9429 5.9938 1.31 -28.3456 7.0574
3 16 1.31 -28.3456 7.0574 1.3105 -22.9429 5.9938 1.3105 -22.9429 7.1338
3 16 6.6308 -29.0226 4.737 6.6297 -22.9429 4.7471 5.3834 -28.8639 5.974
3 16 5.3834 -28.8639 5.974 6.6297 -22.9429 4.7471 5.3898 -22.9429 5.9708
3 16 7.9732 -29.1929 0 7.9613 -22.9429 0 7.9613 -29.1757 2.5015
3 16 7.9613 -29.1757 2.5015 7.9613 -22.9429 0 7.9613 -22.771 2.519
3 16 7.5519 -29.1398 3.5305 7.5494 -22.9417 3.5341 6.6308 -29.0226 4.737
3 16 6.6308 -29.0226 4.737 7.5494 -22.9417 3.5341 6.6297 -22.9429 4.7471
3 16 5.8892 -28.9283 2.7454 5.8849 -22.9429 2.7445 5.9258 -28.9315 0
3 16 5.9258 -28.9315 0 5.8849 -22.9429 2.7445 5.9184 -22.9429 0
3 16 2.3681 -22.9429 7.1338 3.1722 -22.9429 5.4126 2.3724 -28.4808 7.0578
3 16 2.3724 -28.4808 7.0578 3.1722 -22.9429 5.4126 3.1706 -28.5823 5.4223
3 16 5.3834 -28.8639 5.974 5.3898 -22.9429 5.9708 4.6471 -28.7702 7.0582
3 16 4.6471 -28.7702 7.0582 5.3898 -22.9429 5.9708 4.5673 -22.9429 7.1338
3 16 1.3105 -28.3482 5.9896 -0.8065 -28.0729 5.9861 1.3105 -22.9429 5.9938
3 16 1.3105 -22.9429 5.9938 -0.8065 -28.0729 5.9861 -0.8082 -22.9429 5.9938
3 16 -0.8065 -28.0729 5.9861 -0.7963 -28.0737 6.9771 -0.8082 -22.9429 5.9938
3 16 -0.8082 -22.9429 5.9938 -0.7963 -28.0737 6.9771 -0.8066 -22.9429 7.0597
3 16 5.8849 -22.9429 2.7445 4.3279 -22.9429 4.019 5.8849 -13.5251 2.7445
3 16 5.8849 -13.5251 2.7445 4.3279 -22.9429 4.019 4.3279 -13.5251 4.019
3 16 4.3279 -22.9429 4.019 3.1722 -22.9429 5.4126 4.3279 -13.5251 4.019
3 16 4.3279 -13.5251 4.019 3.1722 -22.9429 5.4126 3.1722 -13.5251 5.4126
3 16 1.3105 -22.9429 7.1338 1.3105 -22.9429 5.9938 1.3105 -13.5455 7.1338
3 16 1.3105 -13.5455 7.1338 1.3105 -22.9429 5.9938 1.3105 -13.5438 6.0002
3 16 1.3105 -22.9429 5.9938 -0.8082 -22.9429 5.9938 1.3105 -13.5438 6.0002
3 16 1.3105 -13.5438 6.0002 -0.8082 -22.9429 5.9938 -0.8082 -13.5438 6.0002
3 16 -0.8082 -22.9429 5.9938 -0.8066 -22.9429 7.0597 -0.8082 -13.5438 6.0002
3 16 -0.8082 -13.5438 6.0002 -0.8066 -22.9429 7.0597 -0.8036 -13.5455 7.1338
3 16 6.6297 -22.9429 4.7471 6.6297 -13.5251 4.7471 5.3898 -22.9429 5.9708
3 16 5.3898 -22.9429 5.9708 6.6297 -13.5251 4.7471 5.3898 -13.5251 5.9708
3 16 7.9613 -22.9429 0 7.9479 -14.7358 0 7.9613 -22.771 2.519
3 16 7.9613 -22.771 2.519 7.9479 -14.7358 0 7.9613 -13.3532 2.5211
3 16 7.5494 -22.9417 3.5341 7.5494 -13.524 3.5341 6.6297 -22.9429 4.7471
3 16 6.6297 -22.9429 4.7471 7.5494 -13.524 3.5341 6.6297 -13.5251 4.7471
3 16 5.8849 -13.5251 2.7445 5.9292 -14.7358 0 5.8849 -22.9429 2.7445
3 16 5.8849 -22.9429 2.7445 5.9292 -14.7358 0 5.9184 -22.9429 0
3 16 3.1722 -13.5251 5.4126 3.1722 -22.9429 5.4126 2.3537 -13.5455 7.1338
3 16 2.3537 -13.5455 7.1338 3.1722 -22.9429 5.4126 2.3681 -22.9429 7.1338
3 16 5.3898 -13.5251 5.9708 4.5957 -13.5446 7.1339 5.3898 -22.9429 5.9708
3 16 5.3898 -22.9429 5.9708 4.5957 -13.5446 7.1339 4.5673 -22.9429 7.1338
3 16 7.9613 -12.598 0 7.9412 -12.3145 0.8828 7.9479 -14.7358 0
3 16 7.9479 -14.7358 0 7.9412 -12.3145 0.8828 7.9613 -13.3532 2.5211
3 16 5.8849 -13.5251 2.7445 5.9347 -12.3145 0.8061 5.9292 -14.7358 0
3 16 5.9292 -14.7358 0 5.9347 -12.3145 0.8061 5.9184 -12.6022 0
3 16 7.9613 -3.2804 0.8828 7.9613 -3.2926 2.5236 7.9412 -12.3145 0.8828
3 16 7.9412 -12.3145 0.8828 7.9613 -3.2926 2.5236 7.9613 -13.3532 2.5211
3 16 3.1722 -5.5305 5.4126 4.3279 -5.5305 4.019 3.1722 -13.5251 5.4126
3 16 3.1722 -13.5251 5.4126 4.3279 -5.5305 4.019 4.3279 -13.5251 4.019
3 16 4.3279 -13.5251 4.019 4.3279 -5.5305 4.019 5.8849 -13.5251 2.7445
3 16 5.8849 -13.5251 2.7445 4.3279 -5.5305 4.019 5.8849 -3.3008 2.7445
3 16 5.8849 -13.5251 2.7445 5.8849 -3.3008 2.7445 5.9347 -12.3145 0.8061
3 16 5.9347 -12.3145 0.8061 5.8849 -3.3008 2.7445 5.9347 -3.2861 0.8061
3 16 5.9347 -12.3145 0.8061 5.9347 -3.2861 0.8061 7.9412 -12.3145 0.8828
3 16 7.9412 -12.3145 0.8828 5.9347 -3.2861 0.8061 7.9613 -3.2804 0.8828
3 16 2.3537 -13.5455 7.1338 2.3414 -5.5305 7.1338 3.1722 -13.5251 5.4126
3 16 3.1722 -13.5251 5.4126 2.3414 -5.5305 7.1338 3.1722 -5.5305 5.4126
3 16 1.3105 -5.5305 7.1338 1.3105 -13.5455 7.1338 1.3105 -5.5415 6.0079
3 16 1.3105 -5.5415 6.0079 1.3105 -13.5455 7.1338 1.3105 -13.5438 6.0002
3 16 1.3105 -13.5438 6.0002 -0.8082 -13.5438 6.0002 1.3105 -5.5415 6.0079
3 16 1.3105 -5.5415 6.0079 -0.8082 -13.5438 6.0002 -0.8082 -5.5415 6.0079
3 16 7.5494 -3.2996 3.5341 6.6297 -3.3008 4.7471 7.5494 -13.524 3.5341
3 16 7.5494 -13.524 3.5341 6.6297 -3.3008 4.7471 6.6297 -13.5251 4.7471
3 16 6.6297 -13.5251 4.7471 6.6297 -3.3008 4.7471 5.3898 -13.5251 5.9708
3 16 5.3898 -13.5251 5.9708 6.6297 -3.3008 4.7471 5.3898 -3.3008 5.9708
3 16 5.3898 -3.3008 5.9708 4.613 -5.5305 7.1338 5.3898 -13.5251 5.9708
3 16 5.3898 -13.5251 5.9708 4.613 -5.5305 7.1338 4.5957 -13.5446 7.1339
3 16 2.3329 0 7.1338 3.1722 -0.0158 5.4126 2.3414 -5.5305 7.1338
3 16 2.3414 -5.5305 7.1338 3.1722 -0.0158 5.4126 3.1722 -5.5305 5.4126
3 16 10 -13.5434 7.1339 10 -22.9429 7.1338 4.5957 -13.5446 7.1339
3 16 4.5957 -13.5446 7.1339 10 -22.9429 7.1338 4.5673 -22.9429 7.1338
3 16 10 -5.5305 7.1338 10 -13.5434 7.1339 4.613 -5.5305 7.1338
3 16 4.613 -5.5305 7.1338 10 -13.5434 7.1339 4.5957 -13.5446 7.1339
3 16 -0.7963 -28.0737 6.9771 -1.5351 -27.9758 6.9762 -0.8066 -22.9429 7.0597
3 16 -0.8066 -22.9429 7.0597 -1.5351 -27.9758 6.9762 -2.5176 -23.0188 6.9428
3 16 -0.8036 -13.5455 7.1338 -0.8066 -22.9429 7.0597 -3.328 -18.9297 6.9428
3 16 -3.328 -18.9297 6.9428 -0.8066 -22.9429 7.0597 -2.5176 -23.0188 6.9428
3 16 10 0 7.1338 10 -5.5305 7.1338 4.6275 0 7.1338
3 16 4.6275 0 7.1338 10 -5.5305 7.1338 4.613 -5.5305 7.1338
3 16 -0.8036 -13.5455 7.1338 -3.328 -18.9297 6.9428 -4.3452 -13.6218 6.9428
3 16 -6.0029 0 0 -5.9983 0 7.1464 -6.0029 -5.4942 0
3 16 -6.0029 -5.4942 0 -5.9983 0 7.1464 -5.9983 -5.5305 7.1464
3 16 10 -29.445 7.0578 4.6471 -28.7702 7.0582 10 -22.9429 7.1338
3 16 10 -22.9429 7.1338 4.6471 -28.7702 7.0582 4.5673 -22.9429 7.1338
3 16 -3.706 -17.0229 0 -4.4262 -13.397 0 -3.5685 -17.7168 2.6155
3 16 -3.5685 -17.7168 2.6155 -4.4262 -13.397 0 -4.3452 -13.6218 6.9428
3 16 -2.5176 -23.0188 6.9428 -2.6729 -22.2353 5.2311 -3.328 -18.9297 6.9428
3 16 -3.328 -18.9297 6.9428 -2.6729 -22.2353 5.2311 -3.1899 -19.6265 4.5303
3 16 -1.5351 -27.9758 6.9762 -2.1571 -24.8471 4.5303 -2.5176 -23.0188 6.9428
3 16 -2.5176 -23.0188 6.9428 -2.1571 -24.8471 4.5303 -2.6729 -22.2353 5.2311
3 16 -1.5351 -27.9758 6.9762 -1.7773 -26.7539 2.6155 -2.1571 -24.8471 4.5303
3 16 -1.5351 -27.9758 6.9762 -0.7963 -28.0737 6.9771 -0.8065 -28.0729 5.9861
3 16 -4.3452 -13.6218 6.9428 -3.328 -18.9297 6.9428 -3.5685 -17.7168 2.6155
3 16 -3.5685 -17.7168 2.6155 -3.328 -18.9297 6.9428 -3.1899 -19.6265 4.5303
3 16 -1.5351 -27.9758 6.9762 -1.5362 -27.9699 0 -1.7773 -26.7539 2.6155
3 16 -1.7773 -26.7539 2.6155 -1.5362 -27.9699 0 -1.6387 -27.453 0
3 16 -1.5362 -27.9699 0 -1.5351 -27.9758 6.9762 -0.8065 -28.0729 5.9861
3 16 -0.8082 -5.5305 7.1338 -5.9983 -5.5305 7.1464 -0.8082 0 7.1338
3 16 -0.8082 0 7.1338 -5.9983 -5.5305 7.1464 -5.9983 0 7.1464
3 16 5.9221 -2.1942 1.1891 7.9374 -2.3269 1.4007 5.9347 -3.2861 0.8061
3 16 5.9347 -3.2861 0.8061 7.9374 -2.3269 1.4007 7.9613 -3.2804 0.8828
3 16 10 -29.445 3.2336 9.0263 -29.3274 3.124 10 -29.445 7.0578
3 16 -5.0257 -25.3384 4.5303 -2.1571 -24.8471 4.5303 -4.6719 -27.2531 2.6155
3 16 -4.6719 -27.2531 2.6155 -2.1571 -24.8471 4.5303 -1.7773 -26.7539 2.6155
3 16 -4.6719 -27.2531 2.6155 -1.7773 -26.7539 2.6155 -4.5423 -27.9539 0
3 16 -4.5423 -27.9539 0 -1.7773 -26.7539 2.6155 -1.6387 -27.453 0
3 16 -5.5086 -22.7228 5.2311 -2.6729 -22.2353 5.2311 -5.0257 -25.3384 4.5303
3 16 -5.0257 -25.3384 4.5303 -2.6729 -22.2353 5.2311 -2.1571 -24.8471 4.5303
3 16 -5.9915 -20.1073 4.5303 -3.1899 -19.6265 4.5303 -5.5086 -22.7228 5.2311
3 16 -5.5086 -22.7228 5.2311 -3.1899 -19.6265 4.5303 -2.6729 -22.2353 5.2311
3 16 -6.345 -18.1926 2.6155 -3.5685 -17.7168 2.6155 -5.9915 -20.1073 4.5303
3 16 -5.9915 -20.1073 4.5303 -3.5685 -17.7168 2.6155 -3.1899 -19.6265 4.5303
3 16 -6.4744 -17.4917 0 -3.706 -17.0229 0 -6.345 -18.1926 2.6155
3 16 -6.345 -18.1926 2.6155 -3.706 -17.0229 0 -3.5685 -17.7168 2.6155
3 16 7.9613 -3.2926 2.5236 7.9557 -1.2979 2.4449 7.5494 -3.2996 3.5341
3 16 7.5494 -3.2996 3.5341 7.9557 -1.2979 2.4449 7.4899 -0.5252 3.4325
3 16 7.9613 -3.2926 2.5236 7.5494 -3.2996 3.5341 7.9613 -13.3532 2.5211
3 16 7.9613 -13.3532 2.5211 7.5494 -3.2996 3.5341 7.5494 -13.524 3.5341
3 16 7.9613 -13.3532 2.5211 7.5494 -13.524 3.5341 7.9613 -22.771 2.519
3 16 7.9613 -22.771 2.519 7.5494 -13.524 3.5341 7.5494 -22.9417 3.5341
3 16 7.9613 -22.771 2.519 7.5494 -22.9417 3.5341 7.9613 -29.1757 2.5015
3 16 7.9613 -29.1757 2.5015 7.5494 -22.9417 3.5341 7.5519 -29.1398 3.5305
3 16 7.9613 -3.2926 2.5236 7.9374 -2.3269 1.4007 7.9557 -1.2979 2.4449
3 16 7.9557 -1.2979 2.4449 7.9374 -2.3269 1.4007 5.9055 -1.2979 1.8545
3 16 5.9055 -1.2979 1.8545 7.9374 -2.3269 1.4007 5.9221 -2.1942 1.1891
3 16 -4.3452 -13.6218 6.9428 -4.4262 -13.397 0 -5.9983 -5.5305 7.1464
3 16 -5.9983 -5.5305 7.1464 -4.4262 -13.397 0 -6.0029 -5.4942 0
3 16 1.3105 0 7.1338 2.3329 0 7.1338 1.3105 -5.5305 7.1338
3 16 1.3105 -5.5305 7.1338 2.3329 0 7.1338 2.3414 -5.5305 7.1338
3 16 2.3414 -5.5305 7.1338 2.3537 -13.5455 7.1338 1.3105 -5.5305 7.1338
3 16 1.3105 -5.5305 7.1338 2.3537 -13.5455 7.1338 1.3105 -13.5455 7.1338
3 16 2.3537 -13.5455 7.1338 2.3681 -22.9429 7.1338 1.3105 -13.5455 7.1338
3 16 1.3105 -13.5455 7.1338 2.3681 -22.9429 7.1338 1.3105 -22.9429 7.1338
3 16 2.3724 -28.4808 7.0578 1.31 -28.3456 7.0574 2.3681 -22.9429 7.1338
3 16 2.3681 -22.9429 7.1338 1.31 -28.3456 7.0574 1.3105 -22.9429 7.1338
3 16 5.8892 -28.9283 2.7454 -1.5362 -27.9699 0 4.3271 -28.7295 4.0222
3 16 -1.5362 -27.9699 0 -0.8065 -28.0729 5.9861 1.3105 -28.3482 5.9896
3 16 10 -29.445 7.0578 9.0263 -29.3274 3.124 7.5519 -29.1398 3.5305
3 16 7.5519 -29.1398 3.5305 9.0263 -29.3274 3.124 7.9613 -29.1757 2.5015
3 16 6.6308 -29.0226 4.737 10 -29.445 7.0578 7.5519 -29.1398 3.5305
3 16 5.3834 -28.8639 5.974 10 -29.445 7.0578 6.6308 -29.0226 4.737
3 16 4.6471 -28.7702 7.0582 10 -29.445 7.0578 5.3834 -28.8639 5.974
3 16 4.3271 -28.7295 4.0222 -1.5362 -27.9699 0 3.1706 -28.5823 5.4223
3 16 3.1706 -28.5823 5.4223 1.3105 -28.3482 5.9896 2.3724 -28.4808 7.0578
3 16 2.3724 -28.4808 7.0578 1.3105 -28.3482 5.9896 1.31 -28.3456 7.0574
3 16 3.1706 -28.5823 5.4223 -1.5362 -27.9699 0 1.3105 -28.3482 5.9896
3 16 -0.8082 -13.5438 6.0002 -0.8036 -13.5455 7.1338 -0.8082 -5.5415 6.0079
3 16 -0.8082 -5.5415 6.0079 -0.8036 -13.5455 7.1338 -0.8082 -5.5305 7.1338
3 16 -0.8036 -13.5455 7.1338 -4.3452 -13.6218 6.9428 -0.8082 -5.5305 7.1338
3 16 -0.8082 -5.5305 7.1338 -4.3452 -13.6218 6.9428 -5.9983 -5.5305 7.1464
3 16 5.8849 -3.3008 2.7445 5.9221 -2.1942 1.1891 5.9347 -3.2861 0.8061
3 16 5.8254 -0.5603 2.6429 5.9055 -1.2979 1.8545 5.8849 -3.3008 2.7445
3 16 5.9258 -28.9315 0 -1.5362 -27.9699 0 5.8892 -28.9283 2.7454
3 16 -7.9991 0 10 9.9781 0 10 1.3105 0 7.1338
3 16 1.3105 0 7.1338 9.9781 0 10 2.3329 0 7.1338
3 16 10.1684 0 -10 2.3329 0 -7.1338 4.6275 0 -7.1338
3 16 -5.9983 0 -7.1464 -0.8082 0 -7.1338 -7.9991 0 -10
3 16 -7.9991 0 10 -0.8082 0 7.1338 -5.9983 0 7.1464
3 16 -7.9991 0 -10 -0.8082 0 -7.1338 1.3105 0 -7.1338
3 16 9.9781 0 10 4.6275 0 7.1338 2.3329 0 7.1338
3 16 25.9983 0 7.1464 20.8082 0 7.1338 27.9991 0 10
3 16 10.1684 0 -10 4.6275 0 -7.1338 10 0 -7.1338
3 16 10.1684 0 -10 10 0 -7.1338 15.3725 0 -7.1338
3 16 9.9781 0 10 17.6671 0 7.1338 15.3725 0 7.1338
3 16 10.1684 0 -10 15.3725 0 -7.1338 17.6671 0 -7.1338
3 16 27.9991 0 10 20.8082 0 7.1338 18.6896 0 7.1338
3 16 27.9991 0 -10 20.8082 0 -7.1338 25.9983 0 -7.1464
3 16 27.9991 0 10 18.6896 0 7.1338 9.9781 0 10
3 16 9.9781 0 10 18.6896 0 7.1338 17.6671 0 7.1338
3 16 27.9991 0 -10 18.6896 0 -7.1338 20.8082 0 -7.1338
3 16 -7.9991 0 10 1.3105 0 7.1338 -0.8082 0 7.1338
2 24 -3.1946 -30.6837 9.1366 -2.4509 -31.5996 8.571
2 24 -2.4509 -31.5996 8.571 -1.0293 -31.5996 9.1384
2 24 -1.0293 -31.5996 9.1384 10.1014 -31.5996 9.1384
2 24 -3.1946 -30.6837 9.1366 -3.6671 -29.5755 9.47
2 24 -8.9163 -2.4252 9.7322 -6.6543 -14.1248 9.6192
2 24 -8.9163 -2.4252 9.7322 -8.9163 -0.6606 9.7322
2 24 -1.0293 -31.5996 -9.1384 -2.4509 -31.5996 -8.571
2 24 -2.4509 -31.5996 -8.571 -3.1946 -30.6837 -9.1366
2 24 -3.1946 -30.6837 -9.1366 -3.6671 -29.5755 -9.47
2 24 -8.9163 -2.4252 -9.7322 -8.9163 -0.6606 -9.7322
2 24 -5.1115 -22.1046 -9.5422 -6.574 -14.5404 -9.6152
2 24 10 -46.5136 -6.252 6.874 -46.5136 -5.4144
2 24 10 -31.9683 -6.252 6.874 -31.9683 -5.4144
2 24 4.5856 -46.5136 -3.126 3.748 -46.5136 0
2 24 4.5856 -31.9683 -3.126 3.748 -31.9683 0
2 24 6.874 -46.5136 -5.4144 4.5856 -46.5136 -3.126
2 24 6.874 -31.9683 -5.4144 4.5856 -31.9683 -3.126
2 24 6.874 -46.5136 -5.4144 10 -46.5136 -6.252
2 24 3.748 -46.5136 0 4.5856 -46.5136 -3.126
2 24 6.874 -46.5136 -5.4144 4.5856 -46.5136 -3.126
2 24 -3.2237 -31.5996 -7.1374 -2.4509 -31.5996 -8.571
2 24 -2.4509 -31.5996 -8.571 -1.0293 -31.5996 -9.1384
2 24 -3.2237 -31.5996 -7.1374 -2.4509 -31.5996 -8.571
2 24 -2.4509 -31.5996 -8.571 -3.1946 -30.6837 -9.1366
2 24 -3.1946 -30.6837 -9.1366 -3.6671 -29.5755 -9.47
2 24 -6.345 -18.1926 -2.6155 -6.4744 -17.4917 0
2 24 -5.0257 -25.3384 -4.5303 -5.5086 -22.7228 -5.2311
2 24 -8.9163 -2.4252 -9.7322 -8.9163 -0.6606 -9.7322
2 24 10 -46.5136 6.252 6.874 -46.5136 5.4144
2 24 10 -31.9683 6.252 6.874 -31.9683 5.4144
2 24 3.748 -46.5136 0 4.5856 -46.5136 3.126
2 24 3.748 -31.9683 0 4.5856 -31.9683 3.126
2 24 6.874 -46.5136 5.4144 4.5856 -46.5136 3.126
2 24 6.874 -31.9683 5.4144 4.5856 -31.9683 3.126
2 24 6.874 -46.5136 5.4144 10 -46.5136 6.252
2 24 3.748 -46.5136 0 4.5856 -46.5136 3.126
2 24 6.874 -46.5136 5.4144 4.5856 -46.5136 3.126
2 24 -3.2237 -31.5996 3.6187 -3.2237 -31.5996 -0.3469
2 24 -2.4509 -31.5996 8.571 -3.2237 -31.5996 7.1374
2 24 -2.4509 -31.5996 8.571 -1.0293 -31.5996 9.1384
2 24 -3.2237 -31.5996 3.6187 -3.2237 -31.5996 -0.3469
2 24 -3.1946 -30.6837 9.1366 -2.4509 -31.5996 8.571
2 24 -2.4509 -31.5996 8.571 -3.2237 -31.5996 7.1374
2 24 -3.1946 -30.6837 9.1366 -3.6671 -29.5755 9.47
2 24 -5.0257 -25.3384 4.5303 -4.6719 -27.2531 2.6155
2 24 -4.6719 -27.2531 2.6155 -4.5423 -27.9539 0
2 24 -6.6543 -14.1248 9.6192 -8.9163 -2.4252 9.7322
2 24 -8.9163 -2.4252 9.7322 -8.9163 -0.6606 9.7322
2 24 -6.574 -14.5404 -9.6152 -5.1115 -22.1046 -9.5422
2 24 10 -31.9683 -6.252 6.874 -31.9683 -5.4144
2 24 4.5856 -31.9683 3.126 3.748 -31.9683 0
2 24 -5.0257 -25.3384 -4.5303 -4.6719 -27.2531 -2.6155
2 24 -9.2627 0 -8.9149 -8.9163 0 -9.7322
2 24 -8.9163 0 -9.7322 -7.9991 0 -10
2 24 -1.0293 -31.5996 9.1384 10.1014 -31.5996 9.1384
2 24 6.874 -31.9683 5.4144 10 -31.9683 6.252
2 24 -6.345 -18.1926 2.6155 -5.9915 -20.1073 4.5303
2 24 21.0293 -31.5996 9.1384 22.4509 -31.5996 8.571
2 24 22.4509 -31.5996 8.571 23.1945 -30.6837 9.1366
2 24 23.1945 -30.6837 9.1366 23.6671 -29.5755 9.47
2 24 26.6464 -14.1656 9.6189 28.9163 -2.4252 9.7322
2 24 28.9163 -2.4252 9.7322 28.9163 -0.6606 9.7322
2 24 23.1945 -30.6837 -9.1366 22.4509 -31.5996 -8.571
2 24 22.4509 -31.5996 -8.571 21.0293 -31.5996 -9.1384
2 24 21.0293 -31.5996 -9.1384 9.8405 -31.5996 -9.1384
2 24 23.1945 -30.6837 -9.1366 23.6671 -29.5755 -9.47
2 24 26.6114 -14.347 -9.6171 25.0493 -22.4263 -9.5391
2 24 28.9163 -0.6606 -9.7322 28.9163 -2.4252 -9.7322
2 24 10 -46.5136 -6.252 13.126 -46.5136 -5.4144
2 24 10 -31.9683 -6.252 13.126 -31.9683 -5.4144
2 24 15.4144 -46.5136 -3.126 16.252 -46.5136 0
2 24 15.4144 -31.9683 -3.126 16.252 -31.9683 0
2 24 13.126 -46.5136 -5.4144 15.4144 -46.5136 -3.126
2 24 13.126 -31.9683 -5.4144 15.4144 -31.9683 -3.126
2 24 10 -46.5136 -6.252 13.126 -46.5136 -5.4144
2 24 16.252 -46.5136 0 15.4144 -46.5136 -3.126
2 24 13.126 -46.5136 -5.4144 15.4144 -46.5136 -3.126
2 24 9.8405 -31.5996 -9.1384 21.0293 -31.5996 -9.1384
2 24 23.2237 -31.5996 3.3163 23.2237 -31.5996 7.1374
2 24 22.4509 -31.5996 -8.571 23.2237 -31.5996 -7.1374
2 24 21.0293 -31.5996 -9.1384 22.4509 -31.5996 -8.571
2 24 23.2237 -31.5996 3.3163 23.2237 -31.5996 7.1374
2 24 23.1945 -30.6837 -9.1366 22.4509 -31.5996 -8.571
2 24 22.4509 -31.5996 -8.571 23.2237 -31.5996 -7.1374
2 24 23.1945 -30.6837 -9.1366 23.6671 -29.5755 -9.47
2 24 25.0256 -25.3384 -4.5303 24.6719 -27.2531 -2.6155
2 24 24.6719 -27.2531 -2.6155 24.5423 -27.9539 0
2 24 25.5085 -22.7228 -5.2311 25.9915 -20.1073 -4.5303
2 24 26.4744 -17.4917 0 26.345 -18.1926 2.6155
2 24 25.0493 -22.4263 -9.5391 26.6114 -14.347 -9.6171
2 24 28.9163 -0.6606 -9.7322 28.9163 -2.4252 -9.7322
2 24 10 -46.5136 6.252 13.126 -46.5136 5.4144
2 24 10 -31.9683 6.252 13.126 -31.9683 5.4144
2 24 16.252 -46.5136 0 15.4144 -46.5136 3.126
2 24 16.252 -31.9683 0 15.4144 -31.9683 3.126
2 24 13.126 -46.5136 5.4144 15.4144 -46.5136 3.126
2 24 13.126 -31.9683 5.4144 15.4144 -31.9683 3.126
2 24 10 -46.5136 6.252 13.126 -46.5136 5.4144
2 24 16.252 -46.5136 0 15.4144 -46.5136 3.126
2 24 13.126 -46.5136 5.4144 15.4144 -46.5136 3.126
2 24 23.2237 -31.5996 7.1374 22.4509 -31.5996 8.571
2 24 22.4509 -31.5996 8.571 21.0293 -31.5996 9.1384
2 24 23.2237 -31.5996 7.1374 22.4509 -31.5996 8.571
2 24 22.4509 -31.5996 8.571 23.1945 -30.6837 9.1366
2 24 23.1945 -30.6837 9.1366 23.6671 -29.5755 9.47
2 24 25.0256 -25.3384 4.5303 24.6719 -27.2531 2.6155
2 24 28.9163 -2.4252 9.7322 26.6464 -14.1656 9.6189
2 24 26.345 -18.1926 2.6155 25.9915 -20.1073 4.5303
2 24 28.9163 -2.4252 9.7322 28.9163 -0.6606 9.7322
2 24 10 -31.9683 6.252 13.126 -31.9683 5.4144
2 24 10 -31.9683 -6.252 13.126 -31.9683 -5.4144
2 24 29.2627 0 -8.9149 28.9163 0 -9.7322
2 24 28.9163 0 -9.7322 27.9991 0 -10
2 24 27.9991 0 -10 10.1684 0 -10
2 24 18.6896 0 -7.1338 17.6671 0 -7.1338
2 24 26.0029 0 0 25.9983 0 7.1464
2 24 29.2627 0 -0.9311 29.2627 0 8.9149
2 24 25.0256 -25.3384 4.5303 25.5085 -22.7228 5.2311
2 24 25.9915 -20.1073 -4.5303 26.345 -18.1926 -2.6155
2 24 6.874 -31.9683 -5.4144 4.5856 -31.9683 -3.126
2 24 13.126 -31.9683 5.4144 15.4144 -31.9683 3.126
2 24 -5.5086 -22.7228 -5.2311 -5.9915 -20.1073 -4.5303
2 24 -9.2627 0 -8.9149 -9.2627 0 0.4458
2 24 -5.9983 0 -7.1464 -6.0029 0 0
2 24 -9.2627 0 8.9149 -8.9163 0 9.7322
2 24 -8.9163 0 9.7322 -7.9991 0 10
2 24 10 0 7.1338 4.6275 0 7.1338
2 24 29.2627 0 8.9149 28.9163 0 9.7322
2 24 28.9163 0 9.7322 27.9991 0 10
2 24 15.4144 -31.9683 -3.126 16.252 -31.9683 0
2 24 23.2237 -31.5996 0.0219 23.2237 -31.5996 -3.5462
2 24 23.2237 -31.5996 0.0219 23.2237 -31.5996 -3.5462
2 24 -3.2237 -31.5996 -7.1374 -3.2237 -31.5996 -4.0739
2 24 -3.2237 -31.5996 -7.1374 -3.2237 -31.5996 -4.0739
2 24 -1.0293 -31.5996 -9.1384 9.8405 -31.5996 -9.1384
2 24 -1.0293 -31.5996 -9.1384 9.8405 -31.5996 -9.1384
2 24 -7.9991 0 -10 10.1684 0 -10
2 24 2.3329 0 -7.1338 1.3105 0 -7.1338
2 24 10.1014 -31.5996 9.1384 21.0293 -31.5996 9.1384
2 24 10.1014 -31.5996 9.1384 21.0293 -31.5996 9.1384
2 24 10 0 7.1338 15.3725 0 7.1338
2 24 13.126 -31.9683 -5.4144 15.4144 -31.9683 -3.126
2 24 23.2237 -31.5996 -7.1374 23.2237 -31.5996 -3.5462
2 24 23.2237 -31.5996 -7.1374 23.2237 -31.5996 -3.5462
2 24 15.4144 -31.9683 3.126 16.252 -31.9683 0
2 24 23.2237 -31.5996 3.3163 23.2237 -31.5996 0.0219
2 24 23.2237 -31.5996 3.3163 23.2237 -31.5996 0.0219
2 24 24.5423 -27.9539 0 24.6719 -27.2531 2.6155
2 24 25.0256 -25.3384 -4.5303 25.5085 -22.7228 -5.2311
2 24 23.6671 -29.5755 -9.47 25.0493 -22.4263 -9.5391
2 24 23.6671 -29.5755 -9.47 25.0493 -22.4263 -9.5391
2 24 -3.6671 -29.5755 -9.47 -5.1115 -22.1046 -9.5422
2 24 -3.6671 -29.5755 -9.47 -5.1115 -22.1046 -9.5422
2 24 3.748 -31.9683 0 4.5856 -31.9683 -3.126
2 24 -3.2237 -31.5996 -0.3469 -3.2237 -31.5996 -4.0739
2 24 -3.2237 -31.5996 -0.3469 -3.2237 -31.5996 -4.0739
2 24 -4.5423 -27.9539 0 -4.6719 -27.2531 -2.6155
2 24 4.5856 -31.9683 3.126 6.874 -31.9683 5.4144
2 24 -3.2237 -31.5996 3.6187 -3.2237 -31.5996 7.1374
2 24 -3.2237 -31.5996 3.6187 -3.2237 -31.5996 7.1374
2 24 -5.0257 -25.3384 4.5303 -5.5086 -22.7228 5.2311
2 24 -3.6671 -29.5755 9.47 -4.9909 -22.7286 9.5362
2 24 -3.6671 -29.5755 9.47 -4.9909 -22.7286 9.5362
2 24 23.6671 -29.5755 9.47 24.9287 -23.0502 9.533
2 24 23.6671 -29.5755 9.47 24.9287 -23.0502 9.533
2 24 -6.4744 -17.4917 0 -6.345 -18.1926 2.6155
2 24 -6.0029 0 0 -5.9983 0 7.1464
2 24 -9.2627 0 0.4458 -9.2627 0 8.9149
2 24 -5.9915 -20.1073 4.5303 -5.5086 -22.7228 5.2311
2 24 -6.6543 -14.1248 9.6192 -4.9909 -22.7286 9.5362
2 24 -6.6543 -14.1248 9.6192 -4.9909 -22.7286 9.5362
2 24 26.6464 -14.1656 9.6189 24.9287 -23.0502 9.533
2 24 26.6464 -14.1656 9.6189 24.9287 -23.0502 9.533
2 24 25.9915 -20.1073 4.5303 25.5085 -22.7228 5.2311
2 24 -6.345 -18.1926 -2.6155 -5.9915 -20.1073 -4.5303
2 24 -8.9163 -2.4252 -9.7322 -6.574 -14.5404 -9.6152
2 24 -8.9163 -2.4252 -9.7322 -6.574 -14.5404 -9.6152
2 24 26.6114 -14.347 -9.6171 28.9163 -2.4252 -9.7322
2 24 26.6114 -14.347 -9.6171 28.9163 -2.4252 -9.7322
2 24 26.4744 -17.4917 0 26.345 -18.1926 -2.6155
2 24 29.2627 0 -8.9149 29.2627 0 -0.9311
2 24 25.9983 0 -7.1464 26.0029 0 0
2 24 27.9991 0 -10 28.9163 0 -9.7322
2 24 28.9163 -0.6606 -9.7322 28.9163 0 -9.7322
2 24 29.2627 0 -8.9149 28.9163 0 -9.7322
2 24 28.9163 -0.6606 -9.7322 28.9163 0 -9.7322
2 24 29.2627 0 -8.9149 29.2627 0 -0.9311
2 24 29.2627 0 -0.9311 29.2627 0 8.9149
2 24 28.9163 -0.6606 9.7322 28.9163 0 9.7322
2 24 29.2627 0 8.9149 28.9163 0 9.7322
2 24 28.9163 -0.6606 9.7322 28.9163 0 9.7322
2 24 28.9163 0 9.7322 27.9991 0 10
2 24 27.9991 0 10 9.9781 0 10
2 24 9.9781 0 10 -7.9991 0 10
2 24 -8.9163 -0.6606 9.7322 -8.9163 0 9.7322
2 24 -7.9991 0 10 -8.9163 0 9.7322
2 24 -9.2627 0 8.9149 -8.9163 0 9.7322
2 24 -8.9163 -0.6606 9.7322 -8.9163 0 9.7322
2 24 -9.2627 0 8.9149 -9.2627 0 0.4458
2 24 -9.2627 0 0.4458 -9.2627 0 -8.9149
2 24 -8.9163 -0.6606 -9.7322 -8.9163 0 -9.7322
2 24 -9.2627 0 -8.9149 -8.9163 0 -9.7322
2 24 -8.9163 -0.6606 -9.7322 -8.9163 0 -9.7322
2 24 -8.9163 0 -9.7322 -7.9991 0 -10
2 24 -7.9991 0 -10 10.1684 0 -10
2 24 27.9991 0 -10 10.1684 0 -10
2 24 12.0387 -29.1757 2.5015 12.0268 -35.6181 2.6914
2 24 12.0387 -29.1757 2.5015 10.9737 -29.3274 3.124
2 24 12.0268 -35.6181 2.6914 11.1594 -40.4979 2.9428
2 24 10 -43.8322 0 10 -43.8322 3.1448
2 24 11.1594 -40.4979 2.9428 10 -43.8322 3.1448
2 24 12.0268 -35.6181 0 12.0268 -35.6181 2.6914
2 24 11.1594 -40.4979 2.9428 12.0268 -35.6181 2.6914
2 24 12.0268 -35.6181 0 12.0268 -35.6181 2.6914
2 24 12.0387 -29.1757 2.5015 12.0268 -35.6181 2.6914
2 24 10.9737 -29.3274 3.124 10 -29.445 3.2336
2 24 11.1594 -40.4979 2.9428 10 -43.8322 3.1448
2 24 14.6102 -0.0158 5.9708 13.3703 -0.0158 4.7471
2 24 13.3703 -0.0158 4.7471 12.5101 -0.5252 3.4325
2 24 12.0387 -3.2804 0.8828 12.0626 -2.3269 1.4007
2 24 14.1746 -0.5603 2.6429 15.6721 -0.0158 4.019
2 24 14.1746 -0.5603 2.6429 14.1151 -3.3008 2.7445
2 24 15.6721 -0.0158 4.019 16.8278 -0.0158 5.4126
2 24 14.0779 -2.1942 1.1891 14.0945 -1.2979 1.8545
2 24 13.3703 -0.0158 4.7471 14.6102 -0.0158 5.9708
2 24 15.6721 -0.0158 4.019 16.8278 -0.0158 5.4126
2 24 12.0588 -12.3145 0.8828 14.0653 -12.3145 0.8061
2 24 12.0588 -12.3145 0.8828 12.0387 -12.598 0
2 24 14.0653 -12.3145 0.8061 14.0816 -12.6022 0
2 24 14.0945 -1.2979 1.8545 14.1746 -0.5603 2.6429
2 24 12.0443 -1.2979 2.4449 12.5101 -0.5252 3.4325
2 24 13.3703 -0.0158 4.7471 12.5101 -0.5252 3.4325
2 24 15.6721 -0.0158 4.019 14.1746 -0.5603 2.6429
2 24 14.6102 -0.0158 5.9708 15.3725 0 7.1338
2 24 15.3725 0 7.1338 15.387 -5.5305 7.1338
2 24 15.3725 0 7.1338 14.6102 -0.0158 5.9708
2 24 16.8278 -0.0158 5.4126 17.6671 0 7.1338
2 24 18.6896 -0.0158 6.0094 20.8082 -0.0158 6.0094
2 24 18.6896 -0.0158 6.0094 18.6896 -5.5415 6.0079
2 24 20.8082 -0.0158 6.0094 20.8082 -5.5415 6.0079
2 24 20.8082 0 7.1338 20.8082 -0.0158 6.0094
2 24 20.8082 -0.0158 6.0094 18.6896 -0.0158 6.0094
2 24 18.6896 0 7.1338 18.6896 -0.0158 6.0094
2 24 18.6896 0 7.1338 18.6896 -0.0158 6.0094
2 24 18.6896 0 7.1338 18.6896 -5.5305 7.1338
2 24 18.6896 -0.0158 6.0094 18.6896 -5.5415 6.0079
2 24 20.8082 0 7.1338 20.8082 -5.5305 7.1338
2 24 20.8082 0 7.1338 20.8082 -0.0158 6.0094
2 24 20.8082 -0.0158 6.0094 20.8082 -5.5415 6.0079
2 24 14.1108 -28.9283 2.7454 14.1151 -22.9429 2.7445
2 24 14.1108 -28.9283 2.7454 15.6729 -28.7295 4.0222
2 24 15.6729 -28.7295 4.0222 16.8294 -28.5823 5.4223
2 24 18.6896 -22.9429 7.1338 18.69 -28.3456 7.0574
2 24 18.6896 -22.9429 5.9938 18.6896 -28.3482 5.9896
2 24 18.69 -28.3456 7.0574 18.6896 -28.3482 5.9896
2 24 13.3692 -29.0226 4.737 14.6166 -28.8639 5.974
2 24 13.3692 -29.0226 4.737 12.4481 -29.1398 3.5305
2 24 14.1108 -28.9283 2.7454 14.0742 -28.9315 0
2 24 14.1108 -28.9283 2.7454 14.1151 -22.9429 2.7445
2 24 17.6319 -22.9429 7.1338 17.6276 -28.4808 7.0578
2 24 16.8294 -28.5823 5.4223 17.6276 -28.4808 7.0578
2 24 14.6166 -28.8639 5.974 15.3529 -28.7702 7.0582
2 24 15.3529 -28.7702 7.0582 15.4327 -22.9429 7.1338
2 24 20.8082 -22.9429 5.9938 20.8065 -28.0729 5.9861
2 24 20.8065 -28.0729 5.9861 18.6896 -28.3482 5.9896
2 24 18.6896 -22.9429 5.9938 18.6896 -28.3482 5.9896
2 24 20.8067 -22.9429 7.0597 20.7964 -28.0737 6.9771
2 24 20.7964 -28.0737 6.9771 20.8065 -28.0729 5.9861
2 24 20.8082 -22.9429 5.9938 20.8065 -28.0729 5.9861
2 24 14.1151 -22.9429 2.7445 14.1151 -13.5251 2.7445
2 24 18.6896 -22.9429 7.1338 18.6896 -13.5455 7.1338
2 24 18.6896 -22.9429 5.9938 18.6896 -13.5438 6.0002
2 24 18.6896 -22.9429 5.9938 18.6896 -13.5438 6.0002
2 24 20.8082 -22.9429 5.9938 20.8082 -13.5438 6.0002
2 24 20.8082 -22.9429 5.9938 20.8082 -13.5438 6.0002
2 24 20.8067 -22.9429 7.0597 20.8036 -13.5455 7.1338
2 24 14.1151 -22.9429 2.7445 14.1151 -13.5251 2.7445
2 24 17.6319 -22.9429 7.1338 17.6463 -13.5455 7.1338
2 24 15.4327 -22.9429 7.1338 15.4043 -13.5446 7.1339
2 24 12.0588 -12.3145 0.8828 12.0387 -12.598 0
2 24 14.0816 -12.6022 0 14.0653 -12.3145 0.8061
2 24 12.0387 -3.2804 0.8828 12.0588 -12.3145 0.8828
2 24 14.1151 -3.3008 2.7445 14.1151 -13.5251 2.7445
2 24 14.1151 -3.3008 2.7445 14.1151 -13.5251 2.7445
2 24 14.0653 -12.3145 0.8061 14.0653 -3.2861 0.8061
2 24 12.0387 -3.2804 0.8828 14.0653 -3.2861 0.8061
2 24 12.0387 -3.2804 0.8828 12.0588 -12.3145 0.8828
2 24 14.0653 -3.2861 0.8061 14.0653 -12.3145 0.8061
2 24 12.0588 -12.3145 0.8828 14.0653 -12.3145 0.8061
2 24 17.6463 -13.5455 7.1338 17.6586 -5.5305 7.1338
2 24 18.6896 -5.5305 7.1338 18.6896 -13.5455 7.1338
2 24 18.6896 -5.5415 6.0079 18.6896 -13.5438 6.0002
2 24 18.6896 -5.5415 6.0079 18.6896 -13.5438 6.0002
2 24 20.8082 -5.5415 6.0079 20.8082 -13.5438 6.0002
2 24 15.387 -5.5305 7.1338 15.4043 -13.5446 7.1339
2 24 16.8278 -0.0158 5.4126 17.6671 0 7.1338
2 24 17.6586 -5.5305 7.1338 17.6671 0 7.1338
2 24 15.4043 -13.5446 7.1339 15.4327 -22.9429 7.1338
2 24 15.4043 -13.5446 7.1339 15.387 -5.5305 7.1338
2 24 22.5176 -23.0188 6.9428 21.5351 -27.9758 6.9762
2 24 21.5351 -27.9758 6.9762 20.7964 -28.0737 6.9771
2 24 20.8067 -22.9429 7.0597 20.7964 -28.0737 6.9771
2 24 20.8067 -22.9429 7.0597 20.8036 -13.5455 7.1338
2 24 22.5176 -23.0188 6.9428 23.3281 -18.9297 6.9428
2 24 15.387 -5.5305 7.1338 15.3725 0 7.1338
2 24 15.3725 0 7.1338 10 0 7.1338
2 24 23.3281 -18.9297 6.9428 24.3452 -13.6218 6.9428
2 24 26.0029 0 0 25.9983 0 7.1464
2 24 26.0029 -5.4942 0 25.9983 -5.5305 7.1464
2 24 25.9983 0 7.1464 25.9983 -5.5305 7.1464
2 24 15.4327 -22.9429 7.1338 15.3529 -28.7702 7.0582
2 24 15.3529 -28.7702 7.0582 10 -29.445 7.0578
2 24 23.5685 -17.7168 2.6155 23.706 -17.0229 0
2 24 22.5176 -23.0188 6.9428 23.3281 -18.9297 6.9428
2 24 22.6729 -22.2353 5.2311 23.1899 -19.6265 4.5303
2 24 22.5176 -23.0188 6.9428 21.5351 -27.9758 6.9762
2 24 22.6729 -22.2353 5.2311 22.1571 -24.8471 4.5303
2 24 22.1571 -24.8471 4.5303 21.7773 -26.7539 2.6155
2 24 20.8065 -28.0729 5.9861 20.7964 -28.0737 6.9771
2 24 21.5351 -27.9758 6.9762 20.7964 -28.0737 6.9771
2 24 23.5685 -17.7168 2.6155 23.1899 -19.6265 4.5303
2 24 24.3452 -13.6218 6.9428 23.3281 -18.9297 6.9428
2 24 21.5351 -27.9758 6.9762 21.5362 -27.9699 0
2 24 21.7773 -26.7539 2.6155 21.6387 -27.453 0
2 24 21.5351 -27.9758 6.9762 21.5362 -27.9699 0
2 24 20.8082 -5.5305 7.1338 20.8082 0 7.1338
2 24 20.8082 0 7.1338 25.9983 0 7.1464
2 24 25.9983 -5.5305 7.1464 25.9983 0 7.1464
2 24 14.0779 -2.1942 1.1891 14.0653 -3.2861 0.8061
2 24 14.0653 -3.2861 0.8061 12.0387 -3.2804 0.8828
2 24 12.0626 -2.3269 1.4007 12.0387 -3.2804 0.8828
2 24 10 -29.445 3.2336 10.9737 -29.3274 3.124
2 24 21.7773 -26.7539 2.6155 22.1571 -24.8471 4.5303
2 24 24.6719 -27.2531 2.6155 25.0256 -25.3384 4.5303
2 24 21.7773 -26.7539 2.6155 21.6387 -27.453 0
2 24 24.6719 -27.2531 2.6155 24.5423 -27.9539 0
2 24 22.1571 -24.8471 4.5303 22.6729 -22.2353 5.2311
2 24 25.0256 -25.3384 4.5303 25.5085 -22.7228 5.2311
2 24 22.6729 -22.2353 5.2311 23.1899 -19.6265 4.5303
2 24 25.5085 -22.7228 5.2311 25.9915 -20.1073 4.5303
2 24 23.1899 -19.6265 4.5303 23.5685 -17.7168 2.6155
2 24 25.9915 -20.1073 4.5303 26.345 -18.1926 2.6155
2 24 23.5685 -17.7168 2.6155 23.706 -17.0229 0
2 24 26.345 -18.1926 2.6155 26.4744 -17.4917 0
2 24 12.5101 -0.5252 3.4325 12.0443 -1.2979 2.4449
2 24 12.0387 -29.1757 2.5015 12.4481 -29.1398 3.5305
2 24 12.0626 -2.3269 1.4007 12.0443 -1.2979 2.4449
2 24 14.0945 -1.2979 1.8545 14.0779 -2.1942 1.1891
2 24 12.0443 -1.2979 2.4449 12.0626 -2.3269 1.4007
2 24 24.3452 -13.6218 6.9428 25.9983 -5.5305 7.1464
2 24 25.9983 -5.5305 7.1464 26.0029 -5.4942 0
2 24 18.6896 0 7.1338 18.6896 -5.5305 7.1338
2 24 18.6896 0 7.1338 17.6671 0 7.1338
2 24 17.6671 0 7.1338 17.6586 -5.5305 7.1338
2 24 17.6586 -5.5305 7.1338 17.6463 -13.5455 7.1338
2 24 18.6896 -5.5305 7.1338 18.6896 -13.5455 7.1338
2 24 17.6463 -13.5455 7.1338 17.6319 -22.9429 7.1338
2 24 18.6896 -13.5455 7.1338 18.6896 -22.9429 7.1338
2 24 18.6896 -22.9429 7.1338 18.69 -28.3456 7.0574
2 24 18.69 -28.3456 7.0574 17.6276 -28.4808 7.0578
2 24 17.6319 -22.9429 7.1338 17.6276 -28.4808 7.0578
2 24 14.1108 -28.9283 2.7454 15.6729 -28.7295 4.0222
2 24 20.8065 -28.0729 5.9861 18.6896 -28.3482 5.9896
2 24 12.4481 -29.1398 3.5305 12.0387 -29.1757 2.5015
2 24 10.9737 -29.3274 3.124 12.0387 -29.1757 2.5015
2 24 12.4481 -29.1398 3.5305 13.3692 -29.0226 4.737
2 24 13.3692 -29.0226 4.737 14.6166 -28.8639 5.974
2 24 14.6166 -28.8639 5.974 15.3529 -28.7702 7.0582
2 24 10 -29.445 7.0578 15.3529 -28.7702 7.0582
2 24 15.6729 -28.7295 4.0222 16.8294 -28.5823 5.4223
2 24 16.8294 -28.5823 5.4223 17.6276 -28.4808 7.0578
2 24 17.6276 -28.4808 7.0578 18.69 -28.3456 7.0574
2 24 18.6896 -28.3482 5.9896 18.69 -28.3456 7.0574
2 24 20.8082 -5.5305 7.1338 20.8036 -13.5455 7.1338
2 24 20.8082 -5.5415 6.0079 20.8082 -13.5438 6.0002
2 24 24.3452 -13.6218 6.9428 25.9983 -5.5305 7.1464
2 24 20.8036 -13.5455 7.1338 20.8082 -5.5305 7.1338
2 24 14.0779 -2.1942 1.1891 14.0653 -3.2861 0.8061
2 24 14.1151 -3.3008 2.7445 14.1746 -0.5603 2.6429
2 24 14.0945 -1.2979 1.8545 14.1746 -0.5603 2.6429
2 24 14.1108 -28.9283 2.7454 14.0742 -28.9315 0
2 24 12.0268 -35.6181 -2.6914 12.0387 -29.1757 -2.5015
2 24 10.9737 -29.3274 -3.124 12.0387 -29.1757 -2.5015
2 24 12.0268 -35.6181 -2.6914 11.1594 -40.4979 -2.9428
2 24 11.1594 -40.4979 -2.9428 10 -43.8322 -3.1448
2 24 10 -43.8322 0 10 -43.8322 -3.1448
2 24 12.0268 -35.6181 0 12.0268 -35.6181 -2.6914
2 24 11.1594 -40.4979 -2.9428 12.0268 -35.6181 -2.6914
2 24 12.0268 -35.6181 0 12.0268 -35.6181 -2.6914
2 24 12.0268 -35.6181 -2.6914 12.0387 -29.1757 -2.5015
2 24 10.9737 -29.3274 -3.124 10 -29.445 -3.2336
2 24 11.1594 -40.4979 -2.9428 10 -43.8322 -3.1448
2 24 14.6102 -0.0158 -5.9708 13.3703 -0.0158 -4.7471
2 24 13.3703 -0.0158 -4.7471 12.5101 -0.5252 -3.4325
2 24 12.0387 -3.2804 -0.8828 12.0626 -2.3269 -1.4007
2 24 14.1746 -0.5603 -2.6429 14.1151 -3.3008 -2.7445
2 24 14.1746 -0.5603 -2.6429 15.6721 -0.0158 -4.019
2 24 15.6721 -0.0158 -4.019 16.8278 -0.0158 -5.4126
2 24 14.0945 -1.2979 -1.8545 14.0779 -2.1942 -1.1891
2 24 16.8278 -0.0158 -5.4126 15.6721 -0.0158 -4.019
2 24 14.6102 -0.0158 -5.9708 13.3703 -0.0158 -4.7471
2 24 14.0816 -12.6022 0 14.0653 -12.3145 -0.8061
2 24 14.0653 -12.3145 -0.8061 12.0588 -12.3145 -0.8828
2 24 12.0387 -12.598 0 12.0588 -12.3145 -0.8828
2 24 12.5101 -0.5252 -3.4325 12.0443 -1.2979 -2.4449
2 24 14.1746 -0.5603 -2.6429 14.0945 -1.2979 -1.8545
2 24 15.6721 -0.0158 -4.019 14.1746 -0.5603 -2.6429
2 24 13.3703 -0.0158 -4.7471 12.5101 -0.5252 -3.4325
2 24 14.6102 -0.0158 -5.9708 15.3725 0 -7.1338
2 24 15.3725 0 -7.1338 15.387 -5.5305 -7.1338
2 24 17.6671 0 -7.1338 16.8278 -0.0158 -5.4126
2 24 14.6102 -0.0158 -5.9708 15.3725 0 -7.1338
2 24 18.6896 -0.0158 -6.0094 18.6896 -5.5415 -6.0079
2 24 18.6896 -0.0158 -6.0094 20.8082 -0.0158 -6.0094
2 24 20.8082 -0.0158 -6.0094 20.8082 -5.5415 -6.0079
2 24 20.8082 0 -7.1338 20.8082 -0.0158 -6.0094
2 24 18.6896 0 -7.1338 18.6896 -0.0158 -6.0094
2 24 20.8082 -0.0158 -6.0094 18.6896 -0.0158 -6.0094
2 24 18.6896 0 -7.1338 18.6896 -5.5305 -7.1338
2 24 18.6896 0 -7.1338 18.6896 -0.0158 -6.0094
2 24 18.6896 -0.0158 -6.0094 18.6896 -5.5415 -6.0079
2 24 20.8082 -5.5415 -6.0079 20.8082 -0.0158 -6.0094
2 24 20.8082 -5.5305 -7.1338 20.8082 0 -7.1338
2 24 20.8082 -0.0158 -6.0094 20.8082 0 -7.1338
2 24 14.1108 -28.9283 -2.7454 15.6729 -28.7295 -4.0222
2 24 14.1108 -28.9283 -2.7454 14.1151 -22.9429 -2.7445
2 24 15.6729 -28.7295 -4.0222 16.8294 -28.5823 -5.4223
2 24 18.6896 -28.3482 -5.9896 18.6896 -22.9429 -5.9938
2 24 18.6896 -28.3482 -5.9896 18.69 -28.3456 -7.0574
2 24 18.69 -28.3456 -7.0574 18.6896 -22.9429 -7.1338
2 24 13.3692 -29.0226 -4.737 14.6166 -28.8639 -5.974
2 24 13.3692 -29.0226 -4.737 12.4481 -29.1398 -3.5305
2 24 14.1108 -28.9283 -2.7454 14.1151 -22.9429 -2.7445
2 24 14.0742 -28.9315 0 14.1108 -28.9283 -2.7454
2 24 17.6319 -22.9429 -7.1338 17.6276 -28.4808 -7.0578
2 24 16.8294 -28.5823 -5.4223 17.6276 -28.4808 -7.0578
2 24 14.6166 -28.8639 -5.974 15.3529 -28.7702 -7.0582
2 24 15.3529 -28.7702 -7.0582 15.4327 -22.9429 -7.1338
2 24 18.6896 -28.3482 -5.9896 20.8065 -28.0729 -5.9861
2 24 18.6896 -28.3482 -5.9896 18.6896 -22.9429 -5.9938
2 24 20.8065 -28.0729 -5.9861 20.8082 -22.9429 -5.9938
2 24 20.8065 -28.0729 -5.9861 20.7964 -28.0737 -6.9771
2 24 20.8065 -28.0729 -5.9861 20.8082 -22.9429 -5.9938
2 24 20.7964 -28.0737 -6.9771 20.8067 -22.9429 -7.0597
2 24 14.1151 -22.9429 -2.7445 14.1151 -13.5251 -2.7445
2 24 18.6896 -22.9429 -7.1338 18.6896 -13.5455 -7.1338
2 24 18.6896 -22.9429 -5.9938 18.6896 -13.5438 -6.0002
2 24 18.6896 -22.9429 -5.9938 18.6896 -13.5438 -6.0002
2 24 20.8082 -22.9429 -5.9938 20.8082 -13.5438 -6.0002
2 24 20.8082 -22.9429 -5.9938 20.8082 -13.5438 -6.0002
2 24 20.8067 -22.9429 -7.0597 20.8036 -13.5455 -7.1338
2 24 14.1151 -22.9429 -2.7445 14.1151 -13.5251 -2.7445
2 24 17.6319 -22.9429 -7.1338 17.6463 -13.5455 -7.1338
2 24 15.4327 -22.9429 -7.1338 15.4043 -13.5446 -7.1339
2 24 12.0387 -12.598 0 12.0588 -12.3145 -0.8828
2 24 14.0816 -12.6022 0 14.0653 -12.3145 -0.8061
2 24 12.0387 -3.2804 -0.8828 12.0588 -12.3145 -0.8828
2 24 14.1151 -3.3008 -2.7445 14.1151 -13.5251 -2.7445
2 24 14.1151 -3.3008 -2.7445 14.1151 -13.5251 -2.7445
2 24 14.0653 -12.3145 -0.8061 14.0653 -3.2861 -0.8061
2 24 14.0653 -12.3145 -0.8061 14.0653 -3.2861 -0.8061
2 24 14.0653 -12.3145 -0.8061 12.0588 -12.3145 -0.8828
2 24 14.0653 -3.2861 -0.8061 12.0387 -3.2804 -0.8828
2 24 12.0588 -12.3145 -0.8828 12.0387 -3.2804 -0.8828
2 24 17.6463 -13.5455 -7.1338 17.6586 -5.5305 -7.1338
2 24 18.6896 -5.5305 -7.1338 18.6896 -13.5455 -7.1338
2 24 18.6896 -5.5415 -6.0079 18.6896 -13.5438 -6.0002
2 24 18.6896 -5.5415 -6.0079 18.6896 -13.5438 -6.0002
2 24 20.8082 -5.5415 -6.0079 20.8082 -13.5438 -6.0002
2 24 15.387 -5.5305 -7.1338 15.4043 -13.5446 -7.1339
2 24 16.8278 -0.0158 -5.4126 17.6671 0 -7.1338
2 24 17.6586 -5.5305 -7.1338 17.6671 0 -7.1338
2 24 15.4043 -13.5446 -7.1339 15.4327 -22.9429 -7.1338
2 24 15.4043 -13.5446 -7.1339 15.387 -5.5305 -7.1338
2 24 20.7964 -28.0737 -6.9771 21.5351 -27.9758 -6.9762
2 24 20.7964 -28.0737 -6.9771 20.8067 -22.9429 -7.0597
2 24 21.5351 -27.9758 -6.9762 22.5176 -23.0188 -6.9428
2 24 20.8067 -22.9429 -7.0597 20.8036 -13.5455 -7.1338
2 24 22.5176 -23.0188 -6.9428 23.3281 -18.9297 -6.9428
2 24 10 0 -7.1338 15.3725 0 -7.1338
2 24 15.387 -5.5305 -7.1338 15.3725 0 -7.1338
2 24 23.3281 -18.9297 -6.9428 24.3452 -13.6218 -6.9428
2 24 26.0029 0 0 25.9983 0 -7.1464
2 24 25.9983 0 -7.1464 25.9983 -5.5305 -7.1464
2 24 26.0029 -5.4942 0 25.9983 -5.5305 -7.1464
2 24 10 -29.445 -7.0578 15.3529 -28.7702 -7.0582
2 24 15.4327 -22.9429 -7.1338 15.3529 -28.7702 -7.0582
2 24 23.706 -17.0229 0 23.5685 -17.7168 -2.6155
2 24 22.5176 -23.0188 -6.9428 23.3281 -18.9297 -6.9428
2 24 22.6729 -22.2353 -5.2311 23.1899 -19.6265 -4.5303
2 24 22.5176 -23.0188 -6.9428 21.5351 -27.9758 -6.9762
2 24 22.6729 -22.2353 -5.2311 22.1571 -24.8471 -4.5303
2 24 22.1571 -24.8471 -4.5303 21.7773 -26.7539 -2.6155
2 24 20.7964 -28.0737 -6.9771 20.8065 -28.0729 -5.9861
2 24 21.5351 -27.9758 -6.9762 20.7964 -28.0737 -6.9771
2 24 24.3452 -13.6218 -6.9428 23.3281 -18.9297 -6.9428
2 24 23.5685 -17.7168 -2.6155 23.1899 -19.6265 -4.5303
2 24 21.5362 -27.9699 0 21.5351 -27.9758 -6.9762
2 24 21.6387 -27.453 0 21.7773 -26.7539 -2.6155
2 24 21.5362 -27.9699 0 21.5351 -27.9758 -6.9762
2 24 20.8082 -5.5305 -7.1338 20.8082 0 -7.1338
2 24 25.9983 -5.5305 -7.1464 25.9983 0 -7.1464
2 24 20.8082 0 -7.1338 25.9983 0 -7.1464
2 24 14.0779 -2.1942 -1.1891 14.0653 -3.2861 -0.8061
2 24 12.0626 -2.3269 -1.4007 12.0387 -3.2804 -0.8828
2 24 14.0653 -3.2861 -0.8061 12.0387 -3.2804 -0.8828
2 24 10 -29.445 -3.2336 10.9737 -29.3274 -3.124
2 24 25.0256 -25.3384 -4.5303 24.6719 -27.2531 -2.6155
2 24 22.1571 -24.8471 -4.5303 21.7773 -26.7539 -2.6155
2 24 24.5423 -27.9539 0 24.6719 -27.2531 -2.6155
2 24 21.6387 -27.453 0 21.7773 -26.7539 -2.6155
2 24 25.0256 -25.3384 -4.5303 25.5085 -22.7228 -5.2311
2 24 22.1571 -24.8471 -4.5303 22.6729 -22.2353 -5.2311
2 24 25.5085 -22.7228 -5.2311 25.9915 -20.1073 -4.5303
2 24 22.6729 -22.2353 -5.2311 23.1899 -19.6265 -4.5303
2 24 25.9915 -20.1073 -4.5303 26.345 -18.1926 -2.6155
2 24 23.1899 -19.6265 -4.5303 23.5685 -17.7168 -2.6155
2 24 26.4744 -17.4917 0 26.345 -18.1926 -2.6155
2 24 23.706 -17.0229 0 23.5685 -17.7168 -2.6155
2 24 12.5101 -0.5252 -3.4325 12.0443 -1.2979 -2.4449
2 24 12.0387 -29.1757 -2.5015 12.4481 -29.1398 -3.5305
2 24 12.0626 -2.3269 -1.4007 12.0443 -1.2979 -2.4449
2 24 12.0443 -1.2979 -2.4449 12.0626 -2.3269 -1.4007
2 24 14.0945 -1.2979 -1.8545 14.0779 -2.1942 -1.1891
2 24 24.3452 -13.6218 -6.9428 25.9983 -5.5305 -7.1464
2 24 26.0029 -5.4942 0 25.9983 -5.5305 -7.1464
2 24 18.6896 0 -7.1338 17.6671 0 -7.1338
2 24 18.6896 0 -7.1338 18.6896 -5.5305 -7.1338
2 24 17.6671 0 -7.1338 17.6586 -5.5305 -7.1338
2 24 17.6586 -5.5305 -7.1338 17.6463 -13.5455 -7.1338
2 24 18.6896 -5.5305 -7.1338 18.6896 -13.5455 -7.1338
2 24 17.6463 -13.5455 -7.1338 17.6319 -22.9429 -7.1338
2 24 18.6896 -13.5455 -7.1338 18.6896 -22.9429 -7.1338
2 24 17.6276 -28.4808 -7.0578 18.69 -28.3456 -7.0574
2 24 17.6319 -22.9429 -7.1338 17.6276 -28.4808 -7.0578
2 24 18.6896 -22.9429 -7.1338 18.69 -28.3456 -7.0574
2 24 14.1108 -28.9283 -2.7454 15.6729 -28.7295 -4.0222
2 24 20.8065 -28.0729 -5.9861 18.6896 -28.3482 -5.9896
2 24 10.9737 -29.3274 -3.124 12.0387 -29.1757 -2.5015
2 24 12.4481 -29.1398 -3.5305 12.0387 -29.1757 -2.5015
2 24 12.4481 -29.1398 -3.5305 13.3692 -29.0226 -4.737
2 24 13.3692 -29.0226 -4.737 14.6166 -28.8639 -5.974
2 24 10 -29.445 -7.0578 15.3529 -28.7702 -7.0582
2 24 14.6166 -28.8639 -5.974 15.3529 -28.7702 -7.0582
2 24 15.6729 -28.7295 -4.0222 16.8294 -28.5823 -5.4223
2 24 16.8294 -28.5823 -5.4223 17.6276 -28.4808 -7.0578
2 24 18.6896 -28.3482 -5.9896 18.69 -28.3456 -7.0574
2 24 17.6276 -28.4808 -7.0578 18.69 -28.3456 -7.0574
2 24 20.8082 -5.5415 -6.0079 20.8082 -13.5438 -6.0002
2 24 20.8082 -5.5305 -7.1338 20.8036 -13.5455 -7.1338
2 24 20.8036 -13.5455 -7.1338 20.8082 -5.5305 -7.1338
2 24 24.3452 -13.6218 -6.9428 25.9983 -5.5305 -7.1464
2 24 14.0779 -2.1942 -1.1891 14.0653 -3.2861 -0.8061
2 24 14.0945 -1.2979 -1.8545 14.1746 -0.5603 -2.6429
2 24 14.1151 -3.3008 -2.7445 14.1746 -0.5603 -2.6429
2 24 14.0742 -28.9315 0 14.1108 -28.9283 -2.7454
2 24 7.9613 -29.1757 -2.5015 7.9732 -35.6181 -2.6914
2 24 7.9613 -29.1757 -2.5015 9.0263 -29.3274 -3.124
2 24 7.9732 -35.6181 -2.6914 8.8406 -40.4979 -2.9428
2 24 10 -43.8322 0 10 -43.8322 -3.1448
2 24 8.8406 -40.4979 -2.9428 10 -43.8322 -3.1448
2 24 7.9732 -35.6181 0 7.9732 -35.6181 -2.6914
2 24 8.8406 -40.4979 -2.9428 7.9732 -35.6181 -2.6914
2 24 7.9732 -35.6181 0 7.9732 -35.6181 -2.6914
2 24 7.9613 -29.1757 -2.5015 7.9732 -35.6181 -2.6914
2 24 10 -29.445 -3.2336 9.0263 -29.3274 -3.124
2 24 10 -43.8322 -3.1448 8.8406 -40.4979 -2.9428
2 24 5.3898 -0.0158 -5.9708 6.6297 -0.0158 -4.7471
2 24 6.6297 -0.0158 -4.7471 7.4899 -0.5252 -3.4325
2 24 7.9613 -3.2804 -0.8828 7.9374 -2.3269 -1.4007
2 24 5.8254 -0.5603 -2.6429 4.3279 -0.0158 -4.019
2 24 5.8254 -0.5603 -2.6429 5.8849 -3.3008 -2.7445
2 24 4.3279 -0.0158 -4.019 3.1722 -0.0158 -5.4126
2 24 5.9221 -2.1942 -1.1891 5.9055 -1.2979 -1.8545
2 24 6.6297 -0.0158 -4.7471 5.3898 -0.0158 -5.9708
2 24 4.3279 -0.0158 -4.019 3.1722 -0.0158 -5.4126
2 24 7.9412 -12.3145 -0.8828 5.9347 -12.3145 -0.8061
2 24 7.9412 -12.3145 -0.8828 7.9613 -12.598 0
2 24 5.9347 -12.3145 -0.8061 5.9184 -12.6022 0
2 24 5.9055 -1.2979 -1.8545 5.8254 -0.5603 -2.6429
2 24 7.9557 -1.2979 -2.4449 7.4899 -0.5252 -3.4325
2 24 6.6297 -0.0158 -4.7471 7.4899 -0.5252 -3.4325
2 24 4.3279 -0.0158 -4.019 5.8254 -0.5603 -2.6429
2 24 5.3898 -0.0158 -5.9708 4.6275 0 -7.1338
2 24 4.6275 0 -7.1338 4.613 -5.5305 -7.1338
2 24 5.3898 -0.0158 -5.9708 4.6275 0 -7.1338
2 24 2.3329 0 -7.1338 3.1722 -0.0158 -5.4126
2 24 1.3105 -0.0158 -6.0094 -0.8082 -0.0158 -6.0094
2 24 1.3105 -0.0158 -6.0094 1.3105 -5.5415 -6.0079
2 24 -0.8082 -0.0158 -6.0094 -0.8082 -5.5415 -6.0079
2 24 -0.8082 0 -7.1338 -0.8082 -0.0158 -6.0094
2 24 -0.8082 -0.0158 -6.0094 1.3105 -0.0158 -6.0094
2 24 1.3105 0 -7.1338 1.3105 -0.0158 -6.0094
2 24 1.3105 0 -7.1338 1.3105 -0.0158 -6.0094
2 24 1.3105 0 -7.1338 1.3105 -5.5305 -7.1338
2 24 1.3105 -0.0158 -6.0094 1.3105 -5.5415 -6.0079
2 24 -0.8082 0 -7.1338 -0.8082 -5.5305 -7.1338
2 24 -0.8082 0 -7.1338 -0.8082 -0.0158 -6.0094
2 24 -0.8082 -0.0158 -6.0094 -0.8082 -5.5415 -6.0079
2 24 5.8892 -28.9283 -2.7454 5.8849 -22.9429 -2.7445
2 24 5.8892 -28.9283 -2.7454 4.3271 -28.7295 -4.0222
2 24 4.3271 -28.7295 -4.0222 3.1706 -28.5823 -5.4223
2 24 1.3105 -22.9429 -7.1338 1.31 -28.3456 -7.0574
2 24 1.3105 -22.9429 -5.9938 1.3105 -28.3482 -5.9896
2 24 1.31 -28.3456 -7.0574 1.3105 -28.3482 -5.9896
2 24 6.6308 -29.0226 -4.737 5.3834 -28.8639 -5.974
2 24 6.6308 -29.0226 -4.737 7.5519 -29.1398 -3.5305
2 24 5.8892 -28.9283 -2.7454 5.9258 -28.9315 0
2 24 5.8892 -28.9283 -2.7454 5.8849 -22.9429 -2.7445
2 24 2.3681 -22.9429 -7.1338 2.3724 -28.4808 -7.0578
2 24 3.1706 -28.5823 -5.4223 2.3724 -28.4808 -7.0578
2 24 5.3834 -28.8639 -5.974 4.6471 -28.7702 -7.0582
2 24 4.6471 -28.7702 -7.0582 4.5673 -22.9429 -7.1338
2 24 -0.8082 -22.9429 -5.9938 -0.8065 -28.0729 -5.9861
2 24 -0.8065 -28.0729 -5.9861 1.3105 -28.3482 -5.9896
2 24 1.3105 -22.9429 -5.9938 1.3105 -28.3482 -5.9896
2 24 -0.8066 -22.9429 -7.0597 -0.7963 -28.0737 -6.9771
2 24 -0.7963 -28.0737 -6.9771 -0.8065 -28.0729 -5.9861
2 24 -0.8082 -22.9429 -5.9938 -0.8065 -28.0729 -5.9861
2 24 5.8849 -22.9429 -2.7445 5.8849 -13.5251 -2.7445
2 24 1.3105 -22.9429 -7.1338 1.3105 -13.5455 -7.1338
2 24 1.3105 -22.9429 -5.9938 1.3105 -13.5438 -6.0002
2 24 1.3105 -22.9429 -5.9938 1.3105 -13.5438 -6.0002
2 24 -0.8082 -22.9429 -5.9938 -0.8082 -13.5438 -6.0002
2 24 -0.8082 -22.9429 -5.9938 -0.8082 -13.5438 -6.0002
2 24 -0.8066 -22.9429 -7.0597 -0.8036 -13.5455 -7.1338
2 24 5.8849 -22.9429 -2.7445 5.8849 -13.5251 -2.7445
2 24 2.3681 -22.9429 -7.1338 2.3537 -13.5455 -7.1338
2 24 4.5673 -22.9429 -7.1338 4.5957 -13.5446 -7.1339
2 24 7.9412 -12.3145 -0.8828 7.9613 -12.598 0
2 24 5.9184 -12.6022 0 5.9347 -12.3145 -0.8061
2 24 7.9613 -3.2804 -0.8828 7.9412 -12.3145 -0.8828
2 24 5.8849 -3.3008 -2.7445 5.8849 -13.5251 -2.7445
2 24 5.8849 -3.3008 -2.7445 5.8849 -13.5251 -2.7445
2 24 5.9347 -12.3145 -0.8061 5.9347 -3.2861 -0.8061
2 24 7.9613 -3.2804 -0.8828 5.9347 -3.2861 -0.8061
2 24 7.9613 -3.2804 -0.8828 7.9412 -12.3145 -0.8828
2 24 5.9347 -3.2861 -0.8061 5.9347 -12.3145 -0.8061
2 24 7.9412 -12.3145 -0.8828 5.9347 -12.3145 -0.8061
2 24 2.3537 -13.5455 -7.1338 2.3414 -5.5305 -7.1338
2 24 1.3105 -5.5305 -7.1338 1.3105 -13.5455 -7.1338
2 24 1.3105 -5.5415 -6.0079 1.3105 -13.5438 -6.0002
2 24 1.3105 -5.5415 -6.0079 1.3105 -13.5438 -6.0002
2 24 -0.8082 -5.5415 -6.0079 -0.8082 -13.5438 -6.0002
2 24 4.613 -5.5305 -7.1338 4.5957 -13.5446 -7.1339
2 24 3.1722 -0.0158 -5.4126 2.3329 0 -7.1338
2 24 2.3414 -5.5305 -7.1338 2.3329 0 -7.1338
2 24 4.5957 -13.5446 -7.1339 4.5673 -22.9429 -7.1338
2 24 4.5957 -13.5446 -7.1339 4.613 -5.5305 -7.1338
2 24 -2.5176 -23.0188 -6.9428 -1.5351 -27.9758 -6.9762
2 24 -1.5351 -27.9758 -6.9762 -0.7963 -28.0737 -6.9771
2 24 -0.8066 -22.9429 -7.0597 -0.7963 -28.0737 -6.9771
2 24 -0.8066 -22.9429 -7.0597 -0.8036 -13.5455 -7.1338
2 24 -2.5176 -23.0188 -6.9428 -3.328 -18.9297 -6.9428
2 24 4.613 -5.5305 -7.1338 4.6275 0 -7.1338
2 24 10 0 -7.1338 4.6275 0 -7.1338
2 24 -3.328 -18.9297 -6.9428 -4.3452 -13.6218 -6.9428
2 24 -6.0029 0 0 -5.9983 0 -7.1464
2 24 -6.0029 -5.4942 0 -5.9983 -5.5305 -7.1464
2 24 -5.9983 0 -7.1464 -5.9983 -5.5305 -7.1464
2 24 4.5673 -22.9429 -7.1338 4.6471 -28.7702 -7.0582
2 24 10 -29.445 -7.0578 4.6471 -28.7702 -7.0582
2 24 -3.5685 -17.7168 -2.6155 -3.706 -17.0229 0
2 24 -2.5176 -23.0188 -6.9428 -3.328 -18.9297 -6.9428
2 24 -2.6729 -22.2353 -5.2311 -3.1899 -19.6265 -4.5303
2 24 -2.5176 -23.0188 -6.9428 -1.5351 -27.9758 -6.9762
2 24 -2.6729 -22.2353 -5.2311 -2.1571 -24.8471 -4.5303
2 24 -2.1571 -24.8471 -4.5303 -1.7773 -26.7539 -2.6155
2 24 -0.8065 -28.0729 -5.9861 -0.7963 -28.0737 -6.9771
2 24 -1.5351 -27.9758 -6.9762 -0.7963 -28.0737 -6.9771
2 24 -3.5685 -17.7168 -2.6155 -3.1899 -19.6265 -4.5303
2 24 -4.3452 -13.6218 -6.9428 -3.328 -18.9297 -6.9428
2 24 -1.5351 -27.9758 -6.9762 -1.5362 -27.9699 0
2 24 -1.7773 -26.7539 -2.6155 -1.6387 -27.453 0
2 24 -1.5351 -27.9758 -6.9762 -1.5362 -27.9699 0
2 24 -0.8082 -5.5305 -7.1338 -0.8082 0 -7.1338
2 24 -0.8082 0 -7.1338 -5.9983 0 -7.1464
2 24 -5.9983 -5.5305 -7.1464 -5.9983 0 -7.1464
2 24 5.9221 -2.1942 -1.1891 5.9347 -3.2861 -0.8061
2 24 5.9347 -3.2861 -0.8061 7.9613 -3.2804 -0.8828
2 24 7.9374 -2.3269 -1.4007 7.9613 -3.2804 -0.8828
2 24 10 -29.445 -3.2336 9.0263 -29.3274 -3.124
2 24 -1.7773 -26.7539 -2.6155 -2.1571 -24.8471 -4.5303
2 24 -4.6719 -27.2531 -2.6155 -5.0257 -25.3384 -4.5303
2 24 -1.7773 -26.7539 -2.6155 -1.6387 -27.453 0
2 24 -4.6719 -27.2531 -2.6155 -4.5423 -27.9539 0
2 24 -2.1571 -24.8471 -4.5303 -2.6729 -22.2353 -5.2311
2 24 -5.0257 -25.3384 -4.5303 -5.5086 -22.7228 -5.2311
2 24 -2.6729 -22.2353 -5.2311 -3.1899 -19.6265 -4.5303
2 24 -5.5086 -22.7228 -5.2311 -5.9915 -20.1073 -4.5303
2 24 -3.1899 -19.6265 -4.5303 -3.5685 -17.7168 -2.6155
2 24 -5.9915 -20.1073 -4.5303 -6.345 -18.1926 -2.6155
2 24 -3.5685 -17.7168 -2.6155 -3.706 -17.0229 0
2 24 -6.345 -18.1926 -2.6155 -6.4744 -17.4917 0
2 24 7.4899 -0.5252 -3.4325 7.9557 -1.2979 -2.4449
2 24 7.9613 -29.1757 -2.5015 7.5519 -29.1398 -3.5305
2 24 7.9374 -2.3269 -1.4007 7.9557 -1.2979 -2.4449
2 24 5.9055 -1.2979 -1.8545 5.9221 -2.1942 -1.1891
2 24 7.9557 -1.2979 -2.4449 7.9374 -2.3269 -1.4007
2 24 -4.3452 -13.6218 -6.9428 -5.9983 -5.5305 -7.1464
2 24 -5.9983 -5.5305 -7.1464 -6.0029 -5.4942 0
2 24 1.3105 0 -7.1338 1.3105 -5.5305 -7.1338
2 24 1.3105 0 -7.1338 2.3329 0 -7.1338
2 24 2.3329 0 -7.1338 2.3414 -5.5305 -7.1338
2 24 2.3414 -5.5305 -7.1338 2.3537 -13.5455 -7.1338
2 24 1.3105 -5.5305 -7.1338 1.3105 -13.5455 -7.1338
2 24 2.3537 -13.5455 -7.1338 2.3681 -22.9429 -7.1338
2 24 1.3105 -13.5455 -7.1338 1.3105 -22.9429 -7.1338
2 24 1.3105 -22.9429 -7.1338 1.31 -28.3456 -7.0574
2 24 1.31 -28.3456 -7.0574 2.3724 -28.4808 -7.0578
2 24 2.3681 -22.9429 -7.1338 2.3724 -28.4808 -7.0578
2 24 5.8892 -28.9283 -2.7454 4.3271 -28.7295 -4.0222
2 24 -0.8065 -28.0729 -5.9861 1.3105 -28.3482 -5.9896
2 24 7.5519 -29.1398 -3.5305 7.9613 -29.1757 -2.5015
2 24 9.0263 -29.3274 -3.124 7.9613 -29.1757 -2.5015
2 24 7.5519 -29.1398 -3.5305 6.6308 -29.0226 -4.737
2 24 6.6308 -29.0226 -4.737 5.3834 -28.8639 -5.974
2 24 5.3834 -28.8639 -5.974 4.6471 -28.7702 -7.0582
2 24 10 -29.445 -7.0578 4.6471 -28.7702 -7.0582
2 24 4.3271 -28.7295 -4.0222 3.1706 -28.5823 -5.4223
2 24 3.1706 -28.5823 -5.4223 2.3724 -28.4808 -7.0578
2 24 2.3724 -28.4808 -7.0578 1.31 -28.3456 -7.0574
2 24 1.3105 -28.3482 -5.9896 1.31 -28.3456 -7.0574
2 24 -0.8082 -5.5305 -7.1338 -0.8036 -13.5455 -7.1338
2 24 -0.8082 -5.5415 -6.0079 -0.8082 -13.5438 -6.0002
2 24 -4.3452 -13.6218 -6.9428 -5.9983 -5.5305 -7.1464
2 24 -0.8036 -13.5455 -7.1338 -0.8082 -5.5305 -7.1338
2 24 5.9221 -2.1942 -1.1891 5.9347 -3.2861 -0.8061
2 24 5.8849 -3.3008 -2.7445 5.8254 -0.5603 -2.6429
2 24 5.9055 -1.2979 -1.8545 5.8254 -0.5603 -2.6429
2 24 5.8892 -28.9283 -2.7454 5.9258 -28.9315 0
2 24 7.9732 -35.6181 2.6914 7.9613 -29.1757 2.5015
2 24 9.0263 -29.3274 3.124 7.9613 -29.1757 2.5015
2 24 7.9732 -35.6181 2.6914 8.8406 -40.4979 2.9428
2 24 8.8406 -40.4979 2.9428 10 -43.8322 3.1448
2 24 10 -43.8322 0 10 -43.8322 3.1448
2 24 7.9732 -35.6181 0 7.9732 -35.6181 2.6914
2 24 8.8406 -40.4979 2.9428 7.9732 -35.6181 2.6914
2 24 7.9732 -35.6181 0 7.9732 -35.6181 2.6914
2 24 7.9732 -35.6181 2.6914 7.9613 -29.1757 2.5015
2 24 10 -29.445 3.2336 9.0263 -29.3274 3.124
2 24 10 -43.8322 3.1448 8.8406 -40.4979 2.9428
2 24 5.3898 -0.0158 5.9708 6.6297 -0.0158 4.7471
2 24 6.6297 -0.0158 4.7471 7.4899 -0.5252 3.4325
2 24 7.9613 -3.2804 0.8828 7.9374 -2.3269 1.4007
2 24 5.8254 -0.5603 2.6429 5.8849 -3.3008 2.7445
2 24 5.8254 -0.5603 2.6429 4.3279 -0.0158 4.019
2 24 4.3279 -0.0158 4.019 3.1722 -0.0158 5.4126
2 24 5.9055 -1.2979 1.8545 5.9221 -2.1942 1.1891
2 24 3.1722 -0.0158 5.4126 4.3279 -0.0158 4.019
2 24 5.3898 -0.0158 5.9708 6.6297 -0.0158 4.7471
2 24 5.9184 -12.6022 0 5.9347 -12.3145 0.8061
2 24 5.9347 -12.3145 0.8061 7.9412 -12.3145 0.8828
2 24 7.9613 -12.598 0 7.9412 -12.3145 0.8828
2 24 7.4899 -0.5252 3.4325 7.9557 -1.2979 2.4449
2 24 5.8254 -0.5603 2.6429 5.9055 -1.2979 1.8545
2 24 4.3279 -0.0158 4.019 5.8254 -0.5603 2.6429
2 24 6.6297 -0.0158 4.7471 7.4899 -0.5252 3.4325
2 24 5.3898 -0.0158 5.9708 4.6275 0 7.1338
2 24 4.6275 0 7.1338 4.613 -5.5305 7.1338
2 24 3.1722 -0.0158 5.4126 2.3329 0 7.1338
2 24 4.6275 0 7.1338 5.3898 -0.0158 5.9708
2 24 1.3105 -0.0158 6.0094 1.3105 -5.5415 6.0079
2 24 1.3105 -0.0158 6.0094 -0.8082 -0.0158 6.0094
2 24 -0.8082 -0.0158 6.0094 -0.8082 -5.5415 6.0079
2 24 -0.8082 0 7.1338 -0.8082 -0.0158 6.0094
2 24 1.3105 0 7.1338 1.3105 -0.0158 6.0094
2 24 -0.8082 -0.0158 6.0094 1.3105 -0.0158 6.0094
2 24 1.3105 0 7.1338 1.3105 -5.5305 7.1338
2 24 1.3105 0 7.1338 1.3105 -0.0158 6.0094
2 24 1.3105 -0.0158 6.0094 1.3105 -5.5415 6.0079
2 24 -0.8082 -5.5415 6.0079 -0.8082 -0.0158 6.0094
2 24 -0.8082 -5.5305 7.1338 -0.8082 0 7.1338
2 24 -0.8082 -0.0158 6.0094 -0.8082 0 7.1338
2 24 5.8892 -28.9283 2.7454 4.3271 -28.7295 4.0222
2 24 5.8892 -28.9283 2.7454 5.8849 -22.9429 2.7445
2 24 4.3271 -28.7295 4.0222 3.1706 -28.5823 5.4223
2 24 1.3105 -28.3482 5.9896 1.3105 -22.9429 5.9938
2 24 1.3105 -28.3482 5.9896 1.31 -28.3456 7.0574
2 24 1.31 -28.3456 7.0574 1.3105 -22.9429 7.1338
2 24 6.6308 -29.0226 4.737 5.3834 -28.8639 5.974
2 24 6.6308 -29.0226 4.737 7.5519 -29.1398 3.5305
2 24 5.8892 -28.9283 2.7454 5.8849 -22.9429 2.7445
2 24 5.9258 -28.9315 0 5.8892 -28.9283 2.7454
2 24 2.3681 -22.9429 7.1338 2.3724 -28.4808 7.0578
2 24 3.1706 -28.5823 5.4223 2.3724 -28.4808 7.0578
2 24 5.3834 -28.8639 5.974 4.6471 -28.7702 7.0582
2 24 4.6471 -28.7702 7.0582 4.5673 -22.9429 7.1338
2 24 1.3105 -28.3482 5.9896 -0.8065 -28.0729 5.9861
2 24 1.3105 -28.3482 5.9896 1.3105 -22.9429 5.9938
2 24 -0.8065 -28.0729 5.9861 -0.8082 -22.9429 5.9938
2 24 -0.8065 -28.0729 5.9861 -0.7963 -28.0737 6.9771
2 24 -0.8065 -28.0729 5.9861 -0.8082 -22.9429 5.9938
2 24 -0.7963 -28.0737 6.9771 -0.8066 -22.9429 7.0597
2 24 5.8849 -22.9429 2.7445 5.8849 -13.5251 2.7445
2 24 1.3105 -22.9429 7.1338 1.3105 -13.5455 7.1338
2 24 1.3105 -22.9429 5.9938 1.3105 -13.5438 6.0002
2 24 1.3105 -22.9429 5.9938 1.3105 -13.5438 6.0002
2 24 -0.8082 -22.9429 5.9938 -0.8082 -13.5438 6.0002
2 24 -0.8082 -22.9429 5.9938 -0.8082 -13.5438 6.0002
2 24 -0.8066 -22.9429 7.0597 -0.8036 -13.5455 7.1338
2 24 5.8849 -22.9429 2.7445 5.8849 -13.5251 2.7445
2 24 2.3681 -22.9429 7.1338 2.3537 -13.5455 7.1338
2 24 4.5673 -22.9429 7.1338 4.5957 -13.5446 7.1339
2 24 7.9613 -12.598 0 7.9412 -12.3145 0.8828
2 24 5.9184 -12.6022 0 5.9347 -12.3145 0.8061
2 24 7.9613 -3.2804 0.8828 7.9412 -12.3145 0.8828
2 24 5.8849 -3.3008 2.7445 5.8849 -13.5251 2.7445
2 24 5.8849 -3.3008 2.7445 5.8849 -13.5251 2.7445
2 24 5.9347 -12.3145 0.8061 5.9347 -3.2861 0.8061
2 24 5.9347 -12.3145 0.8061 5.9347 -3.2861 0.8061
2 24 5.9347 -12.3145 0.8061 7.9412 -12.3145 0.8828
2 24 5.9347 -3.2861 0.8061 7.9613 -3.2804 0.8828
2 24 7.9412 -12.3145 0.8828 7.9613 -3.2804 0.8828
2 24 2.3537 -13.5455 7.1338 2.3414 -5.5305 7.1338
2 24 1.3105 -5.5305 7.1338 1.3105 -13.5455 7.1338
2 24 1.3105 -5.5415 6.0079 1.3105 -13.5438 6.0002
2 24 1.3105 -5.5415 6.0079 1.3105 -13.5438 6.0002
2 24 -0.8082 -5.5415 6.0079 -0.8082 -13.5438 6.0002
2 24 4.613 -5.5305 7.1338 4.5957 -13.5446 7.1339
2 24 3.1722 -0.0158 5.4126 2.3329 0 7.1338
2 24 2.3414 -5.5305 7.1338 2.3329 0 7.1338
2 24 4.5957 -13.5446 7.1339 4.5673 -22.9429 7.1338
2 24 4.5957 -13.5446 7.1339 4.613 -5.5305 7.1338
2 24 -0.7963 -28.0737 6.9771 -1.5351 -27.9758 6.9762
2 24 -0.7963 -28.0737 6.9771 -0.8066 -22.9429 7.0597
2 24 -1.5351 -27.9758 6.9762 -2.5176 -23.0188 6.9428
2 24 -0.8066 -22.9429 7.0597 -0.8036 -13.5455 7.1338
2 24 -2.5176 -23.0188 6.9428 -3.328 -18.9297 6.9428
2 24 10 0 7.1338 4.6275 0 7.1338
2 24 4.613 -5.5305 7.1338 4.6275 0 7.1338
2 24 -3.328 -18.9297 6.9428 -4.3452 -13.6218 6.9428
2 24 -6.0029 0 0 -5.9983 0 7.1464
2 24 -5.9983 0 7.1464 -5.9983 -5.5305 7.1464
2 24 -6.0029 -5.4942 0 -5.9983 -5.5305 7.1464
2 24 10 -29.445 7.0578 4.6471 -28.7702 7.0582
2 24 4.5673 -22.9429 7.1338 4.6471 -28.7702 7.0582
2 24 -3.706 -17.0229 0 -3.5685 -17.7168 2.6155
2 24 -2.5176 -23.0188 6.9428 -3.328 -18.9297 6.9428
2 24 -2.6729 -22.2353 5.2311 -3.1899 -19.6265 4.5303
2 24 -2.5176 -23.0188 6.9428 -1.5351 -27.9758 6.9762
2 24 -2.6729 -22.2353 5.2311 -2.1571 -24.8471 4.5303
2 24 -2.1571 -24.8471 4.5303 -1.7773 -26.7539 2.6155
2 24 -0.7963 -28.0737 6.9771 -0.8065 -28.0729 5.9861
2 24 -1.5351 -27.9758 6.9762 -0.7963 -28.0737 6.9771
2 24 -4.3452 -13.6218 6.9428 -3.328 -18.9297 6.9428
2 24 -3.5685 -17.7168 2.6155 -3.1899 -19.6265 4.5303
2 24 -1.5362 -27.9699 0 -1.5351 -27.9758 6.9762
2 24 -1.6387 -27.453 0 -1.7773 -26.7539 2.6155
2 24 -1.5362 -27.9699 0 -1.5351 -27.9758 6.9762
2 24 -0.8082 -5.5305 7.1338 -0.8082 0 7.1338
2 24 -5.9983 -5.5305 7.1464 -5.9983 0 7.1464
2 24 -0.8082 0 7.1338 -5.9983 0 7.1464
2 24 5.9221 -2.1942 1.1891 5.9347 -3.2861 0.8061
2 24 7.9374 -2.3269 1.4007 7.9613 -3.2804 0.8828
2 24 5.9347 -3.2861 0.8061 7.9613 -3.2804 0.8828
2 24 10 -29.445 3.2336 9.0263 -29.3274 3.124
2 24 -5.0257 -25.3384 4.5303 -4.6719 -27.2531 2.6155
2 24 -2.1571 -24.8471 4.5303 -1.7773 -26.7539 2.6155
2 24 -4.5423 -27.9539 0 -4.6719 -27.2531 2.6155
2 24 -1.6387 -27.453 0 -1.7773 -26.7539 2.6155
2 24 -5.0257 -25.3384 4.5303 -5.5086 -22.7228 5.2311
2 24 -2.1571 -24.8471 4.5303 -2.6729 -22.2353 5.2311
2 24 -5.5086 -22.7228 5.2311 -5.9915 -20.1073 4.5303
2 24 -2.6729 -22.2353 5.2311 -3.1899 -19.6265 4.5303
2 24 -5.9915 -20.1073 4.5303 -6.345 -18.1926 2.6155
2 24 -3.1899 -19.6265 4.5303 -3.5685 -17.7168 2.6155
2 24 -6.4744 -17.4917 0 -6.345 -18.1926 2.6155
2 24 -3.706 -17.0229 0 -3.5685 -17.7168 2.6155
2 24 7.4899 -0.5252 3.4325 7.9557 -1.2979 2.4449
2 24 7.9613 -29.1757 2.5015 7.5519 -29.1398 3.5305
2 24 7.9374 -2.3269 1.4007 7.9557 -1.2979 2.4449
2 24 7.9557 -1.2979 2.4449 7.9374 -2.3269 1.4007
2 24 5.9055 -1.2979 1.8545 5.9221 -2.1942 1.1891
2 24 -4.3452 -13.6218 6.9428 -5.9983 -5.5305 7.1464
2 24 -6.0029 -5.4942 0 -5.9983 -5.5305 7.1464
2 24 1.3105 0 7.1338 2.3329 0 7.1338
2 24 1.3105 0 7.1338 1.3105 -5.5305 7.1338
2 24 2.3329 0 7.1338 2.3414 -5.5305 7.1338
2 24 2.3414 -5.5305 7.1338 2.3537 -13.5455 7.1338
2 24 1.3105 -5.5305 7.1338 1.3105 -13.5455 7.1338
2 24 2.3537 -13.5455 7.1338 2.3681 -22.9429 7.1338
2 24 1.3105 -13.5455 7.1338 1.3105 -22.9429 7.1338
2 24 2.3724 -28.4808 7.0578 1.31 -28.3456 7.0574
2 24 2.3681 -22.9429 7.1338 2.3724 -28.4808 7.0578
2 24 1.3105 -22.9429 7.1338 1.31 -28.3456 7.0574
2 24 5.8892 -28.9283 2.7454 4.3271 -28.7295 4.0222
2 24 -0.8065 -28.0729 5.9861 1.3105 -28.3482 5.9896
2 24 9.0263 -29.3274 3.124 7.9613 -29.1757 2.5015
2 24 7.5519 -29.1398 3.5305 7.9613 -29.1757 2.5015
2 24 7.5519 -29.1398 3.5305 6.6308 -29.0226 4.737
2 24 6.6308 -29.0226 4.737 5.3834 -28.8639 5.974
2 24 10 -29.445 7.0578 4.6471 -28.7702 7.0582
2 24 5.3834 -28.8639 5.974 4.6471 -28.7702 7.0582
2 24 4.3271 -28.7295 4.0222 3.1706 -28.5823 5.4223
2 24 3.1706 -28.5823 5.4223 2.3724 -28.4808 7.0578
2 24 1.3105 -28.3482 5.9896 1.31 -28.3456 7.0574
2 24 2.3724 -28.4808 7.0578 1.31 -28.3456 7.0574
2 24 -0.8082 -5.5415 6.0079 -0.8082 -13.5438 6.0002
2 24 -0.8082 -5.5305 7.1338 -0.8036 -13.5455 7.1338
2 24 -0.8036 -13.5455 7.1338 -0.8082 -5.5305 7.1338
2 24 -4.3452 -13.6218 6.9428 -5.9983 -5.5305 7.1464
2 24 5.9221 -2.1942 1.1891 5.9347 -3.2861 0.8061
2 24 5.9055 -1.2979 1.8545 5.8254 -0.5603 2.6429
2 24 5.8849 -3.3008 2.7445 5.8254 -0.5603 2.6429
2 24 5.9258 -28.9315 0 5.8892 -28.9283 2.7454
2 24 -7.9991 0 10 9.9781 0 10
2 24 2.3329 0 7.1338 1.3105 0 7.1338
2 24 -5.9983 0 -7.1464 -0.8082 0 -7.1338
2 24 -5.9983 0 7.1464 -0.8082 0 7.1338
2 24 25.9983 0 7.1464 20.8082 0 7.1338
2 24 4.6275 0 -7.1338 10 0 -7.1338
2 24 15.3725 0 -7.1338 10 0 -7.1338
2 24 25.9983 0 -7.1464 20.8082 0 -7.1338
2 24 9.9781 0 10 27.9991 0 10
2 24 17.6671 0 7.1338 18.6896 0 7.1338
2 24 9.8068 -31.1205 -10.4554 22.1252 -31.0907 -10.466
2 24 22.1252 -31.0907 -10.466 22.8663 -29.5365 -10.7992
2 24 24.2168 -22.4283 -10.7996 25.7382 -14.4245 -10.7998
2 24 10.1598 -0.6606 -10.8 28.014 -0.6606 -10.7999
2 24 28.0261 -2.428 -10.7999 28.014 -0.6606 -10.7999
2 24 -2.8671 -29.5361 -10.7992 -2.1262 -31.0917 -10.4656
2 24 9.8068 -31.1205 -10.4554 -2.1262 -31.0917 -10.4656
2 24 -5.7031 -14.6077 -10.7998 -4.2749 -22.1248 -10.7996
2 24 10.1598 -0.6606 -10.8 -8.0139 -0.6606 -10.7999
2 24 -8.0139 -0.6606 -10.7999 -8.0259 -2.4279 -10.7999
2 24 22.8663 -29.5365 -10.7992 24.2168 -22.4283 -10.7996
2 24 -2.8671 -29.5361 -10.7992 -4.2749 -22.1248 -10.7996
2 24 -5.7031 -14.6077 -10.7998 -8.0259 -2.4279 -10.7999
2 24 25.7382 -14.4245 -10.7998 28.0261 -2.428 -10.7999
2 24 -2.8644 -29.5354 10.7242 -2.1225 -31.0659 10.3953
2 24 -2.1225 -31.0659 10.3953 10.0945 -31.0926 10.3858
2 24 -8.0247 -2.4277 10.7249 -5.7693 -14.2529 10.7248
2 24 -8.0247 -2.4277 10.7249 -8.0129 -0.6606 10.7249
2 24 -8.0129 -0.6606 10.7249 9.9801 -0.6606 10.725
2 24 10.0945 -31.0926 10.3858 22.1227 -31.066 10.3952
2 24 22.1227 -31.066 10.3952 22.8645 -29.536 10.7242
2 24 25.7621 -14.2916 10.7248 28.0247 -2.4277 10.7249
2 24 9.9801 -0.6606 10.725 28.0129 -0.6606 10.7249
2 24 28.0247 -2.4277 10.7249 28.0129 -0.6606 10.7249
2 24 -2.8644 -29.5354 10.7242 -4.1444 -22.7945 10.7247
2 24 22.8645 -29.536 10.7242 24.0867 -23.0978 10.7247
2 24 -5.7693 -14.2529 10.7248 -4.1444 -22.7945 10.7247
2 24 25.7621 -14.2916 10.7248 24.0867 -23.0978 10.7247
0 STEP
